Instituicao;Descricao_Curso;Modalidade;Desc_Disciplina;Semestre_Letivo;Sit_Disciplina_Aluno;qtd_alunos;percentual
Campus Cachoeiro de Itapemirim;Técnico em Eletromecânica;Concomitante;Eletrônica;2022/1;Aprovado;1;100.000 %
Campus Cachoeiro de Itapemirim;Técnico em Eletromecânica;Concomitante;Eletrônica;2024/1;Aprovado;3;100.000 %
Campus Cachoeiro de Itapemirim;Técnico em Eletromecânica;Concomitante;Eletrônica;2024/1;Aprovado;1;100.000 %
Campus Cachoeiro de Itapemirim;Técnico em Eletromecânica;Concomitante;Eletrônica;2025/1;Aprovado;2;100.000 %
Campus Cachoeiro de Itapemirim;Técnico em Eletromecânica;Concomitante;Eletrônica;2025/1;Aprovado;2;100.000 %
Campus Cachoeiro de Itapemirim;Técnico em Eletromecânica;Concomitante;Eletrônica;2025/2;Aprovado;11;100.000 %
Campus Cachoeiro de Itapemirim;Técnico em Eletromecânica;Concomitante;Eletrônica;2026/1;Aprovado;9;90.000 %
Campus Cachoeiro de Itapemirim;Técnico em Eletromecânica;Concomitante;Eletrônica;2026/1;Aprovado /Rep. no Módulo;1;10.000 %
Campus Cachoeiro de Itapemirim;Técnico em Eletromecânica;Concomitante;Inglês técnico;2026/1;Aprovado;9;90.000 %
Campus Cachoeiro de Itapemirim;Técnico em Eletromecânica;Concomitante;Inglês técnico;2026/1;Reprovado;1;10.000 %
Campus Cachoeiro de Itapemirim;Técnico em Eletromecânica;Concomitante;Inglês técnico;2025/2;Aprovado;11;100.000 %
Campus Cachoeiro de Itapemirim;Técnico em Eletromecânica;Concomitante;Inglês técnico;2025/1;Aprovado;4;100.000 %
Campus Cachoeiro de Itapemirim;Técnico em Eletromecânica;Concomitante;Inglês técnico;2024/1;Aprovado;4;100.000 %
Campus Cachoeiro de Itapemirim;Técnico em Eletromecânica;Concomitante;Inglês técnico;2022/1;Aprovado;1;100.000 %
Campus Cachoeiro de Itapemirim;Técnico em Eletromecânica;Concomitante;Gestão empreendedora;2022/2;Aprovado;1;100.000 %
Campus Cachoeiro de Itapemirim;Técnico em Eletromecânica;Concomitante;Gestão empreendedora;2024/2;Aprovado /Rep. no Módulo;1;33.330 %
Campus Cachoeiro de Itapemirim;Técnico em Eletromecânica;Concomitante;Gestão empreendedora;2024/2;Aprovado;2;66.670 %
Campus Cachoeiro de Itapemirim;Técnico em Eletromecânica;Concomitante;Gestão empreendedora;2025/2;Reprovado;1;33.330 %
Campus Cachoeiro de Itapemirim;Técnico em Eletromecânica;Concomitante;Gestão empreendedora;2025/2;Aprovado;2;66.670 %
Campus Cachoeiro de Itapemirim;Técnico em Eletromecânica;Concomitante;Gestão empreendedora;2026/1;Reprovado;1;8.330 %
Campus Cachoeiro de Itapemirim;Técnico em Eletromecânica;Concomitante;Gestão empreendedora;2026/1;Aprovado;10;83.330 %
Campus Cachoeiro de Itapemirim;Técnico em Eletromecânica;Concomitante;Gestão empreendedora;2026/1;Aproveit. Disciplina;1;8.330 %
Campus Cachoeiro de Itapemirim;Técnico em Eletromecânica;Concomitante;Máquinas elétricas;2026/1;Aprovado;1;100.000 %
Campus Cachoeiro de Itapemirim;Técnico em Eletromecânica;Concomitante;Máquinas elétricas;2026/1;Aprovado;10;100.000 %
Campus Cachoeiro de Itapemirim;Técnico em Eletromecânica;Concomitante;Máquinas elétricas;2025/2;Aprovado;1;100.000 %
Campus Cachoeiro de Itapemirim;Técnico em Eletromecânica;Concomitante;Máquinas elétricas;2025/2;Aprovado;2;100.000 %
Campus Cachoeiro de Itapemirim;Técnico em Eletromecânica;Concomitante;Máquinas elétricas;2024/2;Aprovado;1;100.000 %
Campus Cachoeiro de Itapemirim;Técnico em Eletromecânica;Concomitante;Máquinas elétricas;2024/2;Aprovado;1;50.000 %
Campus Cachoeiro de Itapemirim;Técnico em Eletromecânica;Concomitante;Máquinas elétricas;2024/2;Reprovado;1;50.000 %
Campus Cachoeiro de Itapemirim;Técnico em Eletromecânica;Concomitante;Máquinas elétricas;2022/2;Aprovado;1;100.000 %
Campus Cachoeiro de Itapemirim;Técnico em Eletromecânica;Concomitante;Automação industrial;2023/1;Aprovado;1;100.000 %
Campus Cachoeiro de Itapemirim;Técnico em Eletromecânica;Concomitante;Automação industrial;2026/1;Aprovado;1;50.000 %
Campus Cachoeiro de Itapemirim;Técnico em Eletromecânica;Concomitante;Automação industrial;2026/1;Reprovado;1;50.000 %
Campus Cachoeiro de Itapemirim;Técnico em Eletromecânica;Concomitante;Automação industrial;2025/1;Aprovado;1;100.000 %
Campus Cachoeiro de Itapemirim;Técnico em Eletromecânica;Concomitante;Automação industrial;2025/1;Aprovado;1;100.000 %
Campus Cachoeiro de Itapemirim;Técnico em Eletromecânica;Concomitante;Máquinas térmicas;2025/1;Aprovado;2;100.000 %
Campus Cachoeiro de Itapemirim;Técnico em Eletromecânica;Concomitante;Máquinas térmicas;2026/1;Reprovado;1;50.000 %
Campus Cachoeiro de Itapemirim;Técnico em Eletromecânica;Concomitante;Máquinas térmicas;2026/1;Aprovado;1;50.000 %
Campus Cachoeiro de Itapemirim;Técnico em Eletromecânica;Concomitante;Máquinas térmicas;2023/1;Aprovado;1;100.000 %
Campus Cachoeiro de Itapemirim;Técnico em Eletromecânica;Concomitante;Hidráulica e pneumática;2023/1;Aprovado;1;100.000 %
Campus Cachoeiro de Itapemirim;Técnico em Eletromecânica;Concomitante;Hidráulica e pneumática;2026/1;Aprovado;1;50.000 %
Campus Cachoeiro de Itapemirim;Técnico em Eletromecânica;Concomitante;Hidráulica e pneumática;2026/1;Reprovado;1;50.000 %
Campus Cachoeiro de Itapemirim;Técnico em Eletromecânica;Concomitante;Hidráulica e pneumática;2025/1;Aprovado;1;100.000 %
Campus Cachoeiro de Itapemirim;Técnico em Eletromecânica;Concomitante;Hidráulica e pneumática;2025/1;Aprovado;1;100.000 %
Campus Cachoeiro de Itapemirim;Técnico em Eletromecânica;Concomitante;Legislação trabalhista;2026/1;Aprovado;10;83.330 %
Campus Cachoeiro de Itapemirim;Técnico em Eletromecânica;Concomitante;Legislação trabalhista;2026/1;Aproveit. Disciplina;1;8.330 %
Campus Cachoeiro de Itapemirim;Técnico em Eletromecânica;Concomitante;Legislação trabalhista;2026/1;Reprovado;1;100.000 %
Campus Cachoeiro de Itapemirim;Técnico em Eletromecânica;Concomitante;Legislação trabalhista;2026/1;Reprovado;1;8.330 %
Campus Cachoeiro de Itapemirim;Técnico em Eletromecânica;Concomitante;Legislação trabalhista;2025/2;Aprovado;1;33.330 %
Campus Cachoeiro de Itapemirim;Técnico em Eletromecânica;Concomitante;Legislação trabalhista;2025/2;Reprovado;2;66.670 %
Campus Cachoeiro de Itapemirim;Técnico em Eletromecânica;Concomitante;Legislação trabalhista;2024/2;Aprovado /Rep. no Módulo;1;33.330 %
Campus Cachoeiro de Itapemirim;Técnico em Eletromecânica;Concomitante;Legislação trabalhista;2024/2;Aprovado;2;66.670 %
Campus Cachoeiro de Itapemirim;Técnico em Eletromecânica;Concomitante;Legislação trabalhista;2022/2;Aprovado;1;100.000 %
Campus Cachoeiro de Itapemirim;Técnico em Eletromecânica;Concomitante;Planejamento e controle da manutenção;2022/2;Aprovado;1;100.000 %
Campus Cachoeiro de Itapemirim;Técnico em Eletromecânica;Concomitante;Planejamento e controle da manutenção;2024/2;Aprovado;2;66.670 %
Campus Cachoeiro de Itapemirim;Técnico em Eletromecânica;Concomitante;Planejamento e controle da manutenção;2024/2;Reprovado;1;33.330 %
Campus Cachoeiro de Itapemirim;Técnico em Eletromecânica;Concomitante;Planejamento e controle da manutenção;2025/2;Reprovado;1;33.330 %
Campus Cachoeiro de Itapemirim;Técnico em Eletromecânica;Concomitante;Planejamento e controle da manutenção;2025/2;Aprovado;2;66.670 %
Campus Cachoeiro de Itapemirim;Técnico em Eletromecânica;Concomitante;Planejamento e controle da manutenção;2026/1;Aprovado;11;91.670 %
Campus Cachoeiro de Itapemirim;Técnico em Eletromecânica;Concomitante;Planejamento e controle da manutenção;2026/1;Reprovado;1;8.330 %
Campus Cachoeiro de Itapemirim;Técnico em Eletromecânica;Concomitante;Projeto integrador;2026/1;Aprovado;1;50.000 %
Campus Cachoeiro de Itapemirim;Técnico em Eletromecânica;Concomitante;Projeto integrador;2026/1;Reprovado;1;50.000 %
Campus Cachoeiro de Itapemirim;Técnico em Eletromecânica;Concomitante;Projeto integrador;2025/1;Aprovado;2;100.000 %
Campus Cachoeiro de Itapemirim;Técnico em Eletromecânica;Concomitante;Projeto integrador;2023/1;Aprovado;1;100.000 %
Campus Cachoeiro de Itapemirim;Técnico em Eletromecânica;Concomitante;Manutenção industrial elétrica;2023/1;Aprovado;1;100.000 %
Campus Cachoeiro de Itapemirim;Técnico em Eletromecânica;Concomitante;Manutenção industrial elétrica;2025/1;Aprovado;1;100.000 %
Campus Cachoeiro de Itapemirim;Técnico em Eletromecânica;Concomitante;Manutenção industrial elétrica;2025/1;Aprovado;1;100.000 %
Campus Cachoeiro de Itapemirim;Técnico em Eletromecânica;Concomitante;Manutenção industrial elétrica;2026/1;Reprovado;1;50.000 %
Campus Cachoeiro de Itapemirim;Técnico em Eletromecânica;Concomitante;Manutenção industrial elétrica;2026/1;Aprovado;1;50.000 %
Campus Cachoeiro de Itapemirim;Técnico em Eletromecânica;Concomitante;Manutenção industrial mecânica;2026/1;Reprovado;1;50.000 %
Campus Cachoeiro de Itapemirim;Técnico em Eletromecânica;Concomitante;Manutenção industrial mecânica;2026/1;Aprovado;1;50.000 %
Campus Cachoeiro de Itapemirim;Técnico em Eletromecânica;Concomitante;Manutenção industrial mecânica;2025/1;Aprovado;1;100.000 %
Campus Cachoeiro de Itapemirim;Técnico em Eletromecânica;Concomitante;Manutenção industrial mecânica;2025/1;Aprovado;1;100.000 %
Campus Cachoeiro de Itapemirim;Técnico em Eletromecânica;Concomitante;Manutenção industrial mecânica;2023/1;Aprovado;1;100.000 %
Campus Cachoeiro de Itapemirim;Técnico em Eletromecânica;Concomitante;Fundamentos de lubrificação e corrosão;2023/1;Aprovado;1;100.000 %
Campus Cachoeiro de Itapemirim;Técnico em Eletromecânica;Concomitante;Fundamentos de lubrificação e corrosão;2025/1;Aprovado;2;100.000 %
Campus Cachoeiro de Itapemirim;Técnico em Eletromecânica;Concomitante;Fundamentos de lubrificação e corrosão;2026/1;Aprovado;1;50.000 %
Campus Cachoeiro de Itapemirim;Técnico em Eletromecânica;Concomitante;Fundamentos de lubrificação e corrosão;2026/1;Reprovado;1;50.000 %
Campus Cachoeiro de Itapemirim;Técnico em Eletromecânica;Concomitante;Circuito de corrente contínua;2021/2;Aprovado;1;100.000 %
Campus Cachoeiro de Itapemirim;Técnico em Eletromecânica;Concomitante;Circuito de corrente contínua;2023/2;Aprovado;4;100.000 %
Campus Cachoeiro de Itapemirim;Técnico em Eletromecânica;Concomitante;Circuito de corrente contínua;2024/2;Aprovado;3;100.000 %
Campus Cachoeiro de Itapemirim;Técnico em Eletromecânica;Concomitante;Circuito de corrente contínua;2024/2;Aprovado;1;100.000 %
Campus Cachoeiro de Itapemirim;Técnico em Eletromecânica;Concomitante;Circuito de corrente contínua;2025/2;Aprovado;9;100.000 %
Campus Cachoeiro de Itapemirim;Técnico em Eletromecânica;Concomitante;Circuito de corrente contínua;2026/1;Aprovado;11;100.000 %
Campus Cachoeiro de Itapemirim;Técnico em Eletromecânica;Concomitante;Circuito de corrente contínua;2026/1;Aprovado;6;100.000 %
Campus Cachoeiro de Itapemirim;Técnico em Eletromecânica;Concomitante;Circuito de corrente contínua;2025/1;Aprovado;6;100.000 %
Campus Cachoeiro de Itapemirim;Técnico em Eletromecânica;Concomitante;Circuito de corrente contínua;2025/1;Aprovado;6;100.000 %
Campus Cachoeiro de Itapemirim;Técnico em Eletromecânica;Concomitante;Sistemas embarcados;2025/1;Aprovado;12;100.000 %
Campus Cachoeiro de Itapemirim;Técnico em Eletromecânica;Concomitante;Sistemas embarcados;2026/1;Aprovado;16;94.120 %
Campus Cachoeiro de Itapemirim;Técnico em Eletromecânica;Concomitante;Sistemas embarcados;2026/1;Reprovado;1;5.880 %
Campus Cachoeiro de Itapemirim;Técnico em Eletromecânica;Concomitante;Sistemas embarcados;2025/2;Aprovado;9;100.000 %
Campus Cachoeiro de Itapemirim;Técnico em Eletromecânica;Concomitante;Sistemas embarcados;2024/2;Aprovado;4;100.000 %
Campus Cachoeiro de Itapemirim;Técnico em Eletromecânica;Concomitante;Sistemas embarcados;2023/2;Aprovado;4;100.000 %
Campus Cachoeiro de Itapemirim;Técnico em Eletromecânica;Concomitante;Sistemas embarcados;2021/2;Aprovado;1;100.000 %
Campus Cachoeiro de Itapemirim;Técnico em Eletromecânica;Concomitante;RH e SMS;2021/2;Aprovado;1;100.000 %
Campus Cachoeiro de Itapemirim;Técnico em Eletromecânica;Concomitante;RH e SMS;2023/2;Aprovado;4;100.000 %
Campus Cachoeiro de Itapemirim;Técnico em Eletromecânica;Concomitante;RH e SMS;2024/2;Aprovado;4;100.000 %
Campus Cachoeiro de Itapemirim;Técnico em Eletromecânica;Concomitante;RH e SMS;2025/2;Aprovado;9;100.000 %
Campus Cachoeiro de Itapemirim;Técnico em Eletromecânica;Concomitante;RH e SMS;2026/1;Reprovado;1;5.880 %
Campus Cachoeiro de Itapemirim;Técnico em Eletromecânica;Concomitante;RH e SMS;2026/1;Aprovado;16;94.120 %
Campus Cachoeiro de Itapemirim;Técnico em Eletromecânica;Concomitante;RH e SMS;2025/1;Aprovado;12;100.000 %
Campus Cachoeiro de Itapemirim;Técnico em Eletromecânica;Concomitante;Mecânica técnica;2025/1;Aprovado;7;53.850 %
Campus Cachoeiro de Itapemirim;Técnico em Eletromecânica;Concomitante;Mecânica técnica;2025/1;Reprovado;2;66.670 %
Campus Cachoeiro de Itapemirim;Técnico em Eletromecânica;Concomitante;Mecânica técnica;2025/1;Aprovado;1;33.330 %
Campus Cachoeiro de Itapemirim;Técnico em Eletromecânica;Concomitante;Mecânica técnica;2025/1;Reprovado;6;46.150 %
Campus Cachoeiro de Itapemirim;Técnico em Eletromecânica;Concomitante;Mecânica técnica;2026/1;Aprovado;17;94.440 %
Campus Cachoeiro de Itapemirim;Técnico em Eletromecânica;Concomitante;Mecânica técnica;2026/1;Aprovado;4;100.000 %
Campus Cachoeiro de Itapemirim;Técnico em Eletromecânica;Concomitante;Mecânica técnica;2025/2;Aprovado;11;100.000 %
Campus Cachoeiro de Itapemirim;Técnico em Eletromecânica;Concomitante;Mecânica técnica;2025/2;Aprovado;1;20.000 %
Campus Cachoeiro de Itapemirim;Técnico em Eletromecânica;Concomitante;Mecânica técnica;2025/2;Reprovado;4;80.000 %
Campus Cachoeiro de Itapemirim;Técnico em Eletromecânica;Concomitante;Mecânica técnica;2024/2;Aprovado;1;20.000 %
Campus Cachoeiro de Itapemirim;Técnico em Eletromecânica;Concomitante;Mecânica técnica;2024/2;Reprovado;4;80.000 %
Campus Cachoeiro de Itapemirim;Técnico em Eletromecânica;Concomitante;Mecânica técnica;2023/2;Aprovado;3;75.000 %
Campus Cachoeiro de Itapemirim;Técnico em Eletromecânica;Concomitante;Mecânica técnica;2023/2;Reprovado;1;25.000 %
Campus Cachoeiro de Itapemirim;Técnico em Eletromecânica;Concomitante;Mecânica técnica;2024/1;Reprovado;1;100.000 %
Campus Cachoeiro de Itapemirim;Técnico em Eletromecânica;Concomitante;Mecânica técnica;2021/2;Aprovado;1;100.000 %
Campus Cachoeiro de Itapemirim;Técnico em Eletromecânica;Concomitante;Tecnologia dos materiais;2021/2;Aprovado;1;100.000 %
Campus Cachoeiro de Itapemirim;Técnico em Eletromecânica;Concomitante;Tecnologia dos materiais;2023/2;Aprovado;3;75.000 %
Campus Cachoeiro de Itapemirim;Técnico em Eletromecânica;Concomitante;Tecnologia dos materiais;2023/2;Reprovado;1;25.000 %
Campus Cachoeiro de Itapemirim;Técnico em Eletromecânica;Concomitante;Tecnologia dos materiais;2024/2;Reprovado;1;25.000 %
Campus Cachoeiro de Itapemirim;Técnico em Eletromecânica;Concomitante;Tecnologia dos materiais;2024/2;Aprovado;3;75.000 %
Campus Cachoeiro de Itapemirim;Técnico em Eletromecânica;Concomitante;Tecnologia dos materiais;2025/2;Reprovado;1;9.090 %
Campus Cachoeiro de Itapemirim;Técnico em Eletromecânica;Concomitante;Tecnologia dos materiais;2025/2;Aprovado;10;90.910 %
Campus Cachoeiro de Itapemirim;Técnico em Eletromecânica;Concomitante;Tecnologia dos materiais;2026/1;Aprovado;17;100.000 %
Campus Cachoeiro de Itapemirim;Técnico em Eletromecânica;Concomitante;Tecnologia dos materiais;2025/1;Reprovado;1;50.000 %
Campus Cachoeiro de Itapemirim;Técnico em Eletromecânica;Concomitante;Tecnologia dos materiais;2025/1;Aprovado;11;91.670 %
Campus Cachoeiro de Itapemirim;Técnico em Eletromecânica;Concomitante;Tecnologia dos materiais;2025/1;Aprovado;1;50.000 %
Campus Cachoeiro de Itapemirim;Técnico em Eletromecânica;Concomitante;Tecnologia dos materiais;2025/1;Reprovado;1;8.330 %
Campus Cachoeiro de Itapemirim;Técnico em Eletromecânica;Concomitante;Metrologia;2025/1;Aprovado;5;83.330 %
Campus Cachoeiro de Itapemirim;Técnico em Eletromecânica;Concomitante;Metrologia;2025/1;Reprovado;1;16.670 %
Campus Cachoeiro de Itapemirim;Técnico em Eletromecânica;Concomitante;Metrologia;2025/1;Aprovado;5;83.330 %
Campus Cachoeiro de Itapemirim;Técnico em Eletromecânica;Concomitante;Metrologia;2025/1;Reprovado;1;16.670 %
Campus Cachoeiro de Itapemirim;Técnico em Eletromecânica;Concomitante;Metrologia;2026/1;Aprovado;6;100.000 %
Campus Cachoeiro de Itapemirim;Técnico em Eletromecânica;Concomitante;Metrologia;2026/1;Aprovado;11;100.000 %
Campus Cachoeiro de Itapemirim;Técnico em Eletromecânica;Concomitante;Metrologia;2025/2;Aprovado;9;100.000 %
Campus Cachoeiro de Itapemirim;Técnico em Eletromecânica;Concomitante;Metrologia;2025/2;Aprovado;2;100.000 %
Campus Cachoeiro de Itapemirim;Técnico em Eletromecânica;Concomitante;Metrologia;2024/2;Aprovado;1;100.000 %
Campus Cachoeiro de Itapemirim;Técnico em Eletromecânica;Concomitante;Metrologia;2024/2;Aprovado;3;100.000 %
Campus Cachoeiro de Itapemirim;Técnico em Eletromecânica;Concomitante;Metrologia;2023/2;Aprovado;4;100.000 %
Campus Cachoeiro de Itapemirim;Técnico em Eletromecânica;Concomitante;Metrologia;2021/2;Aprovado;1;100.000 %
Campus Cachoeiro de Itapemirim;Técnico em Eletromecânica;Concomitante;Fabricação I;2021/2;Aprovado;1;100.000 %
Campus Cachoeiro de Itapemirim;Técnico em Eletromecânica;Concomitante;Fabricação I;2023/2;Aprovado;4;100.000 %
Campus Cachoeiro de Itapemirim;Técnico em Eletromecânica;Concomitante;Fabricação I;2024/2;Aprovado;4;100.000 %
Campus Cachoeiro de Itapemirim;Técnico em Eletromecânica;Concomitante;Fabricação I;2025/2;Aprovado;9;90.000 %
Campus Cachoeiro de Itapemirim;Técnico em Eletromecânica;Concomitante;Fabricação I;2025/2;Reprovado;1;10.000 %
Campus Cachoeiro de Itapemirim;Técnico em Eletromecânica;Concomitante;Fabricação I;2026/1;Aprovado;18;100.000 %
Campus Cachoeiro de Itapemirim;Técnico em Eletromecânica;Concomitante;Fabricação I;2025/1;Reprovado;1;8.330 %
Campus Cachoeiro de Itapemirim;Técnico em Eletromecânica;Concomitante;Fabricação I;2025/1;Aprovado;11;91.670 %
Campus Cachoeiro de Itapemirim;Técnico em Eletromecânica;Concomitante;Desenho técnico;2025/1;Aprovado;9;75.000 %
Campus Cachoeiro de Itapemirim;Técnico em Eletromecânica;Concomitante;Desenho técnico;2025/1;Reprovado;3;25.000 %
Campus Cachoeiro de Itapemirim;Técnico em Eletromecânica;Concomitante;Desenho técnico;2026/1;Aprovado;17;94.440 %
Campus Cachoeiro de Itapemirim;Técnico em Eletromecânica;Concomitante;Desenho técnico;2026/1;Aprovado;2;100.000 %
Campus Cachoeiro de Itapemirim;Técnico em Eletromecânica;Concomitante;Desenho técnico;2025/2;Reprovado;1;9.090 %
Campus Cachoeiro de Itapemirim;Técnico em Eletromecânica;Concomitante;Desenho técnico;2025/2;Aprovado;10;90.910 %
Campus Cachoeiro de Itapemirim;Técnico em Eletromecânica;Concomitante;Desenho técnico;2024/2;Reprovado;2;33.330 %
Campus Cachoeiro de Itapemirim;Técnico em Eletromecânica;Concomitante;Desenho técnico;2024/2;Aprovado;4;66.670 %
Campus Cachoeiro de Itapemirim;Técnico em Eletromecânica;Concomitante;Desenho técnico;2023/2;Aprovado;2;50.000 %
Campus Cachoeiro de Itapemirim;Técnico em Eletromecânica;Concomitante;Desenho técnico;2023/2;Reprovado;2;50.000 %
Campus Cachoeiro de Itapemirim;Técnico em Eletromecânica;Concomitante;Desenho técnico;2024/1;Aprovado;1;100.000 %
Campus Cachoeiro de Itapemirim;Técnico em Eletromecânica;Concomitante;Desenho técnico;2021/2;Aprovado;1;100.000 %
Campus Cachoeiro de Itapemirim;Técnico em Eletromecânica;Concomitante;Circuitos de corrente alternada;2022/1;Aprovado;1;100.000 %
Campus Cachoeiro de Itapemirim;Técnico em Eletromecânica;Concomitante;Circuitos de corrente alternada;2024/1;Aprovado;4;100.000 %
Campus Cachoeiro de Itapemirim;Técnico em Eletromecânica;Concomitante;Circuitos de corrente alternada;2025/2;Aprovado;11;100.000 %
Campus Cachoeiro de Itapemirim;Técnico em Eletromecânica;Concomitante;Circuitos de corrente alternada;2026/1;Aprovado;9;90.000 %
Campus Cachoeiro de Itapemirim;Técnico em Eletromecânica;Concomitante;Circuitos de corrente alternada;2026/1;Aprovado /Rep. no Módulo;1;10.000 %
Campus Cachoeiro de Itapemirim;Técnico em Eletromecânica;Concomitante;Circuitos de corrente alternada;2025/1;Aprovado;4;100.000 %
Campus Cachoeiro de Itapemirim;Técnico em Eletromecânica;Concomitante;Resistência dos materiais;2025/1;Aprovado;1;25.000 %
Campus Cachoeiro de Itapemirim;Técnico em Eletromecânica;Concomitante;Resistência dos materiais;2025/1;Reprovado;3;75.000 %
Campus Cachoeiro de Itapemirim;Técnico em Eletromecânica;Concomitante;Resistência dos materiais;2026/1;Reprovado;2;16.670 %
Campus Cachoeiro de Itapemirim;Técnico em Eletromecânica;Concomitante;Resistência dos materiais;2026/1;Aprovado;8;66.670 %
Campus Cachoeiro de Itapemirim;Técnico em Eletromecânica;Concomitante;Resistência dos materiais;2026/1;Aprovado;2;100.000 %
Campus Cachoeiro de Itapemirim;Técnico em Eletromecânica;Concomitante;Resistência dos materiais;2025/2;Aprovado;10;83.330 %
Campus Cachoeiro de Itapemirim;Técnico em Eletromecânica;Concomitante;Resistência dos materiais;2025/2;Reprovado;2;16.670 %
Campus Cachoeiro de Itapemirim;Técnico em Eletromecânica;Concomitante;Resistência dos materiais;2025/2;Aprovado;2;100.000 %
Campus Cachoeiro de Itapemirim;Técnico em Eletromecânica;Concomitante;Resistência dos materiais;2024/1;Reprovado;3;75.000 %
Campus Cachoeiro de Itapemirim;Técnico em Eletromecânica;Concomitante;Resistência dos materiais;2024/1;Aprovado;1;25.000 %
Campus Cachoeiro de Itapemirim;Técnico em Eletromecânica;Concomitante;Resistência dos materiais;2024/2;Aprovado /Rep. no Módulo;1;100.000 %
Campus Cachoeiro de Itapemirim;Técnico em Eletromecânica;Concomitante;Resistência dos materiais;2024/2;Aprovado;1;50.000 %
Campus Cachoeiro de Itapemirim;Técnico em Eletromecânica;Concomitante;Resistência dos materiais;2024/2;Reprovado;1;50.000 %
Campus Cachoeiro de Itapemirim;Técnico em Eletromecânica;Concomitante;Resistência dos materiais;2022/1;Aprovado;1;100.000 %
Campus Cachoeiro de Itapemirim;Técnico em Eletromecânica;Concomitante;Elementos de máquinas I;2022/1;Aprovado;1;100.000 %
Campus Cachoeiro de Itapemirim;Técnico em Eletromecânica;Concomitante;Elementos de máquinas I;2025/2;Aprovado;11;100.000 %
Campus Cachoeiro de Itapemirim;Técnico em Eletromecânica;Concomitante;Elementos de máquinas I;2026/1;Aprovado;9;90.000 %
Campus Cachoeiro de Itapemirim;Técnico em Eletromecânica;Concomitante;Elementos de máquinas I;2026/1;Aprovado /Rep. no Módulo;1;10.000 %
Campus Cachoeiro de Itapemirim;Técnico em Eletromecânica;Concomitante;Elementos de máquinas I;2025/1;Aprovado;4;100.000 %
Campus Cachoeiro de Itapemirim;Técnico em Eletromecânica;Concomitante;Fabricação II;2025/1;Aprovado;2;100.000 %
Campus Cachoeiro de Itapemirim;Técnico em Eletromecânica;Concomitante;Fabricação II;2025/1;Aprovado;2;100.000 %
Campus Cachoeiro de Itapemirim;Técnico em Eletromecânica;Concomitante;Fabricação II;2026/1;Aprovado /Rep. no Módulo;1;10.000 %
Campus Cachoeiro de Itapemirim;Técnico em Eletromecânica;Concomitante;Fabricação II;2026/1;Aprovado;8;80.000 %
Campus Cachoeiro de Itapemirim;Técnico em Eletromecânica;Concomitante;Fabricação II;2026/1;Reprovado;1;10.000 %
Campus Cachoeiro de Itapemirim;Técnico em Eletromecânica;Concomitante;Fabricação II;2025/2;Aprovado;6;100.000 %
Campus Cachoeiro de Itapemirim;Técnico em Eletromecânica;Concomitante;Fabricação II;2025/2;Aprovado;5;100.000 %
Campus Cachoeiro de Itapemirim;Técnico em Eletromecânica;Concomitante;Fabricação II;2024/1;Aprovado;3;100.000 %
Campus Cachoeiro de Itapemirim;Técnico em Eletromecânica;Concomitante;Fabricação II;2024/1;Aprovado;1;100.000 %
Campus Cachoeiro de Itapemirim;Técnico em Eletromecânica;Concomitante;Fabricação II;2022/1;Aprovado;1;100.000 %
Campus Cachoeiro de Itapemirim;Técnico em Eletromecânica;Concomitante;Desenho assistido por computador;2022/1;Aprovado;1;100.000 %
Campus Cachoeiro de Itapemirim;Técnico em Eletromecânica;Concomitante;Desenho assistido por computador;2024/1;Aprovado;3;75.000 %
Campus Cachoeiro de Itapemirim;Técnico em Eletromecânica;Concomitante;Desenho assistido por computador;2024/1;Reprovado;1;25.000 %
Campus Cachoeiro de Itapemirim;Técnico em Eletromecânica;Concomitante;Desenho assistido por computador;2024/2;Reprovado;1;100.000 %
Campus Cachoeiro de Itapemirim;Técnico em Eletromecânica;Concomitante;Desenho assistido por computador;2025/2;Aprovado;11;100.000 %
Campus Cachoeiro de Itapemirim;Técnico em Eletromecânica;Concomitante;Desenho assistido por computador;2026/1;Reprovado;4;40.000 %
Campus Cachoeiro de Itapemirim;Técnico em Eletromecânica;Concomitante;Desenho assistido por computador;2026/1;Aprovado;6;60.000 %
Campus Cachoeiro de Itapemirim;Técnico em Eletromecânica;Concomitante;Desenho assistido por computador;2025/1;Aprovado;4;100.000 %
Campus Cachoeiro de Itapemirim;Técnico em Eletromecânica;Concomitante;Acionamentos elétricos;2026/1;Reprovado;1;9.090 %
Campus Cachoeiro de Itapemirim;Técnico em Eletromecânica;Concomitante;Acionamentos elétricos;2026/1;Aprovado;10;90.910 %
Campus Cachoeiro de Itapemirim;Técnico em Eletromecânica;Concomitante;Acionamentos elétricos;2026/1;Reprovado;1;100.000 %
Campus Cachoeiro de Itapemirim;Técnico em Eletromecânica;Concomitante;Acionamentos elétricos;2026/1;Aprovado;1;100.000 %
Campus Cachoeiro de Itapemirim;Técnico em Eletromecânica;Concomitante;Acionamentos elétricos;2025/2;Reprovado;2;100.000 %
Campus Cachoeiro de Itapemirim;Técnico em Eletromecânica;Concomitante;Acionamentos elétricos;2025/2;Reprovado;1;100.000 %
Campus Cachoeiro de Itapemirim;Técnico em Eletromecânica;Concomitante;Acionamentos elétricos;2024/2;Reprovado;1;50.000 %
Campus Cachoeiro de Itapemirim;Técnico em Eletromecânica;Concomitante;Acionamentos elétricos;2024/2;Aprovado;1;100.000 %
Campus Cachoeiro de Itapemirim;Técnico em Eletromecânica;Concomitante;Acionamentos elétricos;2024/2;Aprovado;1;50.000 %
Campus Cachoeiro de Itapemirim;Técnico em Eletromecânica;Concomitante;Acionamentos elétricos;2022/2;Aprovado;1;100.000 %
Campus Cachoeiro de Itapemirim;Técnico em Eletromecânica;Concomitante;Sistemas digitais;2022/2;Aprovado;1;100.000 %
Campus Cachoeiro de Itapemirim;Técnico em Eletromecânica;Concomitante;Sistemas digitais;2024/2;Aprovado;2;66.670 %
Campus Cachoeiro de Itapemirim;Técnico em Eletromecânica;Concomitante;Sistemas digitais;2024/2;Aprovado /Rep. no Módulo;1;33.330 %
Campus Cachoeiro de Itapemirim;Técnico em Eletromecânica;Concomitante;Sistemas digitais;2025/2;Aprovado;3;100.000 %
Campus Cachoeiro de Itapemirim;Técnico em Eletromecânica;Concomitante;Sistemas digitais;2026/1;Aprovado;11;100.000 %
Campus Cachoeiro de Itapemirim;Técnico em Eletromecânica;Concomitante;Elementos de máquinas II;2026/1;Aprovado;11;91.670 %
Campus Cachoeiro de Itapemirim;Técnico em Eletromecânica;Concomitante;Elementos de máquinas II;2026/1;Reprovado;1;8.330 %
Campus Cachoeiro de Itapemirim;Técnico em Eletromecânica;Concomitante;Elementos de máquinas II;2025/2;Aprovado;2;66.670 %
Campus Cachoeiro de Itapemirim;Técnico em Eletromecânica;Concomitante;Elementos de máquinas II;2025/2;Reprovado;1;33.330 %
Campus Cachoeiro de Itapemirim;Técnico em Eletromecânica;Concomitante;Elementos de máquinas II;2024/2;Reprovado;1;33.330 %
Campus Cachoeiro de Itapemirim;Técnico em Eletromecânica;Concomitante;Elementos de máquinas II;2024/2;Aprovado;2;66.670 %
Campus Cachoeiro de Itapemirim;Técnico em Eletromecânica;Concomitante;Elementos de máquinas I;2024/1;Aprovado;4;100.000 %
Campus Cachoeiro de Itapemirim;Técnico em Eletromecânica;Concomitante;Elementos de máquinas II;2022/2;Aprovado;1;100.000 %
Campus Cachoeiro de Itapemirim;Técnico em Informática;Concomitante;Aplicativos computacionais;2023/2;Aprovado;1;100.000 %
Campus Cachoeiro de Itapemirim;Técnico em Informática;Concomitante;Lógica de programação;2023/2;Aprovado;1;100.000 %
Campus Cachoeiro de Itapemirim;Técnico em Informática;Concomitante;Matemática;2023/2;Aprovado;1;100.000 %
Campus Cachoeiro de Itapemirim;Técnico em Informática;Concomitante;Comunicação empresarial;2023/2;Aprovado;1;100.000 %
Campus Cachoeiro de Itapemirim;Técnico em Informática;Concomitante;Introdução a redes de computadores;2023/2;Aprovado;1;100.000 %
Campus Cachoeiro de Itapemirim;Técnico em Informática;Concomitante;Fundamentos de hardware e montagem e manutenção de computadores;2023/2;Aprovado;1;100.000 %
Campus Cachoeiro de Itapemirim;Técnico em Mineração;Concomitante;Propriedades e resistências dos materiais;2023/2;Aproveit. Disciplina;1;8.330 %
Campus Cachoeiro de Itapemirim;Técnico em Mineração;Concomitante;Propriedades e resistências dos materiais;2023/2;Aprovado;11;91.670 %
Campus Cachoeiro de Itapemirim;Técnico em Mineração;Concomitante;Propriedades e resistências dos materiais;2023/1;Reprovado;1;10.000 %
Campus Cachoeiro de Itapemirim;Técnico em Mineração;Concomitante;Propriedades e resistências dos materiais;2023/1;Aprovado;9;90.000 %
Campus Cachoeiro de Itapemirim;Técnico em Mineração;Concomitante;Propriedades e resistências dos materiais;2024/2;Aprovado;11;100.000 %
Campus Cachoeiro de Itapemirim;Técnico em Mineração;Concomitante;Propriedades e resistências dos materiais;2024/1;Aprovado;5;100.000 %
Campus Cachoeiro de Itapemirim;Técnico em Mineração;Concomitante;Propriedades e resistências dos materiais;2022/1;Aprovado;5;83.330 %
Campus Cachoeiro de Itapemirim;Técnico em Mineração;Concomitante;Propriedades e resistências dos materiais;2022/1;Aproveit. Disciplina;1;16.670 %
Campus Cachoeiro de Itapemirim;Técnico em Mineração;Concomitante;Propriedades e resistências dos materiais;2022/2;Reprovado;1;11.110 %
Campus Cachoeiro de Itapemirim;Técnico em Mineração;Concomitante;Propriedades e resistências dos materiais;2022/2;Aprovado;8;88.890 %
Campus Cachoeiro de Itapemirim;Técnico em Mineração;Concomitante;Propriedades e resistências dos materiais;2021/2;Aprovado;1;100.000 %
Campus Cachoeiro de Itapemirim;Técnico em Mineração;Concomitante;Propriedades e resistências dos materiais;2020/1;Aprovado;1;100.000 %
Campus Cachoeiro de Itapemirim;Técnico em Mineração;Concomitante;Propriedades e resistências dos materiais;2021/1;Reprovado;1;100.000 %
Campus Cachoeiro de Itapemirim;Técnico em Mineração;Concomitante;Propriedades e resistências dos materiais;2025/2;Aprovado;10;100.000 %
Campus Cachoeiro de Itapemirim;Técnico em Mineração;Concomitante;Propriedades e resistências dos materiais;2025/1;Aprovado;12;92.310 %
Campus Cachoeiro de Itapemirim;Técnico em Mineração;Concomitante;Propriedades e resistências dos materiais;2025/1;Aproveit. Disciplina;1;7.690 %
Campus Cachoeiro de Itapemirim;Técnico em Mineração;Concomitante;Propriedades e resistências dos materiais;2026/1;Aprovado;13;81.250 %
Campus Cachoeiro de Itapemirim;Técnico em Mineração;Concomitante;Propriedades e resistências dos materiais;2026/1;Reprovado;2;12.500 %
Campus Cachoeiro de Itapemirim;Técnico em Mineração;Concomitante;Propriedades e resistências dos materiais;2026/1;Aproveit. Disciplina;1;6.250 %
Campus Cachoeiro de Itapemirim;Técnico em Mineração;Concomitante;Cartografia e topografia;2026/1;Aproveit. Disciplina;1;6.250 %
Campus Cachoeiro de Itapemirim;Técnico em Mineração;Concomitante;Cartografia e topografia;2026/1;Reprovado;2;12.500 %
Campus Cachoeiro de Itapemirim;Técnico em Mineração;Concomitante;Cartografia e topografia;2026/1;Aprovado;13;81.250 %
Campus Cachoeiro de Itapemirim;Técnico em Mineração;Concomitante;Cartografia e topografia;2025/1;Aproveit. Disciplina;1;7.140 %
Campus Cachoeiro de Itapemirim;Técnico em Mineração;Concomitante;Cartografia e topografia;2025/1;Aprovado;12;85.710 %
Campus Cachoeiro de Itapemirim;Técnico em Mineração;Concomitante;Cartografia e topografia;2025/2;Aprovado;10;100.000 %
Campus Cachoeiro de Itapemirim;Técnico em Mineração;Concomitante;Método de lavra;2026/1;Aprovado;12;100.000 %
Campus Cachoeiro de Itapemirim;Técnico em Mineração;Concomitante;Método de lavra;2025/1;Aprovado;4;100.000 %
Campus Cachoeiro de Itapemirim;Técnico em Mineração;Concomitante;Método de lavra;2025/2;Aprovado;13;92.860 %
Campus Cachoeiro de Itapemirim;Técnico em Mineração;Concomitante;Método de lavra;2022/2;Aprovado;1;100.000 %
Campus Cachoeiro de Itapemirim;Técnico em Mineração;Concomitante;Método de lavra;2024/1;Aprovado;9;100.000 %
Campus Cachoeiro de Itapemirim;Técnico em Mineração;Concomitante;Método de lavra;2024/2;Aprovado;10;100.000 %
Campus Cachoeiro de Itapemirim;Técnico em Mineração;Concomitante;Método de lavra;2023/1;Aprovado;6;100.000 %
Campus Cachoeiro de Itapemirim;Técnico em Mineração;Concomitante;Método de lavra;2023/2;Reprovado;1;11.110 %
Campus Cachoeiro de Itapemirim;Técnico em Mineração;Concomitante;Método de lavra;2023/2;Aprovado;8;88.890 %
Campus Cachoeiro de Itapemirim;Técnico em Mineração;Concomitante;Cominuição e classificação;2023/2;Aprovado;8;88.890 %
Campus Cachoeiro de Itapemirim;Técnico em Mineração;Concomitante;Cominuição e classificação;2023/2;Aproveit. Disciplina;1;11.110 %
Campus Cachoeiro de Itapemirim;Técnico em Mineração;Concomitante;Cominuição e classificação;2023/1;Aprovado;6;100.000 %
Campus Cachoeiro de Itapemirim;Técnico em Mineração;Concomitante;Cominuição e classificação;2024/2;Aprovado;10;100.000 %
Campus Cachoeiro de Itapemirim;Técnico em Mineração;Concomitante;Cominuição e classificação;2024/1;Aprovado;8;100.000 %
Campus Cachoeiro de Itapemirim;Técnico em Mineração;Concomitante;Cominuição e classificação;2022/2;Aprovado;1;100.000 %
Campus Cachoeiro de Itapemirim;Técnico em Mineração;Concomitante;Cominuição e classificação;2025/2;Aprovado;13;92.860 %
Campus Cachoeiro de Itapemirim;Técnico em Mineração;Concomitante;Cominuição e classificação;2025/1;Aprovado;4;100.000 %
Campus Cachoeiro de Itapemirim;Técnico em Mineração;Concomitante;Cominuição e classificação;2026/1;Aprovado;12;100.000 %
Campus Cachoeiro de Itapemirim;Técnico em Mineração;Concomitante;Mineração e meio ambiente;2026/1;Aprovado;12;100.000 %
Campus Cachoeiro de Itapemirim;Técnico em Mineração;Concomitante;Mineração e meio ambiente;2025/1;Aprovado;4;100.000 %
Campus Cachoeiro de Itapemirim;Técnico em Mineração;Concomitante;Mineração e meio ambiente;2025/2;Aprovado;13;92.860 %
Campus Cachoeiro de Itapemirim;Técnico em Mineração;Concomitante;Mineração e meio ambiente;2022/2;Aprovado;1;100.000 %
Campus Cachoeiro de Itapemirim;Técnico em Mineração;Concomitante;Mineração e meio ambiente;2024/1;Aprovado;9;100.000 %
Campus Cachoeiro de Itapemirim;Técnico em Mineração;Concomitante;Mineração e meio ambiente;2024/2;Aprovado;10;100.000 %
Campus Cachoeiro de Itapemirim;Técnico em Mineração;Concomitante;Mineração e meio ambiente;2023/1;Aprovado;6;100.000 %
Campus Cachoeiro de Itapemirim;Técnico em Mineração;Concomitante;Mineração e meio ambiente;2023/2;Aprovado;8;88.890 %
Campus Cachoeiro de Itapemirim;Técnico em Mineração;Concomitante;Mineração e meio ambiente;2023/2;Reprovado;1;11.110 %
Campus Cachoeiro de Itapemirim;Técnico em Mineração;Concomitante;Geoprocessamento aplicado à mineração;2023/2;Aproveit. Disciplina;1;20.000 %
Campus Cachoeiro de Itapemirim;Técnico em Mineração;Concomitante;Geoprocessamento aplicado à mineração;2023/2;Aprovado;3;60.000 %
Campus Cachoeiro de Itapemirim;Técnico em Mineração;Concomitante;Geoprocessamento aplicado à mineração;2023/2;Aprovado;4;100.000 %
Campus Cachoeiro de Itapemirim;Técnico em Mineração;Concomitante;Geoprocessamento aplicado à mineração;2023/1;Aprovado;9;100.000 %
Campus Cachoeiro de Itapemirim;Técnico em Mineração;Concomitante;Geoprocessamento aplicado à mineração;2024/2;Aprovado;4;100.000 %
Campus Cachoeiro de Itapemirim;Técnico em Mineração;Concomitante;Geoprocessamento aplicado à mineração;2024/1;Aprovado;10;83.330 %
Campus Cachoeiro de Itapemirim;Técnico em Mineração;Concomitante;Geoprocessamento aplicado à mineração;2022/2;Aprovado;5;83.330 %
Campus Cachoeiro de Itapemirim;Técnico em Mineração;Concomitante;Geoprocessamento aplicado à mineração;2022/1;Aprovado;2;100.000 %
Campus Cachoeiro de Itapemirim;Técnico em Mineração;Concomitante;Geoprocessamento aplicado à mineração;2025/2;Aprovado;12;100.000 %
Campus Cachoeiro de Itapemirim;Técnico em Mineração;Concomitante;Geoprocessamento aplicado à mineração;2025/1;Aprovado;14;100.000 %
Campus Cachoeiro de Itapemirim;Técnico em Mineração;Concomitante;Geoprocessamento aplicado à mineração;2026/1;Aprovado;10;100.000 %
Campus Cachoeiro de Itapemirim;Técnico em Mineração;Concomitante;Cartografia e topografia;2020/1;Reprovado;1;100.000 %
Campus Cachoeiro de Itapemirim;Técnico em Mineração;Concomitante;Cartografia e topografia;2021/2;Aprovado;2;100.000 %
Campus Cachoeiro de Itapemirim;Técnico em Mineração;Concomitante;Cartografia e topografia;2022/1;Aprovado;5;100.000 %
Campus Cachoeiro de Itapemirim;Técnico em Mineração;Concomitante;Cartografia e topografia;2022/2;Reprovado;1;11.110 %
Campus Cachoeiro de Itapemirim;Técnico em Mineração;Concomitante;Cartografia e topografia;2022/2;Aprovado;8;88.890 %
Campus Cachoeiro de Itapemirim;Técnico em Mineração;Concomitante;Cartografia e topografia;2022/1;Aprovado;1;100.000 %
Campus Cachoeiro de Itapemirim;Técnico em Mineração;Concomitante;Cartografia e topografia;2024/1;Aprovado;4;80.000 %
Campus Cachoeiro de Itapemirim;Técnico em Mineração;Concomitante;Cartografia e topografia;2024/1;Reprovado;1;20.000 %
Campus Cachoeiro de Itapemirim;Técnico em Mineração;Concomitante;Cartografia e topografia;2024/2;Aprovado;12;100.000 %
Campus Cachoeiro de Itapemirim;Técnico em Mineração;Concomitante;Cartografia e topografia;2023/1;Reprovado;1;10.000 %
Campus Cachoeiro de Itapemirim;Técnico em Mineração;Concomitante;Cartografia e topografia;2023/1;Aprovado;9;90.000 %
Campus Cachoeiro de Itapemirim;Técnico em Mineração;Concomitante;Cartografia e topografia;2023/2;Aprovado;10;83.330 %
Campus Cachoeiro de Itapemirim;Técnico em Mineração;Concomitante;Cartografia e topografia;2023/2;Aproveit. Disciplina;2;16.670 %
Campus Cachoeiro de Itapemirim;Técnico em Mineração;Concomitante;Estabilidade e desmonte de rochas;2023/2;Aprovado;7;87.500 %
Campus Cachoeiro de Itapemirim;Técnico em Mineração;Concomitante;Estabilidade e desmonte de rochas;2023/2;Aproveit. Disciplina;1;12.500 %
Campus Cachoeiro de Itapemirim;Técnico em Mineração;Concomitante;Estabilidade e desmonte de rochas;2023/1;Aprovado;9;100.000 %
Campus Cachoeiro de Itapemirim;Técnico em Mineração;Concomitante;Estabilidade e desmonte de rochas;2024/2;Aprovado;4;100.000 %
Campus Cachoeiro de Itapemirim;Técnico em Mineração;Concomitante;Estabilidade e desmonte de rochas;2024/1;Aprovado;10;83.330 %
Campus Cachoeiro de Itapemirim;Técnico em Mineração;Concomitante;Estabilidade e desmonte de rochas;2022/1;Aprovado;2;100.000 %
Campus Cachoeiro de Itapemirim;Técnico em Mineração;Concomitante;Estabilidade e desmonte de rochas;2022/2;Aprovado;5;83.330 %
Campus Cachoeiro de Itapemirim;Técnico em Mineração;Concomitante;Estabilidade e desmonte de rochas;2025/2;Aprovado;12;100.000 %
Campus Cachoeiro de Itapemirim;Técnico em Mineração;Concomitante;Estabilidade e desmonte de rochas;2025/1;Aprovado;14;100.000 %
Campus Cachoeiro de Itapemirim;Técnico em Mineração;Concomitante;Estabilidade e desmonte de rochas;2026/1;Aprovado;10;100.000 %
Campus Cachoeiro de Itapemirim;Técnico em Mineração;Concomitante;Desenho técnico e introdução ao AutoCAD;2023/2;Aprovado;9;81.820 %
Campus Cachoeiro de Itapemirim;Técnico em Mineração;Concomitante;Desenho técnico e introdução ao AutoCAD;2023/2;Reprovado;1;9.090 %
Campus Cachoeiro de Itapemirim;Técnico em Mineração;Concomitante;Desenho técnico e introdução ao AutoCAD;2023/2;Aproveit. Disciplina;1;9.090 %
Campus Cachoeiro de Itapemirim;Técnico em Mineração;Concomitante;Desenho técnico e introdução ao AutoCAD;2023/1;Aprovado;9;100.000 %
Campus Cachoeiro de Itapemirim;Técnico em Mineração;Concomitante;Desenho técnico e introdução ao AutoCAD;2024/2;Aprovado;12;100.000 %
Campus Cachoeiro de Itapemirim;Técnico em Mineração;Concomitante;Desenho técnico e introdução ao AutoCAD;2024/1;Reprovado;1;20.000 %
Campus Cachoeiro de Itapemirim;Técnico em Mineração;Concomitante;Desenho técnico e introdução ao AutoCAD;2024/1;Aprovado;4;80.000 %
Campus Cachoeiro de Itapemirim;Técnico em Mineração;Concomitante;Desenho técnico e introdução ao AutoCAD;2020/1;Reprovado;1;100.000 %
Campus Cachoeiro de Itapemirim;Técnico em Mineração;Concomitante;Desenho técnico e introdução ao AutoCAD;2021/2;Aprovado;2;100.000 %
Campus Cachoeiro de Itapemirim;Técnico em Mineração;Concomitante;Desenho técnico e introdução ao AutoCAD;2022/2;Aprovado;9;100.000 %
Campus Cachoeiro de Itapemirim;Técnico em Mineração;Concomitante;Desenho técnico e introdução ao AutoCAD;2022/1;Aprovado;5;100.000 %
Campus Cachoeiro de Itapemirim;Técnico em Mineração;Concomitante;Desenho técnico e introdução ao AutoCAD;2022/1;Aprovado;1;100.000 %
Campus Cachoeiro de Itapemirim;Técnico em Mineração;Concomitante;Desenho técnico e introdução ao AutoCAD;2025/1;Aproveit. Disciplina;1;7.140 %
Campus Cachoeiro de Itapemirim;Técnico em Mineração;Concomitante;Desenho técnico e introdução ao AutoCAD;2025/1;Aprovado;12;85.710 %
Campus Cachoeiro de Itapemirim;Técnico em Mineração;Concomitante;Desenho técnico e introdução ao AutoCAD;2025/2;Aprovado;10;100.000 %
Campus Cachoeiro de Itapemirim;Técnico em Mineração;Concomitante;Desenho técnico e introdução ao AutoCAD;2026/1;Aproveit. Disciplina;1;6.250 %
Campus Cachoeiro de Itapemirim;Técnico em Mineração;Concomitante;Desenho técnico e introdução ao AutoCAD;2026/1;Reprovado;2;12.500 %
Campus Cachoeiro de Itapemirim;Técnico em Mineração;Concomitante;Desenho técnico e introdução ao AutoCAD;2026/1;Aprovado;13;81.250 %
Campus Cachoeiro de Itapemirim;Técnico em Mineração;Concomitante;Português instrumental;2026/1;Aprovado;13;81.250 %
Campus Cachoeiro de Itapemirim;Técnico em Mineração;Concomitante;Português instrumental;2026/1;Aproveit. Disciplina;1;6.250 %
Campus Cachoeiro de Itapemirim;Técnico em Mineração;Concomitante;Português instrumental;2026/1;Reprovado;2;12.500 %
Campus Cachoeiro de Itapemirim;Técnico em Mineração;Concomitante;Português instrumental;2025/2;Aprovado;10;100.000 %
Campus Cachoeiro de Itapemirim;Técnico em Mineração;Concomitante;Português instrumental;2025/1;Aprovado;12;92.310 %
Campus Cachoeiro de Itapemirim;Técnico em Mineração;Concomitante;Português instrumental;2025/1;Aproveit. Disciplina;1;7.690 %
Campus Cachoeiro de Itapemirim;Técnico em Mineração;Concomitante;Português instrumental;2022/1;Aprovado;6;85.710 %
Campus Cachoeiro de Itapemirim;Técnico em Mineração;Concomitante;Português instrumental;2022/1;Aproveit. Disciplina;1;14.290 %
Campus Cachoeiro de Itapemirim;Técnico em Mineração;Concomitante;Português instrumental;2022/2;Aprovado;9;100.000 %
Campus Cachoeiro de Itapemirim;Técnico em Mineração;Concomitante;Português instrumental;2021/2;Reprovado;1;50.000 %
Campus Cachoeiro de Itapemirim;Técnico em Mineração;Concomitante;Português instrumental;2021/2;Aprovado;1;50.000 %
Campus Cachoeiro de Itapemirim;Técnico em Mineração;Concomitante;Português instrumental;2020/1;Reprovado;1;100.000 %
Campus Cachoeiro de Itapemirim;Técnico em Mineração;Concomitante;Português instrumental;2024/1;Aprovado;4;80.000 %
Campus Cachoeiro de Itapemirim;Técnico em Mineração;Concomitante;Português instrumental;2024/1;Reprovado;1;20.000 %
Campus Cachoeiro de Itapemirim;Técnico em Mineração;Concomitante;Português instrumental;2024/2;Aprovado;12;100.000 %
Campus Cachoeiro de Itapemirim;Técnico em Mineração;Concomitante;Português instrumental;2023/1;Aprovado;9;100.000 %
Campus Cachoeiro de Itapemirim;Técnico em Mineração;Concomitante;Português instrumental;2023/2;Reprovado;1;9.090 %
Campus Cachoeiro de Itapemirim;Técnico em Mineração;Concomitante;Português instrumental;2023/2;Aprovado;9;81.820 %
Campus Cachoeiro de Itapemirim;Técnico em Mineração;Concomitante;Português instrumental;2023/2;Aproveit. Disciplina;1;9.090 %
Campus Cachoeiro de Itapemirim;Técnico em Mineração;Concomitante;Geologia geral;2023/2;Aproveit. Disciplina;1;7.140 %
Campus Cachoeiro de Itapemirim;Técnico em Mineração;Concomitante;Geologia geral;2023/2;Aprovado;13;92.860 %
Campus Cachoeiro de Itapemirim;Técnico em Mineração;Concomitante;Geologia geral;2023/1;Reprovado;3;30.000 %
Campus Cachoeiro de Itapemirim;Técnico em Mineração;Concomitante;Geologia geral;2023/1;Aprovado;7;70.000 %
Campus Cachoeiro de Itapemirim;Técnico em Mineração;Concomitante;Geologia geral;2024/2;Aprovado;11;100.000 %
Campus Cachoeiro de Itapemirim;Técnico em Mineração;Concomitante;Geologia geral;2024/1;Aprovado;5;100.000 %
Campus Cachoeiro de Itapemirim;Técnico em Mineração;Concomitante;Geologia geral;2020/1;Aprovado;1;100.000 %
Campus Cachoeiro de Itapemirim;Técnico em Mineração;Concomitante;Geologia geral;2021/2;Aprovado;1;100.000 %
Campus Cachoeiro de Itapemirim;Técnico em Mineração;Concomitante;Geologia geral;2022/2;Aprovado;8;88.890 %
Campus Cachoeiro de Itapemirim;Técnico em Mineração;Concomitante;Geologia geral;2022/2;Reprovado;1;11.110 %
Campus Cachoeiro de Itapemirim;Técnico em Mineração;Concomitante;Geologia geral;2022/1;Aprovado;6;100.000 %
Campus Cachoeiro de Itapemirim;Técnico em Mineração;Concomitante;Geologia geral;2025/1;Aproveit. Disciplina;1;7.690 %
Campus Cachoeiro de Itapemirim;Técnico em Mineração;Concomitante;Geologia geral;2025/1;Aprovado;12;92.310 %
Campus Cachoeiro de Itapemirim;Técnico em Mineração;Concomitante;Geologia geral;2025/2;Aprovado;10;100.000 %
Campus Cachoeiro de Itapemirim;Técnico em Mineração;Concomitante;Geologia geral;2026/1;Aprovado;13;81.250 %
Campus Cachoeiro de Itapemirim;Técnico em Mineração;Concomitante;Geologia geral;2026/1;Reprovado;2;12.500 %
Campus Cachoeiro de Itapemirim;Técnico em Mineração;Concomitante;Geologia geral;2026/1;Aproveit. Disciplina;1;6.250 %
Campus Cachoeiro de Itapemirim;Técnico em Mineração;Concomitante;Química aplicada à mineração;2026/1;Aproveit. Disciplina;1;6.250 %
Campus Cachoeiro de Itapemirim;Técnico em Mineração;Concomitante;Química aplicada à mineração;2026/1;Reprovado;2;12.500 %
Campus Cachoeiro de Itapemirim;Técnico em Mineração;Concomitante;Química aplicada à mineração;2026/1;Aprovado;13;81.250 %
Campus Cachoeiro de Itapemirim;Técnico em Mineração;Concomitante;Química aplicada à mineração;2025/2;Aprovado;10;100.000 %
Campus Cachoeiro de Itapemirim;Técnico em Mineração;Concomitante;Química aplicada à mineração;2025/2;Aprovado;1;100.000 %
Campus Cachoeiro de Itapemirim;Técnico em Mineração;Concomitante;Química aplicada à mineração;2025/1;Aproveit. Disciplina;1;7.140 %
Campus Cachoeiro de Itapemirim;Técnico em Mineração;Concomitante;Química aplicada à mineração;2025/1;Aprovado;12;85.710 %
Campus Cachoeiro de Itapemirim;Técnico em Mineração;Concomitante;Química aplicada à mineração;2022/1;Aprovado;6;100.000 %
Campus Cachoeiro de Itapemirim;Técnico em Mineração;Concomitante;Química aplicada à mineração;2022/2;Aprovado;7;77.780 %
Campus Cachoeiro de Itapemirim;Técnico em Mineração;Concomitante;Química aplicada à mineração;2022/2;Reprovado;2;22.220 %
Campus Cachoeiro de Itapemirim;Técnico em Mineração;Concomitante;Química aplicada à mineração;2021/2;Aprovado;2;100.000 %
Campus Cachoeiro de Itapemirim;Técnico em Mineração;Concomitante;Química aplicada à mineração;2020/1;Reprovado;1;100.000 %
Campus Cachoeiro de Itapemirim;Técnico em Mineração;Concomitante;Química aplicada à mineração;2021/1;Reprovado;1;100.000 %
Campus Cachoeiro de Itapemirim;Técnico em Mineração;Concomitante;Química aplicada à mineração;2024/1;Aprovado;4;66.670 %
Campus Cachoeiro de Itapemirim;Técnico em Mineração;Concomitante;Química aplicada à mineração;2024/1;Reprovado;2;33.330 %
Campus Cachoeiro de Itapemirim;Técnico em Mineração;Concomitante;Química aplicada à mineração;2024/2;Aprovado;12;100.000 %
Campus Cachoeiro de Itapemirim;Técnico em Mineração;Concomitante;Química aplicada à mineração;2023/1;Reprovado;2;20.000 %
Campus Cachoeiro de Itapemirim;Técnico em Mineração;Concomitante;Química aplicada à mineração;2023/1;Aprovado;8;80.000 %
Campus Cachoeiro de Itapemirim;Técnico em Mineração;Concomitante;Química aplicada à mineração;2023/2;Aproveit. Disciplina;2;15.380 %
Campus Cachoeiro de Itapemirim;Técnico em Mineração;Concomitante;Química aplicada à mineração;2023/2;Aprovado;11;84.620 %
Campus Cachoeiro de Itapemirim;Técnico em Mineração;Concomitante;Mineralogia e petrografia;2023/2;Aprovado;4;80.000 %
Campus Cachoeiro de Itapemirim;Técnico em Mineração;Concomitante;Mineralogia e petrografia;2023/2;Aprovado;4;100.000 %
Campus Cachoeiro de Itapemirim;Técnico em Mineração;Concomitante;Mineralogia e petrografia;2023/2;Aproveit. Disciplina;1;20.000 %
Campus Cachoeiro de Itapemirim;Técnico em Mineração;Concomitante;Mineralogia e petrografia;2023/1;Aprovado;8;88.890 %
Campus Cachoeiro de Itapemirim;Técnico em Mineração;Concomitante;Mineralogia e petrografia;2023/1;Reprovado;1;11.110 %
Campus Cachoeiro de Itapemirim;Técnico em Mineração;Concomitante;Mineralogia e petrografia;2024/2;Aprovado;4;100.000 %
Campus Cachoeiro de Itapemirim;Técnico em Mineração;Concomitante;Mineralogia e petrografia;2024/1;Aprovado;10;83.330 %
Campus Cachoeiro de Itapemirim;Técnico em Mineração;Concomitante;Mineralogia e petrografia;2022/2;Aprovado;6;85.710 %
Campus Cachoeiro de Itapemirim;Técnico em Mineração;Concomitante;Mineralogia e petrografia;2022/1;Reprovado;1;50.000 %
Campus Cachoeiro de Itapemirim;Técnico em Mineração;Concomitante;Mineralogia e petrografia;2022/1;Aprovado;1;50.000 %
Campus Cachoeiro de Itapemirim;Técnico em Mineração;Concomitante;Mineralogia e petrografia;2025/1;Aprovado;14;100.000 %
Campus Cachoeiro de Itapemirim;Técnico em Mineração;Concomitante;Mineralogia e petrografia;2025/2;Aprovado;12;100.000 %
Campus Cachoeiro de Itapemirim;Técnico em Mineração;Concomitante;Mineralogia e petrografia;2026/1;Aprovado;10;100.000 %
Campus Cachoeiro de Itapemirim;Técnico em Mineração;Concomitante;Serviços e equipamentos de mineração;2026/1;Reprovado;1;7.690 %
Campus Cachoeiro de Itapemirim;Técnico em Mineração;Concomitante;Serviços e equipamentos de mineração;2026/1;Aprovado;12;92.310 %
Campus Cachoeiro de Itapemirim;Técnico em Mineração;Concomitante;Serviços e equipamentos de mineração;2025/1;Aprovado;11;100.000 %
Campus Cachoeiro de Itapemirim;Técnico em Mineração;Concomitante;Serviços e equipamentos de mineração;2025/2;Aprovado;5;100.000 %
Campus Cachoeiro de Itapemirim;Técnico em Mineração;Concomitante;Serviços e equipamentos de mineração;2024/1;Aprovado;7;87.500 %
Campus Cachoeiro de Itapemirim;Técnico em Mineração;Concomitante;Serviços e equipamentos de mineração;2024/2;Aprovado;9;100.000 %
Campus Cachoeiro de Itapemirim;Técnico em Mineração;Concomitante;Serviços e equipamentos de mineração;2023/1;Aprovado;1;100.000 %
Campus Cachoeiro de Itapemirim;Técnico em Mineração;Concomitante;Serviços e equipamentos de mineração;2023/2;Aprovado;6;100.000 %
Campus Cachoeiro de Itapemirim;Técnico em Mineração;Concomitante;Concentração e separação sólido-líquido;2023/2;Aprovado;2;100.000 %
Campus Cachoeiro de Itapemirim;Técnico em Mineração;Concomitante;Concentração e separação sólido-líquido;2023/2;Aprovado;4;100.000 %
Campus Cachoeiro de Itapemirim;Técnico em Mineração;Concomitante;Concentração e separação sólido-líquido;2023/1;Aprovado;1;100.000 %
Campus Cachoeiro de Itapemirim;Técnico em Mineração;Concomitante;Concentração e separação sólido-líquido;2024/2;Aprovado;9;100.000 %
Campus Cachoeiro de Itapemirim;Técnico em Mineração;Concomitante;Concentração e separação sólido-líquido;2024/1;Aprovado;7;87.500 %
Campus Cachoeiro de Itapemirim;Técnico em Mineração;Concomitante;Concentração e separação sólido-líquido;2025/2;Aprovado;5;100.000 %
Campus Cachoeiro de Itapemirim;Técnico em Mineração;Concomitante;Concentração e separação sólido-líquido;2025/1;Aprovado;11;100.000 %
Campus Cachoeiro de Itapemirim;Técnico em Mineração;Concomitante;Concentração e separação sólido-líquido;2026/1;Aprovado;12;92.310 %
Campus Cachoeiro de Itapemirim;Técnico em Mineração;Concomitante;Concentração e separação sólido-líquido;2026/1;Reprovado;1;7.690 %
Campus Cachoeiro de Itapemirim;Técnico em Mineração;Concomitante;SMS aplicado à mineração;2026/1;Aprovado;10;100.000 %
Campus Cachoeiro de Itapemirim;Técnico em Mineração;Concomitante;Pesquisa mineral;2026/1;Aprovado;11;91.670 %
Campus Cachoeiro de Itapemirim;Técnico em Mineração;Concomitante;Pesquisa mineral;2026/1;Reprovado;1;8.330 %
Campus Cachoeiro de Itapemirim;Técnico em Mineração;Concomitante;Pesquisa mineral;2025/2;Aprovado;13;92.860 %
Campus Cachoeiro de Itapemirim;Técnico em Mineração;Concomitante;Pesquisa mineral;2025/1;Aprovado;4;100.000 %
Campus Cachoeiro de Itapemirim;Técnico em Mineração;Concomitante;Pesquisa mineral;2022/2;Aprovado;1;100.000 %
Campus Cachoeiro de Itapemirim;Técnico em Mineração;Concomitante;Pesquisa mineral;2024/1;Aprovado;9;90.000 %
Campus Cachoeiro de Itapemirim;Técnico em Mineração;Concomitante;Pesquisa mineral;2024/1;Reprovado;1;10.000 %
Campus Cachoeiro de Itapemirim;Técnico em Mineração;Concomitante;Pesquisa mineral;2024/2;Aprovado;11;100.000 %
Campus Cachoeiro de Itapemirim;Técnico em Mineração;Concomitante;Pesquisa mineral;2023/1;Aprovado;6;100.000 %
Campus Cachoeiro de Itapemirim;Técnico em Mineração;Concomitante;Pesquisa mineral;2023/2;Reprovado;1;11.110 %
Campus Cachoeiro de Itapemirim;Técnico em Mineração;Concomitante;Pesquisa mineral;2023/2;Aprovado;8;88.890 %
Campus Cachoeiro de Itapemirim;Técnico em Mineração;Concomitante;Inglês técnico;2023/2;Aprovado;5;83.330 %
Campus Cachoeiro de Itapemirim;Técnico em Mineração;Concomitante;Inglês técnico;2023/2;Aproveit. Disciplina;1;16.670 %
Campus Cachoeiro de Itapemirim;Técnico em Mineração;Concomitante;Inglês técnico;2023/1;Aprovado;1;100.000 %
Campus Cachoeiro de Itapemirim;Técnico em Mineração;Concomitante;Inglês técnico;2024/2;Aprovado;8;88.890 %
Campus Cachoeiro de Itapemirim;Técnico em Mineração;Concomitante;Inglês técnico;2024/2;Aproveit. Disciplina;1;11.110 %
Campus Cachoeiro de Itapemirim;Técnico em Mineração;Concomitante;Inglês técnico;2024/1;Aprovado;7;87.500 %
Campus Cachoeiro de Itapemirim;Técnico em Mineração;Concomitante;Inglês técnico;2025/1;Aprovado;11;100.000 %
Campus Cachoeiro de Itapemirim;Técnico em Mineração;Concomitante;Inglês técnico;2025/2;Aprovado;3;60.000 %
Campus Cachoeiro de Itapemirim;Técnico em Mineração;Concomitante;Inglês técnico;2025/2;Aproveit. Disciplina;2;40.000 %
Campus Cachoeiro de Itapemirim;Técnico em Mineração;Concomitante;Inglês técnico;2026/1;Reprovado;1;7.690 %
Campus Cachoeiro de Itapemirim;Técnico em Mineração;Concomitante;Inglês técnico;2026/1;Aprovado;12;92.310 %
Campus Cachoeiro de Itapemirim;Técnico em Mineração;Concomitante;Aplicação de bens minerais e energéticos;2026/1;Aprovado;12;92.310 %
Campus Cachoeiro de Itapemirim;Técnico em Mineração;Concomitante;Aplicação de bens minerais e energéticos;2026/1;Reprovado;1;7.690 %
Campus Cachoeiro de Itapemirim;Técnico em Mineração;Concomitante;Aplicação de bens minerais e energéticos;2025/2;Aprovado;5;100.000 %
Campus Cachoeiro de Itapemirim;Técnico em Mineração;Concomitante;Aplicação de bens minerais e energéticos;2025/1;Aprovado;11;100.000 %
Campus Cachoeiro de Itapemirim;Técnico em Mineração;Concomitante;Aplicação de bens minerais e energéticos;2024/1;Aprovado;3;100.000 %
Campus Cachoeiro de Itapemirim;Técnico em Mineração;Concomitante;Aplicação de bens minerais e energéticos;2024/1;Aprovado;4;80.000 %
Campus Cachoeiro de Itapemirim;Técnico em Mineração;Concomitante;Aplicação de bens minerais e energéticos;2024/2;Aprovado;9;100.000 %
Campus Cachoeiro de Itapemirim;Técnico em Mineração;Concomitante;Aplicação de bens minerais e energéticos;2023/1;Aprovado;1;100.000 %
Campus Cachoeiro de Itapemirim;Técnico em Mineração;Concomitante;Aplicação de bens minerais e energéticos;2023/2;Aprovado;6;100.000 %
Campus Cachoeiro de Itapemirim;Técnico em Mineração;Concomitante;Beneficiamento de rochas ornamentais;2023/2;Aprovado;6;100.000 %
Campus Cachoeiro de Itapemirim;Técnico em Mineração;Concomitante;Beneficiamento de rochas ornamentais;2023/1;Aprovado;1;100.000 %
Campus Cachoeiro de Itapemirim;Técnico em Mineração;Concomitante;Beneficiamento de rochas ornamentais;2024/2;Aprovado;8;100.000 %
Campus Cachoeiro de Itapemirim;Técnico em Mineração;Concomitante;Beneficiamento de rochas ornamentais;2024/1;Aprovado;7;87.500 %
Campus Cachoeiro de Itapemirim;Técnico em Mineração;Concomitante;Beneficiamento de rochas ornamentais;2025/1;Aprovado;7;100.000 %
Campus Cachoeiro de Itapemirim;Técnico em Mineração;Concomitante;Beneficiamento de rochas ornamentais;2025/1;Aprovado;4;100.000 %
Campus Cachoeiro de Itapemirim;Técnico em Mineração;Concomitante;Beneficiamento de rochas ornamentais;2025/2;Aprovado;5;100.000 %
Campus Cachoeiro de Itapemirim;Técnico em Mineração;Concomitante;Beneficiamento de rochas ornamentais;2026/1;Reprovado;1;14.290 %
Campus Cachoeiro de Itapemirim;Técnico em Mineração;Concomitante;Beneficiamento de rochas ornamentais;2026/1;Aprovado;6;85.710 %
Campus Cachoeiro de Itapemirim;Técnico em Mineração;Concomitante;Beneficiamento de rochas ornamentais;2026/1;Aprovado;6;100.000 %
Campus Cachoeiro de Itapemirim;Técnico em Mineração;Concomitante;Caracterização tecnológica de rochas ornamentais;2026/1;Aprovado;6;85.710 %
Campus Cachoeiro de Itapemirim;Técnico em Mineração;Concomitante;Caracterização tecnológica de rochas ornamentais;2026/1;Aprovado;6;100.000 %
Campus Cachoeiro de Itapemirim;Técnico em Mineração;Concomitante;Caracterização tecnológica de rochas ornamentais;2026/1;Reprovado;1;14.290 %
Campus Cachoeiro de Itapemirim;Técnico em Mineração;Concomitante;Caracterização tecnológica de rochas ornamentais;2025/2;Aprovado;5;100.000 %
Campus Cachoeiro de Itapemirim;Técnico em Mineração;Concomitante;Caracterização tecnológica de rochas ornamentais;2025/1;Aprovado;7;100.000 %
Campus Cachoeiro de Itapemirim;Técnico em Mineração;Concomitante;Caracterização tecnológica de rochas ornamentais;2025/1;Aprovado;4;100.000 %
Campus Cachoeiro de Itapemirim;Técnico em Mineração;Concomitante;Caracterização tecnológica de rochas ornamentais;2024/1;Aprovado;3;100.000 %
Campus Cachoeiro de Itapemirim;Técnico em Mineração;Concomitante;Caracterização tecnológica de rochas ornamentais;2024/1;Aprovado;4;80.000 %
Campus Cachoeiro de Itapemirim;Técnico em Mineração;Concomitante;Caracterização tecnológica de rochas ornamentais;2024/2;Aprovado;8;100.000 %
Campus Cachoeiro de Itapemirim;Técnico em Mineração;Concomitante;Caracterização tecnológica de rochas ornamentais;2023/1;Aprovado;1;100.000 %
Campus Cachoeiro de Itapemirim;Técnico em Mineração;Concomitante;Caracterização tecnológica de rochas ornamentais;2023/2;Aprovado;4;100.000 %
Campus Cachoeiro de Itapemirim;Técnico em Mineração;Concomitante;Caracterização tecnológica de rochas ornamentais;2023/2;Aprovado;2;100.000 %
Campus Cachoeiro de Itapemirim;Técnico em Mineração;Concomitante;Fundamentos da administração;2023/2;Aprovado;6;100.000 %
Campus Cachoeiro de Itapemirim;Técnico em Mineração;Concomitante;Fundamentos da administração;2023/1;Aprovado;1;100.000 %
Campus Cachoeiro de Itapemirim;Técnico em Mineração;Concomitante;Fundamentos da administração;2024/2;Aprovado;9;100.000 %
Campus Cachoeiro de Itapemirim;Técnico em Mineração;Concomitante;Fundamentos da administração;2024/1;Aprovado;7;87.500 %
Campus Cachoeiro de Itapemirim;Técnico em Mineração;Concomitante;Fundamentos da administração;2025/1;Aprovado;10;90.910 %
Campus Cachoeiro de Itapemirim;Técnico em Mineração;Concomitante;Fundamentos da administração;2025/1;Reprovado;1;9.090 %
Campus Cachoeiro de Itapemirim;Técnico em Mineração;Concomitante;Fundamentos da administração;2025/2;Reprovado;1;16.670 %
Campus Cachoeiro de Itapemirim;Técnico em Mineração;Concomitante;Fundamentos da administração;2025/2;Aprovado;5;83.330 %
Campus Cachoeiro de Itapemirim;Técnico em Mineração;Concomitante;Geologia aplicada;2026/1;Aprovado;10;100.000 %
Campus Cachoeiro de Itapemirim;Técnico em Mineração;Concomitante;Geologia aplicada;2025/2;Aprovado;12;100.000 %
Campus Cachoeiro de Itapemirim;Técnico em Mineração;Concomitante;Geologia aplicada;2025/1;Aprovado;14;100.000 %
Campus Cachoeiro de Itapemirim;Técnico em Mineração;Concomitante;Geologia aplicada;2022/1;Reprovado;2;100.000 %
Campus Cachoeiro de Itapemirim;Técnico em Mineração;Concomitante;Geologia aplicada;2022/2;Aprovado;6;85.710 %
Campus Cachoeiro de Itapemirim;Técnico em Mineração;Concomitante;Geologia aplicada;2022/2;Aprovado;1;100.000 %
Campus Cachoeiro de Itapemirim;Técnico em Mineração;Concomitante;Geologia aplicada;2024/1;Aprovado;10;83.330 %
Campus Cachoeiro de Itapemirim;Técnico em Mineração;Concomitante;Geologia aplicada;2024/2;Aprovado;4;100.000 %
Campus Cachoeiro de Itapemirim;Técnico em Mineração;Concomitante;Geologia aplicada;2023/1;Reprovado;2;22.220 %
Campus Cachoeiro de Itapemirim;Técnico em Mineração;Concomitante;Geologia aplicada;2023/1;Aprovado;7;77.780 %
Campus Cachoeiro de Itapemirim;Técnico em Mineração;Concomitante;Geologia aplicada;2023/2;Aproveit. Disciplina;1;10.000 %
Campus Cachoeiro de Itapemirim;Técnico em Mineração;Concomitante;Geologia aplicada;2023/2;Aprovado;9;90.000 %
Campus Cachoeiro de Itapemirim;Técnico em Mineração;Concomitante;SMS aplicado à mineração;2023/2;Aprovado;7;87.500 %
Campus Cachoeiro de Itapemirim;Técnico em Mineração;Concomitante;SMS aplicado à mineração;2023/2;Aproveit. Disciplina;1;12.500 %
Campus Cachoeiro de Itapemirim;Técnico em Mineração;Concomitante;SMS aplicado à mineração;2023/1;Aprovado;9;100.000 %
Campus Cachoeiro de Itapemirim;Técnico em Mineração;Concomitante;SMS aplicado à mineração;2024/2;Aprovado;4;100.000 %
Campus Cachoeiro de Itapemirim;Técnico em Mineração;Concomitante;SMS aplicado à mineração;2024/1;Aprovado;10;83.330 %
Campus Cachoeiro de Itapemirim;Técnico em Mineração;Concomitante;SMS aplicado à mineração;2022/2;Aproveit. Disciplina;1;14.290 %
Campus Cachoeiro de Itapemirim;Técnico em Mineração;Concomitante;SMS aplicado à mineração;2022/2;Reprovado;1;14.290 %
Campus Cachoeiro de Itapemirim;Técnico em Mineração;Concomitante;SMS aplicado à mineração;2022/2;Aprovado;4;57.140 %
Campus Cachoeiro de Itapemirim;Técnico em Mineração;Concomitante;SMS aplicado à mineração;2022/1;Aprovado;2;100.000 %
Campus Cachoeiro de Itapemirim;Técnico em Mineração;Concomitante;SMS aplicado à mineração;2025/1;Aprovado;14;100.000 %
Campus Cachoeiro de Itapemirim;Técnico em Mineração;Concomitante;SMS aplicado à mineração;2025/2;Aprovado;12;100.000 %
Campus Cachoeiro de Itapemirim;Técnico em Mineração;Concomitante;Fundamentos da administração;2026/1;Aprovado;12;85.710 %
Campus Cachoeiro de Itapemirim;Técnico em Mineração;Concomitante;Fundamentos da administração;2026/1;Reprovado;2;14.290 %
Campus Cachoeiro de Itapemirim;Técnico em Eletromecânica;Integrado;Filosofia;2025/1;Aprovado;40;100.000 %
Campus Cachoeiro de Itapemirim;Técnico em Eletromecânica;Integrado;História I;2025/1;Aprovado;40;100.000 %
Campus Cachoeiro de Itapemirim;Técnico em Eletromecânica;Integrado;Geografia I;2025/1;Aprovado;40;100.000 %
Campus Cachoeiro de Itapemirim;Técnico em Eletromecânica;Integrado;Educação física I;2025/1;Aprovado;40;100.000 %
Campus Cachoeiro de Itapemirim;Técnico em Eletromecânica;Integrado;Língua portuguesa e literaturas I;2025/1;Aprovado;40;100.000 %
Campus Cachoeiro de Itapemirim;Técnico em Eletromecânica;Integrado;Língua estrangeira moderna - inglês I;2025/1;Aprovado;40;100.000 %
Campus Cachoeiro de Itapemirim;Técnico em Eletromecânica;Integrado;Matemática I;2025/1;Aprovado;40;100.000 %
Campus Cachoeiro de Itapemirim;Técnico em Eletromecânica;Integrado;Física I;2025/1;Aprovado;19;95.000 %
Campus Cachoeiro de Itapemirim;Técnico em Eletromecânica;Integrado;Física I;2025/1;Aprovado;20;100.000 %
Campus Cachoeiro de Itapemirim;Técnico em Eletromecânica;Integrado;Física I;2025/1;Reprovado;1;5.000 %
Campus Cachoeiro de Itapemirim;Técnico em Eletromecânica;Integrado;Biologia I;2025/1;Reprovado;3;7.500 %
Campus Cachoeiro de Itapemirim;Técnico em Eletromecânica;Integrado;Biologia I;2025/1;Aprovado;37;92.500 %
Campus Cachoeiro de Itapemirim;Técnico em Eletromecânica;Integrado;Desenho técnico e introdução a CAD;2025/1;Aprovado;21;100.000 %
Campus Cachoeiro de Itapemirim;Técnico em Eletromecânica;Integrado;Desenho técnico e introdução a CAD;2025/1;Aprovado;20;100.000 %
Campus Cachoeiro de Itapemirim;Técnico em Eletromecânica;Integrado;Metrologia aplicada à eletromecânica;2025/1;Aprovado;20;100.000 %
Campus Cachoeiro de Itapemirim;Técnico em Eletromecânica;Integrado;Metrologia aplicada à eletromecânica;2025/1;Aprovado;21;100.000 %
Campus Cachoeiro de Itapemirim;Técnico em Eletromecânica;Integrado;Fundamentos da eletromecânica e SMS;2025/1;Aprovado;40;100.000 %
Campus Cachoeiro de Itapemirim;Técnico em Eletromecânica;Integrado;Introdução à informática e programação;2025/1;Aprovado;20;100.000 %
Campus Cachoeiro de Itapemirim;Técnico em Eletromecânica;Integrado;Introdução à informática e programação;2025/1;Aprovado;21;100.000 %
Campus Cachoeiro de Itapemirim;Técnico em Eletromecânica;Integrado;Legislação e empreendedorismo;2025/1;Aprovado;40;100.000 %
Campus Cachoeiro de Itapemirim;Técnico em Eletromecânica;Integrado;Língua portuguesa e literatura brasileira;2024/1;Aprovado;39;100.000 %
Campus Cachoeiro de Itapemirim;Técnico em Eletromecânica;Integrado;Língua portuguesa e literatura brasileira;2023/1;Aprovado;30;100.000 %
Campus Cachoeiro de Itapemirim;Técnico em Eletromecânica;Integrado;Língua portuguesa e literatura brasileira;2022/1;Aprovado;4;100.000 %
Campus Cachoeiro de Itapemirim;Técnico em Eletromecânica;Integrado;Matemática;2022/1;Aprovado;4;100.000 %
Campus Cachoeiro de Itapemirim;Técnico em Eletromecânica;Integrado;Matemática;2023/1;Aprovado;30;100.000 %
Campus Cachoeiro de Itapemirim;Técnico em Eletromecânica;Integrado;Matemática;2024/1;Aprovado;39;100.000 %
Campus Cachoeiro de Itapemirim;Técnico em Eletromecânica;Integrado;Física;2024/1;Aprovado;15;78.950 %
Campus Cachoeiro de Itapemirim;Técnico em Eletromecânica;Integrado;Física;2024/1;Aprovado;22;100.000 %
Campus Cachoeiro de Itapemirim;Técnico em Eletromecânica;Integrado;Física;2024/1;Reprovado;3;15.790 %
Campus Cachoeiro de Itapemirim;Técnico em Eletromecânica;Integrado;Física;2023/1;Aprovado;12;92.310 %
Campus Cachoeiro de Itapemirim;Técnico em Eletromecânica;Integrado;Física;2023/1;Aprovado;17;100.000 %
Campus Cachoeiro de Itapemirim;Técnico em Eletromecânica;Integrado;Física;2023/1;Reprovado;1;7.690 %
Campus Cachoeiro de Itapemirim;Técnico em Eletromecânica;Integrado;Física;2022/1;Aprovado;2;100.000 %
Campus Cachoeiro de Itapemirim;Técnico em Eletromecânica;Integrado;Física;2022/1;Aprovado;2;100.000 %
Campus Cachoeiro de Itapemirim;Técnico em Eletromecânica;Integrado;Física;2025/1;Aprovado;1;100.000 %
Campus Cachoeiro de Itapemirim;Técnico em Eletromecânica;Integrado;Química;2022/1;Aprovado;4;100.000 %
Campus Cachoeiro de Itapemirim;Técnico em Eletromecânica;Integrado;Química;2023/1;Reprovado;4;13.330 %
Campus Cachoeiro de Itapemirim;Técnico em Eletromecânica;Integrado;Química;2023/1;Aprovado;26;86.670 %
Campus Cachoeiro de Itapemirim;Técnico em Eletromecânica;Integrado;Química;2024/1;Reprovado;4;9.300 %
Campus Cachoeiro de Itapemirim;Técnico em Eletromecânica;Integrado;Química;2024/1;Aprovado;39;90.700 %
Campus Cachoeiro de Itapemirim;Técnico em Eletromecânica;Integrado;Biologia;2024/1;Reprovado;3;7.500 %
Campus Cachoeiro de Itapemirim;Técnico em Eletromecânica;Integrado;Biologia;2024/1;Aprovado;37;92.500 %
Campus Cachoeiro de Itapemirim;Técnico em Eletromecânica;Integrado;Biologia;2023/1;Reprovado;1;3.230 %
Campus Cachoeiro de Itapemirim;Técnico em Eletromecânica;Integrado;Biologia;2023/1;Aprovado;30;96.770 %
Campus Cachoeiro de Itapemirim;Técnico em Eletromecânica;Integrado;Biologia;2022/1;Reprovado;1;25.000 %
Campus Cachoeiro de Itapemirim;Técnico em Eletromecânica;Integrado;Biologia;2022/1;Aprovado;3;75.000 %
Campus Cachoeiro de Itapemirim;Técnico em Eletromecânica;Integrado;Biologia;2025/1;Aprovado;2;100.000 %
Campus Cachoeiro de Itapemirim;Técnico em Eletromecânica;Integrado;História;2022/1;Aprovado;4;100.000 %
Campus Cachoeiro de Itapemirim;Técnico em Eletromecânica;Integrado;História;2023/1;Aprovado;30;100.000 %
Campus Cachoeiro de Itapemirim;Técnico em Eletromecânica;Integrado;História;2024/1;Aprovado;39;100.000 %
Campus Cachoeiro de Itapemirim;Técnico em Eletromecânica;Integrado;Geografia;2024/1;Aprovado;39;100.000 %
Campus Cachoeiro de Itapemirim;Técnico em Eletromecânica;Integrado;Geografia;2023/1;Aprovado;30;100.000 %
Campus Cachoeiro de Itapemirim;Técnico em Eletromecânica;Integrado;Geografia;2022/1;Aprovado;4;100.000 %
Campus Cachoeiro de Itapemirim;Técnico em Eletromecânica;Integrado;Filosofia / sociologia;2022/1;Aprovado;4;100.000 %
Campus Cachoeiro de Itapemirim;Técnico em Eletromecânica;Integrado;Filosofia / sociologia;2023/1;Aprovado;30;100.000 %
Campus Cachoeiro de Itapemirim;Técnico em Eletromecânica;Integrado;Filosofia / sociologia;2024/1;Aprovado;39;100.000 %
Campus Cachoeiro de Itapemirim;Técnico em Eletromecânica;Integrado;Inglês;2024/1;Aprovado;39;100.000 %
Campus Cachoeiro de Itapemirim;Técnico em Eletromecânica;Integrado;Inglês;2023/1;Aprovado;30;100.000 %
Campus Cachoeiro de Itapemirim;Técnico em Eletromecânica;Integrado;Inglês;2022/1;Aprovado;4;100.000 %
Campus Cachoeiro de Itapemirim;Técnico em Eletromecânica;Integrado;Segurança, meio ambiente e saúde;2022/1;Aprovado;2;100.000 %
Campus Cachoeiro de Itapemirim;Técnico em Eletromecânica;Integrado;Segurança, meio ambiente e saúde;2022/1;Aprovado;2;100.000 %
Campus Cachoeiro de Itapemirim;Técnico em Eletromecânica;Integrado;Segurança, meio ambiente e saúde;2023/1;Aprovado;17;100.000 %
Campus Cachoeiro de Itapemirim;Técnico em Eletromecânica;Integrado;Segurança, meio ambiente e saúde;2023/1;Aprovado;13;100.000 %
Campus Cachoeiro de Itapemirim;Técnico em Eletromecânica;Integrado;Segurança, meio ambiente e saúde;2024/1;Aprovado;38;97.440 %
Campus Cachoeiro de Itapemirim;Técnico em Eletromecânica;Integrado;Segurança, meio ambiente e saúde;2024/1;Reprovado;1;2.560 %
Campus Cachoeiro de Itapemirim;Técnico em Eletromecânica;Integrado;Informática;2024/1;Aprovado;39;100.000 %
Campus Cachoeiro de Itapemirim;Técnico em Eletromecânica;Integrado;Informática;2023/1;Aprovado;30;100.000 %
Campus Cachoeiro de Itapemirim;Técnico em Eletromecânica;Integrado;Informática;2022/1;Aprovado;4;100.000 %
Campus Cachoeiro de Itapemirim;Técnico em Eletromecânica;Integrado;Desenho técnico;2022/1;Aprovado;2;100.000 %
Campus Cachoeiro de Itapemirim;Técnico em Eletromecânica;Integrado;Desenho técnico;2022/1;Aprovado;2;100.000 %
Campus Cachoeiro de Itapemirim;Técnico em Eletromecânica;Integrado;Desenho técnico;2023/1;Aprovado;17;100.000 %
Campus Cachoeiro de Itapemirim;Técnico em Eletromecânica;Integrado;Desenho técnico;2023/1;Aprovado;13;100.000 %
Campus Cachoeiro de Itapemirim;Técnico em Eletromecânica;Integrado;Desenho técnico;2024/1;Aprovado;21;100.000 %
Campus Cachoeiro de Itapemirim;Técnico em Eletromecânica;Integrado;Desenho técnico;2024/1;Aprovado;18;94.740 %
Campus Cachoeiro de Itapemirim;Técnico em Eletromecânica;Integrado;Metrologia;2024/1;Aprovado;21;100.000 %
Campus Cachoeiro de Itapemirim;Técnico em Eletromecânica;Integrado;Metrologia;2024/1;Aprovado;18;94.740 %
Campus Cachoeiro de Itapemirim;Técnico em Eletromecânica;Integrado;Metrologia;2023/1;Aprovado;17;100.000 %
Campus Cachoeiro de Itapemirim;Técnico em Eletromecânica;Integrado;Metrologia;2023/1;Aprovado;13;100.000 %
Campus Cachoeiro de Itapemirim;Técnico em Eletromecânica;Integrado;Metrologia;2022/1;Aprovado;2;100.000 %
Campus Cachoeiro de Itapemirim;Técnico em Eletromecânica;Integrado;Metrologia;2022/1;Aprovado;2;100.000 %
Campus Cachoeiro de Itapemirim;Técnico em Eletromecânica;Integrado;Língua portuguesa e literatura brasileira;2023/1;Aprovado /Rep. no Módulo;1;25.000 %
Campus Cachoeiro de Itapemirim;Técnico em Eletromecânica;Integrado;Língua portuguesa e literatura brasileira;2023/1;Aprovado;3;75.000 %
Campus Cachoeiro de Itapemirim;Técnico em Eletromecânica;Integrado;Língua portuguesa e literatura brasileira;2024/1;Reprovado;1;3.230 %
Campus Cachoeiro de Itapemirim;Técnico em Eletromecânica;Integrado;Língua portuguesa e literatura brasileira;2024/1;Aprovado;30;96.770 %
Campus Cachoeiro de Itapemirim;Técnico em Eletromecânica;Integrado;Língua portuguesa e literatura brasileira;2025/1;Aprovado;39;100.000 %
Campus Cachoeiro de Itapemirim;Técnico em Eletromecânica;Integrado;Matemática;2025/1;Aprovado;22;100.000 %
Campus Cachoeiro de Itapemirim;Técnico em Eletromecânica;Integrado;Matemática;2025/1;Aprovado;18;94.740 %
Campus Cachoeiro de Itapemirim;Técnico em Eletromecânica;Integrado;Matemática;2025/1;Reprovado;1;5.260 %
Campus Cachoeiro de Itapemirim;Técnico em Eletromecânica;Integrado;Matemática;2024/1;Aprovado;14;82.350 %
Campus Cachoeiro de Itapemirim;Técnico em Eletromecânica;Integrado;Matemática;2024/1;Aprovado;14;87.500 %
Campus Cachoeiro de Itapemirim;Técnico em Eletromecânica;Integrado;Matemática;2024/1;Reprovado;2;11.760 %
Campus Cachoeiro de Itapemirim;Técnico em Eletromecânica;Integrado;Matemática;2024/1;Reprovado;1;6.250 %
Campus Cachoeiro de Itapemirim;Técnico em Eletromecânica;Integrado;Matemática;2023/1;Aprovado;3;100.000 %
Campus Cachoeiro de Itapemirim;Técnico em Eletromecânica;Integrado;Matemática;2023/1;Reprovado;1;100.000 %
Campus Cachoeiro de Itapemirim;Técnico em Eletromecânica;Integrado;Física;2023/1;Aprovado /Rep. no Módulo;1;25.000 %
Campus Cachoeiro de Itapemirim;Técnico em Eletromecânica;Integrado;Física;2023/1;Aprovado;3;75.000 %
Campus Cachoeiro de Itapemirim;Técnico em Eletromecânica;Integrado;Física;2024/1;Reprovado;3;9.680 %
Campus Cachoeiro de Itapemirim;Técnico em Eletromecânica;Integrado;Física;2024/1;Aprovado;28;90.320 %
Campus Cachoeiro de Itapemirim;Técnico em Eletromecânica;Integrado;Física;2025/1;Reprovado;3;7.320 %
Campus Cachoeiro de Itapemirim;Técnico em Eletromecânica;Integrado;Física;2025/1;Aprovado;38;92.680 %
Campus Cachoeiro de Itapemirim;Técnico em Eletromecânica;Integrado;Química;2025/1;Aprovado;39;95.120 %
Campus Cachoeiro de Itapemirim;Técnico em Eletromecânica;Integrado;Química;2025/1;Reprovado;2;4.880 %
Campus Cachoeiro de Itapemirim;Técnico em Eletromecânica;Integrado;Química;2024/1;Aprovado;28;90.320 %
Campus Cachoeiro de Itapemirim;Técnico em Eletromecânica;Integrado;Química;2024/1;Reprovado;3;9.680 %
Campus Cachoeiro de Itapemirim;Técnico em Eletromecânica;Integrado;Química;2023/1;Aprovado;3;75.000 %
Campus Cachoeiro de Itapemirim;Técnico em Eletromecânica;Integrado;Química;2023/1;Aprovado /Rep. no Módulo;1;25.000 %
Campus Cachoeiro de Itapemirim;Técnico em Eletromecânica;Integrado;Biologia 2;2023/1;Aprovado;2;50.000 %
Campus Cachoeiro de Itapemirim;Técnico em Eletromecânica;Integrado;Biologia 2;2023/1;Reprovado;2;50.000 %
Campus Cachoeiro de Itapemirim;Técnico em Eletromecânica;Integrado;Biologia 2;2024/1;Reprovado;4;12.500 %
Campus Cachoeiro de Itapemirim;Técnico em Eletromecânica;Integrado;Biologia 2;2024/1;Aprovado;28;87.500 %
Campus Cachoeiro de Itapemirim;Técnico em Eletromecânica;Integrado;Biologia 2;2025/1;Reprovado;1;2.380 %
Campus Cachoeiro de Itapemirim;Técnico em Eletromecânica;Integrado;Biologia 2;2025/1;Aprovado;41;97.620 %
Campus Cachoeiro de Itapemirim;Técnico em Eletromecânica;Integrado;História;2025/1;Aprovado;40;100.000 %
Campus Cachoeiro de Itapemirim;Técnico em Eletromecânica;Integrado;História;2024/1;Aprovado;30;96.770 %
Campus Cachoeiro de Itapemirim;Técnico em Eletromecânica;Integrado;História;2024/1;Reprovado;1;3.230 %
Campus Cachoeiro de Itapemirim;Técnico em Eletromecânica;Integrado;História;2023/1;Aprovado;3;75.000 %
Campus Cachoeiro de Itapemirim;Técnico em Eletromecânica;Integrado;História;2023/1;Reprovado;1;25.000 %
Campus Cachoeiro de Itapemirim;Técnico em Eletromecânica;Integrado;Geografia;2023/1;Aprovado;3;75.000 %
Campus Cachoeiro de Itapemirim;Técnico em Eletromecânica;Integrado;Geografia;2023/1;Reprovado;1;25.000 %
Campus Cachoeiro de Itapemirim;Técnico em Eletromecânica;Integrado;Geografia;2024/1;Reprovado;1;3.230 %
Campus Cachoeiro de Itapemirim;Técnico em Eletromecânica;Integrado;Geografia;2024/1;Aprovado;30;96.770 %
Campus Cachoeiro de Itapemirim;Técnico em Eletromecânica;Integrado;Geografia;2025/1;Aprovado;40;100.000 %
Campus Cachoeiro de Itapemirim;Técnico em Eletromecânica;Integrado;Educação física;2025/1;Aprovado;40;100.000 %
Campus Cachoeiro de Itapemirim;Técnico em Eletromecânica;Integrado;Educação física;2024/1;Aprovado;29;93.550 %
Campus Cachoeiro de Itapemirim;Técnico em Eletromecânica;Integrado;Educação física;2024/1;Aprovado /Rep. no Módulo;1;3.230 %
Campus Cachoeiro de Itapemirim;Técnico em Eletromecânica;Integrado;Educação física;2024/1;Reprovado;1;3.230 %
Campus Cachoeiro de Itapemirim;Técnico em Eletromecânica;Integrado;Educação física;2023/1;Aprovado;3;75.000 %
Campus Cachoeiro de Itapemirim;Técnico em Eletromecânica;Integrado;Educação física;2023/1;Aprovado /Rep. no Módulo;1;25.000 %
Campus Cachoeiro de Itapemirim;Técnico em Eletromecânica;Integrado;Filosofia / sociologia;2023/1;Aprovado /Rep. no Módulo;1;25.000 %
Campus Cachoeiro de Itapemirim;Técnico em Eletromecânica;Integrado;Filosofia / sociologia;2023/1;Aprovado;3;75.000 %
Campus Cachoeiro de Itapemirim;Técnico em Eletromecânica;Integrado;Filosofia / sociologia;2024/1;Reprovado;1;3.230 %
Campus Cachoeiro de Itapemirim;Técnico em Eletromecânica;Integrado;Filosofia / sociologia;2024/1;Aprovado;30;96.770 %
Campus Cachoeiro de Itapemirim;Técnico em Eletromecânica;Integrado;Filosofia / sociologia;2025/1;Aprovado;39;100.000 %
Campus Cachoeiro de Itapemirim;Técnico em Eletromecânica;Integrado;Artes;2025/1;Reprovado;1;2.500 %
Campus Cachoeiro de Itapemirim;Técnico em Eletromecânica;Integrado;Artes;2025/1;Aprovado;39;97.500 %
Campus Cachoeiro de Itapemirim;Técnico em Eletromecânica;Integrado;Artes;2026/1;Aprovado;1;100.000 %
Campus Cachoeiro de Itapemirim;Técnico em Eletromecânica;Integrado;Artes;2024/1;Aprovado;29;93.550 %
Campus Cachoeiro de Itapemirim;Técnico em Eletromecânica;Integrado;Artes;2024/1;Aprovado /Rep. no Módulo;1;3.230 %
Campus Cachoeiro de Itapemirim;Técnico em Eletromecânica;Integrado;Artes;2024/1;Reprovado;1;3.230 %
Campus Cachoeiro de Itapemirim;Técnico em Eletromecânica;Integrado;Artes;2023/1;Aprovado;3;75.000 %
Campus Cachoeiro de Itapemirim;Técnico em Eletromecânica;Integrado;Artes;2023/1;Aprovado /Rep. no Módulo;1;25.000 %
Campus Cachoeiro de Itapemirim;Técnico em Eletromecânica;Integrado;Inglês;2023/1;Reprovado;1;25.000 %
Campus Cachoeiro de Itapemirim;Técnico em Eletromecânica;Integrado;Inglês;2023/1;Aprovado;3;75.000 %
Campus Cachoeiro de Itapemirim;Técnico em Eletromecânica;Integrado;Inglês;2024/1;Reprovado;1;3.230 %
Campus Cachoeiro de Itapemirim;Técnico em Eletromecânica;Integrado;Inglês;2024/1;Aprovado;30;96.770 %
Campus Cachoeiro de Itapemirim;Técnico em Eletromecânica;Integrado;Inglês;2025/1;Aprovado;40;100.000 %
Campus Cachoeiro de Itapemirim;Técnico em Eletromecânica;Integrado;Eletricidade;2025/1;Aprovado;22;100.000 %
Campus Cachoeiro de Itapemirim;Técnico em Eletromecânica;Integrado;Eletricidade;2025/1;Aprovado;18;100.000 %
Campus Cachoeiro de Itapemirim;Técnico em Eletromecânica;Integrado;Eletricidade;2024/1;Aprovado;14;87.500 %
Campus Cachoeiro de Itapemirim;Técnico em Eletromecânica;Integrado;Eletricidade;2024/1;Aprovado;15;88.240 %
Campus Cachoeiro de Itapemirim;Técnico em Eletromecânica;Integrado;Eletricidade;2024/1;Reprovado;1;6.250 %
Campus Cachoeiro de Itapemirim;Técnico em Eletromecânica;Integrado;Eletricidade;2024/1;Reprovado;1;5.880 %
Campus Cachoeiro de Itapemirim;Técnico em Eletromecânica;Integrado;Eletricidade;2023/1;Aprovado;3;100.000 %
Campus Cachoeiro de Itapemirim;Técnico em Eletromecânica;Integrado;Eletricidade;2023/1;Reprovado;1;100.000 %
Campus Cachoeiro de Itapemirim;Técnico em Eletromecânica;Integrado;Elementos de máquinas e resistência de materiais;2023/1;Reprovado;1;25.000 %
Campus Cachoeiro de Itapemirim;Técnico em Eletromecânica;Integrado;Elementos de máquinas e resistência de materiais;2023/1;Aprovado;3;75.000 %
Campus Cachoeiro de Itapemirim;Técnico em Eletromecânica;Integrado;Elementos de máquinas e resistência de materiais;2024/1;Reprovado;2;6.450 %
Campus Cachoeiro de Itapemirim;Técnico em Eletromecânica;Integrado;Elementos de máquinas e resistência de materiais;2024/1;Aprovado;29;93.550 %
Campus Cachoeiro de Itapemirim;Técnico em Eletromecânica;Integrado;Elementos de máquinas e resistência de materiais;2025/1;Aprovado;40;100.000 %
Campus Cachoeiro de Itapemirim;Técnico em Eletromecânica;Integrado;Língua portuguesa e literatura brasileira;2025/1;Aprovado /Rep. no Módulo;1;3.330 %
Campus Cachoeiro de Itapemirim;Técnico em Eletromecânica;Integrado;Língua portuguesa e literatura brasileira;2025/1;Aprovado;29;96.670 %
Campus Cachoeiro de Itapemirim;Técnico em Eletromecânica;Integrado;Língua portuguesa e literatura brasileira;2024/1;Aprovado;2;66.670 %
Campus Cachoeiro de Itapemirim;Técnico em Eletromecânica;Integrado;Língua portuguesa e literatura brasileira;2024/1;Reprovado;1;33.330 %
Campus Cachoeiro de Itapemirim;Técnico em Eletromecânica;Integrado;Matemática;2024/1;Reprovado;2;100.000 %
Campus Cachoeiro de Itapemirim;Técnico em Eletromecânica;Integrado;Matemática;2024/1;Aprovado;1;100.000 %
Campus Cachoeiro de Itapemirim;Técnico em Eletromecânica;Integrado;Matemática;2025/1;Aprovado;14;100.000 %
Campus Cachoeiro de Itapemirim;Técnico em Eletromecânica;Integrado;Matemática;2025/1;Aprovado;15;88.240 %
Campus Cachoeiro de Itapemirim;Técnico em Eletromecânica;Integrado;Matemática;2025/1;Reprovado;2;11.760 %
Campus Cachoeiro de Itapemirim;Técnico em Eletromecânica;Integrado;Física;2025/1;Aprovado /Rep. no Módulo;1;3.330 %
Campus Cachoeiro de Itapemirim;Técnico em Eletromecânica;Integrado;Física;2025/1;Aprovado;29;96.670 %
Campus Cachoeiro de Itapemirim;Técnico em Eletromecânica;Integrado;Física;2024/1;Aprovado;2;66.670 %
Campus Cachoeiro de Itapemirim;Técnico em Eletromecânica;Integrado;Física;2024/1;Reprovado;1;33.330 %
Campus Cachoeiro de Itapemirim;Técnico em Eletromecânica;Integrado;Química;2024/1;Reprovado;2;66.670 %
Campus Cachoeiro de Itapemirim;Técnico em Eletromecânica;Integrado;Química;2024/1;Aprovado;1;33.330 %
Campus Cachoeiro de Itapemirim;Técnico em Eletromecânica;Integrado;Química;2025/1;Aprovado;29;93.550 %
Campus Cachoeiro de Itapemirim;Técnico em Eletromecânica;Integrado;Química;2025/1;Reprovado;2;6.450 %
Campus Cachoeiro de Itapemirim;Técnico em Eletromecânica;Integrado;Biologia;2025/1;Reprovado;4;12.900 %
Campus Cachoeiro de Itapemirim;Técnico em Eletromecânica;Integrado;Biologia;2025/1;Aprovado;27;87.100 %
Campus Cachoeiro de Itapemirim;Técnico em Eletromecânica;Integrado;Biologia;2024/1;Aprovado;1;33.330 %
Campus Cachoeiro de Itapemirim;Técnico em Eletromecânica;Integrado;Biologia;2024/1;Reprovado;2;66.670 %
Campus Cachoeiro de Itapemirim;Técnico em Eletromecânica;Integrado;História;2024/1;Reprovado;1;33.330 %
Campus Cachoeiro de Itapemirim;Técnico em Eletromecânica;Integrado;História;2024/1;Aprovado;2;66.670 %
Campus Cachoeiro de Itapemirim;Técnico em Eletromecânica;Integrado;História;2025/1;Aprovado;29;96.670 %
Campus Cachoeiro de Itapemirim;Técnico em Eletromecânica;Integrado;História;2025/1;Aprovado /Rep. no Módulo;1;3.330 %
Campus Cachoeiro de Itapemirim;Técnico em Eletromecânica;Integrado;Geografia;2025/1;Aprovado /Rep. no Módulo;1;3.330 %
Campus Cachoeiro de Itapemirim;Técnico em Eletromecânica;Integrado;Geografia;2025/1;Aprovado;29;96.670 %
Campus Cachoeiro de Itapemirim;Técnico em Eletromecânica;Integrado;Geografia;2024/1;Reprovado;1;33.330 %
Campus Cachoeiro de Itapemirim;Técnico em Eletromecânica;Integrado;Geografia;2024/1;Aprovado;2;66.670 %
Campus Cachoeiro de Itapemirim;Técnico em Eletromecânica;Integrado;Filosofia / sociologia;2024/1;Aprovado;2;66.670 %
Campus Cachoeiro de Itapemirim;Técnico em Eletromecânica;Integrado;Filosofia / sociologia;2024/1;Reprovado;1;33.330 %
Campus Cachoeiro de Itapemirim;Técnico em Eletromecânica;Integrado;Filosofia / sociologia;2025/1;Aprovado /Rep. no Módulo;1;3.330 %
Campus Cachoeiro de Itapemirim;Técnico em Eletromecânica;Integrado;Filosofia / sociologia;2025/1;Aprovado;29;96.670 %
Campus Cachoeiro de Itapemirim;Técnico em Eletromecânica;Integrado;Tecnologia de materiais;2025/1;Aprovado;29;96.670 %
Campus Cachoeiro de Itapemirim;Técnico em Eletromecânica;Integrado;Tecnologia de materiais;2025/1;Aprovado /Rep. no Módulo;1;3.330 %
Campus Cachoeiro de Itapemirim;Técnico em Eletromecânica;Integrado;Tecnologia de materiais;2024/1;Reprovado;1;33.330 %
Campus Cachoeiro de Itapemirim;Técnico em Eletromecânica;Integrado;Tecnologia de materiais;2024/1;Aprovado;2;66.670 %
Campus Cachoeiro de Itapemirim;Técnico em Eletromecânica;Integrado;Eletrônica: analógica e digital;2024/1;Reprovado;1;50.000 %
Campus Cachoeiro de Itapemirim;Técnico em Eletromecânica;Integrado;Eletrônica: analógica e digital;2024/1;Aprovado;1;100.000 %
Campus Cachoeiro de Itapemirim;Técnico em Eletromecânica;Integrado;Eletrônica: analógica e digital;2024/1;Aprovado;1;50.000 %
Campus Cachoeiro de Itapemirim;Técnico em Eletromecânica;Integrado;Eletrônica: analógica e digital;2025/1;Aprovado /Rep. no Módulo;1;6.250 %
Campus Cachoeiro de Itapemirim;Técnico em Eletromecânica;Integrado;Eletrônica: analógica e digital;2025/1;Aprovado;15;93.750 %
Campus Cachoeiro de Itapemirim;Técnico em Eletromecânica;Integrado;Eletrônica: analógica e digital;2025/1;Aprovado;14;100.000 %
Campus Cachoeiro de Itapemirim;Técnico em Eletromecânica;Integrado;Máquinas elétricas;2025/1;Aprovado;15;100.000 %
Campus Cachoeiro de Itapemirim;Técnico em Eletromecânica;Integrado;Máquinas elétricas;2025/1;Aprovado;15;88.240 %
Campus Cachoeiro de Itapemirim;Técnico em Eletromecânica;Integrado;Máquinas elétricas;2025/1;Aprovado /Rep. no Módulo;1;5.880 %
Campus Cachoeiro de Itapemirim;Técnico em Eletromecânica;Integrado;Máquinas elétricas;2025/1;Reprovado;1;5.880 %
Campus Cachoeiro de Itapemirim;Técnico em Eletromecânica;Integrado;Máquinas elétricas;2024/1;Reprovado;1;100.000 %
Campus Cachoeiro de Itapemirim;Técnico em Eletromecânica;Integrado;Máquinas elétricas;2024/1;Reprovado;2;100.000 %
Campus Cachoeiro de Itapemirim;Técnico em Eletromecânica;Integrado;CAD - Desenho por computador;2024/1;Reprovado;1;100.000 %
Campus Cachoeiro de Itapemirim;Técnico em Eletromecânica;Integrado;CAD - Desenho por computador;2024/1;Aprovado;2;100.000 %
Campus Cachoeiro de Itapemirim;Técnico em Eletromecânica;Integrado;CAD - Desenho por computador;2025/1;Aprovado;14;100.000 %
Campus Cachoeiro de Itapemirim;Técnico em Eletromecânica;Integrado;CAD - Desenho por computador;2025/1;Aprovado;15;93.750 %
Campus Cachoeiro de Itapemirim;Técnico em Eletromecânica;Integrado;CAD - Desenho por computador;2025/1;Aprovado /Rep. no Módulo;1;6.250 %
Campus Cachoeiro de Itapemirim;Técnico em Eletromecânica;Integrado;Língua portuguesa e literatura brasileira;2025/1;Aprovado;1;100.000 %
Campus Cachoeiro de Itapemirim;Técnico em Eletromecânica;Integrado;Matemática;2025/1;Aprovado;1;100.000 %
Campus Cachoeiro de Itapemirim;Técnico em Eletromecânica;Integrado;Filosofia / sociologia;2025/1;Aprovado;1;100.000 %
Campus Cachoeiro de Itapemirim;Técnico em Eletromecânica;Integrado;Legislação profissional;2025/1;Aprovado;1;100.000 %
Campus Cachoeiro de Itapemirim;Técnico em Eletromecânica;Integrado;Empreendedorismo;2025/1;Aprovado;1;100.000 %
Campus Cachoeiro de Itapemirim;Técnico em Eletromecânica;Integrado;Fabricação;2025/1;Aprovado;1;100.000 %
Campus Cachoeiro de Itapemirim;Técnico em Eletromecânica;Integrado;Ensaios e comandos elétricos;2025/1;Aprovado;1;100.000 %
Campus Cachoeiro de Itapemirim;Técnico em Eletromecânica;Integrado;Planejamento e controle de manutenção;2025/1;Aprovado;1;100.000 %
Campus Cachoeiro de Itapemirim;Técnico em Eletromecânica;Integrado;Manutenção industrial elétrica;2025/1;Aprovado;1;100.000 %
Campus Cachoeiro de Itapemirim;Técnico em Eletromecânica;Integrado;Manutenção industrial mecânica e lubrificação;2025/1;Aprovado;1;100.000 %
Campus Cachoeiro de Itapemirim;Técnico em Eletromecânica;Integrado;Automação industrial;2025/1;Aprovado;1;100.000 %
Campus Cachoeiro de Itapemirim;Técnico em Eletromecânica;Integrado;Máquinas térmicas;2025/1;Aprovado;1;100.000 %
Campus Cachoeiro de Itapemirim;Técnico em Eletromecânica;Integrado;Hidráulica e pneumática;2025/1;Aprovado;1;100.000 %
Campus Cachoeiro de Itapemirim;Técnico em Eletromecânica;Integrado;Educação física;2025/1;Aprovado;29;96.670 %
Campus Cachoeiro de Itapemirim;Técnico em Eletromecânica;Integrado;Educação física;2025/1;Aprovado /Rep. no Módulo;1;3.330 %
Campus Cachoeiro de Itapemirim;Técnico em Eletromecânica;Integrado;Educação física;2024/1;Reprovado;1;33.330 %
Campus Cachoeiro de Itapemirim;Técnico em Eletromecânica;Integrado;Educação física;2024/1;Aprovado;2;66.670 %
Campus Cachoeiro de Itapemirim;Técnico em Informática;Integrado;Língua portuguesa e literatura brasileira;2023/1;Aprovado;38;100.000 %
Campus Cachoeiro de Itapemirim;Técnico em Informática;Integrado;Língua portuguesa e literatura brasileira;2024/1;Aprovado;39;100.000 %
Campus Cachoeiro de Itapemirim;Técnico em Informática;Integrado;Língua portuguesa e literatura brasileira;2022/1;Aprovado;2;100.000 %
Campus Cachoeiro de Itapemirim;Técnico em Informática;Integrado;Matemática;2022/1;Aprovado;2;100.000 %
Campus Cachoeiro de Itapemirim;Técnico em Informática;Integrado;Matemática;2024/1;Aprovado;39;100.000 %
Campus Cachoeiro de Itapemirim;Técnico em Informática;Integrado;Matemática;2023/1;Aprovado;38;100.000 %
Campus Cachoeiro de Itapemirim;Técnico em Informática;Integrado;Física;2023/1;Reprovado;1;5.260 %
Campus Cachoeiro de Itapemirim;Técnico em Informática;Integrado;Física;2023/1;Aprovado;18;94.740 %
Campus Cachoeiro de Itapemirim;Técnico em Informática;Integrado;Física;2023/1;Aprovado;19;100.000 %
Campus Cachoeiro de Itapemirim;Técnico em Informática;Integrado;Física;2024/1;Aprovado;19;100.000 %
Campus Cachoeiro de Itapemirim;Técnico em Informática;Integrado;Física;2024/1;Reprovado;2;9.520 %
Campus Cachoeiro de Itapemirim;Técnico em Informática;Integrado;Física;2024/1;Aprovado;19;90.480 %
Campus Cachoeiro de Itapemirim;Técnico em Informática;Integrado;Física;2022/1;Aprovado;1;100.000 %
Campus Cachoeiro de Itapemirim;Técnico em Informática;Integrado;Física;2022/1;Aprovado;1;100.000 %
Campus Cachoeiro de Itapemirim;Técnico em Informática;Integrado;Física;2025/1;Aprovado;2;100.000 %
Campus Cachoeiro de Itapemirim;Técnico em Informática;Integrado;Química;2022/1;Aprovado;2;100.000 %
Campus Cachoeiro de Itapemirim;Técnico em Informática;Integrado;Química;2024/1;Aprovado;41;100.000 %
Campus Cachoeiro de Itapemirim;Técnico em Informática;Integrado;Química;2023/1;Aprovado;36;94.740 %
Campus Cachoeiro de Itapemirim;Técnico em Informática;Integrado;Química;2023/1;Reprovado;2;5.260 %
Campus Cachoeiro de Itapemirim;Técnico em Informática;Integrado;Biologia;2023/1;Reprovado;4;10.260 %
Campus Cachoeiro de Itapemirim;Técnico em Informática;Integrado;Biologia;2023/1;Aprovado;35;89.740 %
Campus Cachoeiro de Itapemirim;Técnico em Informática;Integrado;Biologia;2024/1;Aprovado;40;93.020 %
Campus Cachoeiro de Itapemirim;Técnico em Informática;Integrado;Biologia;2024/1;Reprovado;3;6.980 %
Campus Cachoeiro de Itapemirim;Técnico em Informática;Integrado;Biologia;2022/1;Reprovado;1;50.000 %
Campus Cachoeiro de Itapemirim;Técnico em Informática;Integrado;Biologia;2022/1;Aprovado;1;50.000 %
Campus Cachoeiro de Itapemirim;Técnico em Informática;Integrado;Biologia;2025/1;Aprovado;2;100.000 %
Campus Cachoeiro de Itapemirim;Técnico em Informática;Integrado;História;2022/1;Reprovado;1;50.000 %
Campus Cachoeiro de Itapemirim;Técnico em Informática;Integrado;História;2022/1;Aprovado;1;50.000 %
Campus Cachoeiro de Itapemirim;Técnico em Informática;Integrado;História;2024/1;Aprovado;39;97.500 %
Campus Cachoeiro de Itapemirim;Técnico em Informática;Integrado;História;2024/1;Reprovado;1;2.500 %
Campus Cachoeiro de Itapemirim;Técnico em Informática;Integrado;História;2023/1;Reprovado;1;2.560 %
Campus Cachoeiro de Itapemirim;Técnico em Informática;Integrado;História;2023/1;Aprovado;38;97.440 %
Campus Cachoeiro de Itapemirim;Técnico em Informática;Integrado;Filosofia / sociologia;2023/1;Aprovado;38;100.000 %
Campus Cachoeiro de Itapemirim;Técnico em Informática;Integrado;Filosofia / sociologia;2024/1;Aprovado;39;100.000 %
Campus Cachoeiro de Itapemirim;Técnico em Informática;Integrado;Filosofia / sociologia;2022/1;Aprovado;2;100.000 %
Campus Cachoeiro de Itapemirim;Técnico em Informática;Integrado;Inglês;2022/1;Aprovado;2;100.000 %
Campus Cachoeiro de Itapemirim;Técnico em Informática;Integrado;Inglês;2024/1;Aprovado;39;100.000 %
Campus Cachoeiro de Itapemirim;Técnico em Informática;Integrado;Inglês;2023/1;Aprovado;38;100.000 %
Campus Cachoeiro de Itapemirim;Técnico em Informática;Integrado;Informática;2023/1;Aprovado;19;100.000 %
Campus Cachoeiro de Itapemirim;Técnico em Informática;Integrado;Informática;2023/1;Aprovado;19;100.000 %
Campus Cachoeiro de Itapemirim;Técnico em Informática;Integrado;Informática;2024/1;Aprovado;20;100.000 %
Campus Cachoeiro de Itapemirim;Técnico em Informática;Integrado;Informática;2024/1;Aprovado;19;100.000 %
Campus Cachoeiro de Itapemirim;Técnico em Informática;Integrado;Informática;2022/1;Aprovado;1;100.000 %
Campus Cachoeiro de Itapemirim;Técnico em Informática;Integrado;Informática;2022/1;Aprovado;1;100.000 %
Campus Cachoeiro de Itapemirim;Técnico em Informática;Integrado;Fundamentos da computação;2022/1;Aprovado;2;100.000 %
Campus Cachoeiro de Itapemirim;Técnico em Informática;Integrado;Fundamentos da computação;2024/1;Aprovado;39;100.000 %
Campus Cachoeiro de Itapemirim;Técnico em Informática;Integrado;Fundamentos da computação;2023/1;Aprovado;38;100.000 %
Campus Cachoeiro de Itapemirim;Técnico em Informática;Integrado;Fundamentos da computação;2025/1;Aprovado;1;100.000 %
Campus Cachoeiro de Itapemirim;Técnico em Informática;Integrado;Fundamentos matemáticos computacionais;2023/1;Aprovado;38;100.000 %
Campus Cachoeiro de Itapemirim;Técnico em Informática;Integrado;Fundamentos matemáticos computacionais;2024/1;Aprovado;39;100.000 %
Campus Cachoeiro de Itapemirim;Técnico em Informática;Integrado;Fundamentos matemáticos computacionais;2022/1;Aprovado;2;100.000 %
Campus Cachoeiro de Itapemirim;Técnico em Informática;Integrado;Montagem e manutenção de sistemas computacionais;2022/1;Aprovado;1;100.000 %
Campus Cachoeiro de Itapemirim;Técnico em Informática;Integrado;Montagem e manutenção de sistemas computacionais;2022/1;Aprovado;1;100.000 %
Campus Cachoeiro de Itapemirim;Técnico em Informática;Integrado;Montagem e manutenção de sistemas computacionais;2024/1;Aprovado;19;100.000 %
Campus Cachoeiro de Itapemirim;Técnico em Informática;Integrado;Montagem e manutenção de sistemas computacionais;2024/1;Aprovado;20;100.000 %
Campus Cachoeiro de Itapemirim;Técnico em Informática;Integrado;Montagem e manutenção de sistemas computacionais;2023/1;Aprovado;19;100.000 %
Campus Cachoeiro de Itapemirim;Técnico em Informática;Integrado;Montagem e manutenção de sistemas computacionais;2023/1;Aprovado;19;100.000 %
Campus Cachoeiro de Itapemirim;Técnico em Informática;Integrado;Língua portuguesa e literatura brasileira;2023/1;Aprovado /Rep. no Módulo;1;50.000 %
Campus Cachoeiro de Itapemirim;Técnico em Informática;Integrado;Língua portuguesa e literatura brasileira;2023/1;Aprovado;1;50.000 %
Campus Cachoeiro de Itapemirim;Técnico em Informática;Integrado;Língua portuguesa e literatura brasileira;2024/1;Aprovado;37;94.870 %
Campus Cachoeiro de Itapemirim;Técnico em Informática;Integrado;Língua portuguesa e literatura brasileira;2024/1;Reprovado;1;2.560 %
Campus Cachoeiro de Itapemirim;Técnico em Informática;Integrado;Língua portuguesa e literatura brasileira;2024/1;Aprovado /Rep. no Módulo;1;2.560 %
Campus Cachoeiro de Itapemirim;Técnico em Informática;Integrado;Língua portuguesa e literatura brasileira;2025/1;Aprovado;41;97.620 %
Campus Cachoeiro de Itapemirim;Técnico em Informática;Integrado;Língua portuguesa e literatura brasileira;2025/1;Aprovado /Rep. no Módulo;1;2.380 %
Campus Cachoeiro de Itapemirim;Técnico em Informática;Integrado;Matemática 2;2025/1;Aprovado /Rep. no Módulo;1;4.550 %
Campus Cachoeiro de Itapemirim;Técnico em Informática;Integrado;Matemática 2;2025/1;Reprovado;2;9.090 %
Campus Cachoeiro de Itapemirim;Técnico em Informática;Integrado;Matemática 2;2025/1;Aprovado;19;86.360 %
Campus Cachoeiro de Itapemirim;Técnico em Informática;Integrado;Matemática 2;2025/1;Reprovado;3;13.640 %
Campus Cachoeiro de Itapemirim;Técnico em Informática;Integrado;Matemática 2;2025/1;Aprovado;19;86.360 %
Campus Cachoeiro de Itapemirim;Técnico em Informática;Integrado;Matemática 2;2024/1;Reprovado;4;20.000 %
Campus Cachoeiro de Itapemirim;Técnico em Informática;Integrado;Matemática 2;2024/1;Aprovado;19;100.000 %
Campus Cachoeiro de Itapemirim;Técnico em Informática;Integrado;Matemática 2;2024/1;Aprovado;16;80.000 %
Campus Cachoeiro de Itapemirim;Técnico em Informática;Integrado;Matemática 2;2023/1;Aprovado;1;100.000 %
Campus Cachoeiro de Itapemirim;Técnico em Informática;Integrado;Matemática 2;2023/1;Aprovado /Rep. no Módulo;1;100.000 %
Campus Cachoeiro de Itapemirim;Técnico em Informática;Integrado;Física 2;2023/1;Aprovado;1;50.000 %
Campus Cachoeiro de Itapemirim;Técnico em Informática;Integrado;Física 2;2023/1;Reprovado;1;50.000 %
Campus Cachoeiro de Itapemirim;Técnico em Informática;Integrado;Física 2;2024/1;Aprovado;37;94.870 %
Campus Cachoeiro de Itapemirim;Técnico em Informática;Integrado;Física 2;2024/1;Reprovado;2;5.130 %
Campus Cachoeiro de Itapemirim;Técnico em Informática;Integrado;Física 2;2025/1;Reprovado;1;2.380 %
Campus Cachoeiro de Itapemirim;Técnico em Informática;Integrado;Física 2;2025/1;Aprovado;41;97.620 %
Campus Cachoeiro de Itapemirim;Técnico em Informática;Integrado;Química 2;2025/1;Aprovado;42;97.670 %
Campus Cachoeiro de Itapemirim;Técnico em Informática;Integrado;Química 2;2025/1;Reprovado;1;2.330 %
Campus Cachoeiro de Itapemirim;Técnico em Informática;Integrado;Química 2;2024/1;Reprovado;3;7.500 %
Campus Cachoeiro de Itapemirim;Técnico em Informática;Integrado;Química 2;2024/1;Aprovado;37;92.500 %
Campus Cachoeiro de Itapemirim;Técnico em Informática;Integrado;Química 2;2023/1;Reprovado;2;100.000 %
Campus Cachoeiro de Itapemirim;Técnico em Informática;Integrado;Biologia 2;2023/1;Reprovado;1;50.000 %
Campus Cachoeiro de Itapemirim;Técnico em Informática;Integrado;Biologia 2;2023/1;Aprovado;1;50.000 %
Campus Cachoeiro de Itapemirim;Técnico em Informática;Integrado;Biologia 2;2024/1;Aprovado;36;92.310 %
Campus Cachoeiro de Itapemirim;Técnico em Informática;Integrado;Biologia 2;2024/1;Reprovado;3;7.690 %
Campus Cachoeiro de Itapemirim;Técnico em Informática;Integrado;Biologia 2;2025/1;Aprovado /Rep. no Módulo;1;2.330 %
Campus Cachoeiro de Itapemirim;Técnico em Informática;Integrado;Biologia 2;2025/1;Aprovado;42;97.670 %
Campus Cachoeiro de Itapemirim;Técnico em Informática;Integrado;História;2025/1;Aprovado;41;97.620 %
Campus Cachoeiro de Itapemirim;Técnico em Informática;Integrado;História;2025/1;Reprovado;1;2.380 %
Campus Cachoeiro de Itapemirim;Técnico em Informática;Integrado;História;2024/1;Reprovado;1;2.560 %
Campus Cachoeiro de Itapemirim;Técnico em Informática;Integrado;História;2024/1;Aprovado;37;94.870 %
Campus Cachoeiro de Itapemirim;Técnico em Informática;Integrado;História;2024/1;Aprovado /Rep. no Módulo;1;2.560 %
Campus Cachoeiro de Itapemirim;Técnico em Informática;Integrado;História;2023/1;Aprovado /Rep. no Módulo;1;50.000 %
Campus Cachoeiro de Itapemirim;Técnico em Informática;Integrado;História;2023/1;Aprovado;1;50.000 %
Campus Cachoeiro de Itapemirim;Técnico em Informática;Integrado;Geografia;2023/1;Aprovado /Rep. no Módulo;1;50.000 %
Campus Cachoeiro de Itapemirim;Técnico em Informática;Integrado;Geografia;2023/1;Aprovado;1;50.000 %
Campus Cachoeiro de Itapemirim;Técnico em Informática;Integrado;Geografia;2024/1;Aprovado /Rep. no Módulo;1;2.560 %
Campus Cachoeiro de Itapemirim;Técnico em Informática;Integrado;Geografia;2024/1;Aprovado;37;94.870 %
Campus Cachoeiro de Itapemirim;Técnico em Informática;Integrado;Geografia;2024/1;Reprovado;1;2.560 %
Campus Cachoeiro de Itapemirim;Técnico em Informática;Integrado;Geografia;2025/1;Reprovado;1;2.380 %
Campus Cachoeiro de Itapemirim;Técnico em Informática;Integrado;Geografia;2025/1;Aprovado;40;95.240 %
Campus Cachoeiro de Itapemirim;Técnico em Informática;Integrado;Filosofia / sociologia;2025/1;Reprovado;1;2.380 %
Campus Cachoeiro de Itapemirim;Técnico em Informática;Integrado;Filosofia / sociologia;2025/1;Aprovado;41;97.620 %
Campus Cachoeiro de Itapemirim;Técnico em Informática;Integrado;Filosofia / sociologia;2024/1;Reprovado;1;2.560 %
Campus Cachoeiro de Itapemirim;Técnico em Informática;Integrado;Filosofia / sociologia;2024/1;Aprovado /Rep. no Módulo;1;2.560 %
Campus Cachoeiro de Itapemirim;Técnico em Informática;Integrado;Filosofia / sociologia;2024/1;Aprovado;37;94.870 %
Campus Cachoeiro de Itapemirim;Técnico em Informática;Integrado;Filosofia / sociologia;2023/1;Aprovado;1;50.000 %
Campus Cachoeiro de Itapemirim;Técnico em Informática;Integrado;Filosofia / sociologia;2023/1;Aprovado /Rep. no Módulo;1;50.000 %
Campus Cachoeiro de Itapemirim;Técnico em Informática;Integrado;Inglês;2023/1;Aprovado;1;50.000 %
Campus Cachoeiro de Itapemirim;Técnico em Informática;Integrado;Inglês;2023/1;Reprovado;1;50.000 %
Campus Cachoeiro de Itapemirim;Técnico em Informática;Integrado;Inglês;2024/1;Aprovado;37;94.870 %
Campus Cachoeiro de Itapemirim;Técnico em Informática;Integrado;Inglês;2024/1;Reprovado;1;2.560 %
Campus Cachoeiro de Itapemirim;Técnico em Informática;Integrado;Inglês;2024/1;Aprovado /Rep. no Módulo;1;2.560 %
Campus Cachoeiro de Itapemirim;Técnico em Informática;Integrado;Inglês;2025/1;Reprovado;1;2.380 %
Campus Cachoeiro de Itapemirim;Técnico em Informática;Integrado;Inglês;2025/1;Aprovado;41;97.620 %
Campus Cachoeiro de Itapemirim;Técnico em Informática;Integrado;Fundamentos matemáticos computacionais;2025/1;Aprovado;41;97.620 %
Campus Cachoeiro de Itapemirim;Técnico em Informática;Integrado;Fundamentos matemáticos computacionais;2025/1;Aprovado /Rep. no Módulo;1;2.380 %
Campus Cachoeiro de Itapemirim;Técnico em Informática;Integrado;Fundamentos matemáticos computacionais;2024/1;Aprovado /Rep. no Módulo;1;2.560 %
Campus Cachoeiro de Itapemirim;Técnico em Informática;Integrado;Fundamentos matemáticos computacionais;2024/1;Reprovado;1;2.560 %
Campus Cachoeiro de Itapemirim;Técnico em Informática;Integrado;Fundamentos matemáticos computacionais;2024/1;Aprovado;37;94.870 %
Campus Cachoeiro de Itapemirim;Técnico em Informática;Integrado;Fundamentos matemáticos computacionais;2023/1;Aprovado;1;50.000 %
Campus Cachoeiro de Itapemirim;Técnico em Informática;Integrado;Fundamentos matemáticos computacionais;2023/1;Aprovado /Rep. no Módulo;1;50.000 %
Campus Cachoeiro de Itapemirim;Técnico em Informática;Integrado;Programação I;2023/1;Aprovado;1;100.000 %
Campus Cachoeiro de Itapemirim;Técnico em Informática;Integrado;Programação I;2023/1;Aprovado /Rep. no Módulo;1;100.000 %
Campus Cachoeiro de Itapemirim;Técnico em Informática;Integrado;Programação I;2024/1;Aprovado;19;100.000 %
Campus Cachoeiro de Itapemirim;Técnico em Informática;Integrado;Programação I;2024/1;Aprovado;18;90.000 %
Campus Cachoeiro de Itapemirim;Técnico em Informática;Integrado;Programação I;2024/1;Aprovado /Rep. no Módulo;2;10.000 %
Campus Cachoeiro de Itapemirim;Técnico em Informática;Integrado;Programação I;2025/1;Reprovado;1;5.000 %
Campus Cachoeiro de Itapemirim;Técnico em Informática;Integrado;Programação I;2025/1;Aprovado /Rep. no Módulo;1;4.550 %
Campus Cachoeiro de Itapemirim;Técnico em Informática;Integrado;Programação I;2025/1;Reprovado;2;9.090 %
Campus Cachoeiro de Itapemirim;Técnico em Informática;Integrado;Programação I;2025/1;Aprovado;19;95.000 %
Campus Cachoeiro de Itapemirim;Técnico em Informática;Integrado;Programação I;2025/1;Aprovado;19;86.360 %
Campus Cachoeiro de Itapemirim;Técnico em Informática;Integrado;Redes de computadores;2025/1;Aprovado;20;100.000 %
Campus Cachoeiro de Itapemirim;Técnico em Informática;Integrado;Redes de computadores;2025/1;Aprovado /Rep. no Módulo;1;4.550 %
Campus Cachoeiro de Itapemirim;Técnico em Informática;Integrado;Redes de computadores;2025/1;Aprovado;21;95.450 %
Campus Cachoeiro de Itapemirim;Técnico em Informática;Integrado;Redes de computadores;2024/1;Aprovado;19;100.000 %
Campus Cachoeiro de Itapemirim;Técnico em Informática;Integrado;Redes de computadores;2024/1;Aprovado /Rep. no Módulo;1;5.000 %
Campus Cachoeiro de Itapemirim;Técnico em Informática;Integrado;Redes de computadores;2024/1;Aprovado;18;90.000 %
Campus Cachoeiro de Itapemirim;Técnico em Informática;Integrado;Redes de computadores;2024/1;Reprovado;1;5.000 %
Campus Cachoeiro de Itapemirim;Técnico em Informática;Integrado;Redes de computadores;2023/1;Aprovado;1;100.000 %
Campus Cachoeiro de Itapemirim;Técnico em Informática;Integrado;Redes de computadores;2023/1;Reprovado;1;100.000 %
Campus Cachoeiro de Itapemirim;Técnico em Informática;Integrado;Modelagem de dados;2023/1;Reprovado;1;100.000 %
Campus Cachoeiro de Itapemirim;Técnico em Informática;Integrado;Modelagem de dados;2023/1;Aprovado;1;100.000 %
Campus Cachoeiro de Itapemirim;Técnico em Informática;Integrado;Modelagem de dados;2024/1;Reprovado;1;5.000 %
Campus Cachoeiro de Itapemirim;Técnico em Informática;Integrado;Modelagem de dados;2024/1;Aprovado;18;90.000 %
Campus Cachoeiro de Itapemirim;Técnico em Informática;Integrado;Modelagem de dados;2024/1;Aprovado /Rep. no Módulo;1;5.000 %
Campus Cachoeiro de Itapemirim;Técnico em Informática;Integrado;Modelagem de dados;2024/1;Aprovado;19;100.000 %
Campus Cachoeiro de Itapemirim;Técnico em Informática;Integrado;Modelagem de dados;2025/1;Aprovado;21;95.450 %
Campus Cachoeiro de Itapemirim;Técnico em Informática;Integrado;Modelagem de dados;2025/1;Reprovado;1;4.550 %
Campus Cachoeiro de Itapemirim;Técnico em Informática;Integrado;Modelagem de dados;2025/1;Aprovado;20;100.000 %
Campus Cachoeiro de Itapemirim;Técnico em Informática;Integrado;Língua portuguesa e literatura brasileira;2025/1;Aprovado;37;100.000 %
Campus Cachoeiro de Itapemirim;Técnico em Informática;Integrado;Língua portuguesa e literatura brasileira;2024/1;Aprovado;1;100.000 %
Campus Cachoeiro de Itapemirim;Técnico em Informática;Integrado;Matemática;2024/1;Aprovado;1;100.000 %
Campus Cachoeiro de Itapemirim;Técnico em Informática;Integrado;Matemática;2025/1;Aprovado;33;89.190 %
Campus Cachoeiro de Itapemirim;Técnico em Informática;Integrado;Matemática;2025/1;Reprovado;4;10.810 %
Campus Cachoeiro de Itapemirim;Técnico em Informática;Integrado;Física;2025/1;Aprovado;37;100.000 %
Campus Cachoeiro de Itapemirim;Técnico em Informática;Integrado;Física;2024/1;Aprovado;1;100.000 %
Campus Cachoeiro de Itapemirim;Técnico em Informática;Integrado;Química;2024/1;Aprovado;1;100.000 %
Campus Cachoeiro de Itapemirim;Técnico em Informática;Integrado;Química;2025/1;Aprovado;37;100.000 %
Campus Cachoeiro de Itapemirim;Técnico em Informática;Integrado;Biologia;2025/1;Aprovado;33;89.190 %
Campus Cachoeiro de Itapemirim;Técnico em Informática;Integrado;Biologia;2025/1;Reprovado;4;10.810 %
Campus Cachoeiro de Itapemirim;Técnico em Informática;Integrado;Biologia;2024/1;Aprovado;1;100.000 %
Campus Cachoeiro de Itapemirim;Técnico em Informática;Integrado;História;2024/1;Aprovado;1;100.000 %
Campus Cachoeiro de Itapemirim;Técnico em Informática;Integrado;História;2025/1;Aprovado;37;100.000 %
Campus Cachoeiro de Itapemirim;Técnico em Informática;Integrado;Geografia;2025/1;Aprovado;37;100.000 %
Campus Cachoeiro de Itapemirim;Técnico em Informática;Integrado;Geografia;2024/1;Aprovado;1;100.000 %
Campus Cachoeiro de Itapemirim;Técnico em Informática;Integrado;Educação física;2024/1;Aprovado;1;100.000 %
Campus Cachoeiro de Itapemirim;Técnico em Informática;Integrado;Educação física;2025/1;Aprovado;37;100.000 %
Campus Cachoeiro de Itapemirim;Técnico em Informática;Integrado;Filosofia / sociologia;2025/1;Aprovado;37;100.000 %
Campus Cachoeiro de Itapemirim;Técnico em Informática;Integrado;Filosofia / sociologia;2024/1;Aprovado;1;100.000 %
Campus Cachoeiro de Itapemirim;Técnico em Informática;Integrado;Análise e projeto de sistemas;2024/1;Aprovado;1;100.000 %
Campus Cachoeiro de Itapemirim;Técnico em Informática;Integrado;Análise e projeto de sistemas;2025/1;Aprovado;17;100.000 %
Campus Cachoeiro de Itapemirim;Técnico em Informática;Integrado;Análise e projeto de sistemas;2025/1;Aprovado;20;100.000 %
Campus Cachoeiro de Itapemirim;Técnico em Informática;Integrado;Programação II;2025/1;Aprovado;17;100.000 %
Campus Cachoeiro de Itapemirim;Técnico em Informática;Integrado;Programação II;2025/1;Aprovado;20;100.000 %
Campus Cachoeiro de Itapemirim;Técnico em Informática;Integrado;Programação II;2024/1;Aprovado;1;100.000 %
Campus Cachoeiro de Itapemirim;Técnico em Informática;Integrado;Administração de redes;2024/1;Aprovado;1;100.000 %
Campus Cachoeiro de Itapemirim;Técnico em Informática;Integrado;Administração de redes;2025/1;Aprovado;20;100.000 %
Campus Cachoeiro de Itapemirim;Técnico em Informática;Integrado;Administração de redes;2025/1;Aprovado;17;100.000 %
Campus Cachoeiro de Itapemirim;Técnico em Informática;Integrado;Banco de dados;2025/1;Aprovado;17;100.000 %
Campus Cachoeiro de Itapemirim;Técnico em Informática;Integrado;Banco de dados;2025/1;Aprovado;20;100.000 %
Campus Cachoeiro de Itapemirim;Técnico em Informática;Integrado;Banco de dados;2024/1;Aprovado;1;100.000 %
Campus Cachoeiro de Itapemirim;Técnico em Informática;Integrado;Língua portuguesa e literatura brasileira;2025/1;Aprovado;1;100.000 %
Campus Cachoeiro de Itapemirim;Técnico em Informática;Integrado;Química;2025/1;Aprovado;1;100.000 %
Campus Cachoeiro de Itapemirim;Técnico em Informática;Integrado;Geografia;2025/1;Aprovado;1;100.000 %
Campus Cachoeiro de Itapemirim;Técnico em Informática;Integrado;Educação física;2025/1;Aprovado;1;100.000 %
Campus Cachoeiro de Itapemirim;Técnico em Informática;Integrado;Filosofia / sociologia;2025/1;Aprovado;1;100.000 %
Campus Cachoeiro de Itapemirim;Técnico em Informática;Integrado;Artes;2025/1;Aprovado;1;100.000 %
Campus Cachoeiro de Itapemirim;Técnico em Informática;Integrado;Ética e legislação profissional;2025/1;Aprovado;1;100.000 %
Campus Cachoeiro de Itapemirim;Técnico em Informática;Integrado;Segurança, meio ambiente e saúde;2025/1;Aprovado;1;100.000 %
Campus Cachoeiro de Itapemirim;Técnico em Informática;Integrado;Empreendedorismo;2025/1;Aprovado;1;100.000 %
Campus Cachoeiro de Itapemirim;Técnico em Informática;Integrado;Programação para a web;2025/1;Aprovado;1;100.000 %
Campus Cachoeiro de Itapemirim;Técnico em Informática;Integrado;Aplicativos gráficos para a web;2025/1;Aprovado;1;100.000 %
Campus Cachoeiro de Itapemirim;Técnico em Informática;Integrado;Projeto integrador de redes;2025/1;Aprovado;1;100.000 %
Campus Cachoeiro de Itapemirim;Técnico em Informática;Integrado;Projeto integrador de desenvolvimento;2025/1;Aprovado;1;100.000 %
Campus Cachoeiro de Itapemirim;Engenharia de Minas;Superior;Cálculo diferencial e integral I;2021/2;Aproveit. Disciplina;1;6.250 %
Campus Cachoeiro de Itapemirim;Engenharia de Minas;Superior;Cálculo diferencial e integral I;2022/1;Reprovado;1;25.000 %
Campus Cachoeiro de Itapemirim;Engenharia de Minas;Superior;Cálculo diferencial e integral I;2022/1;Aprovado;3;75.000 %
Campus Cachoeiro de Itapemirim;Engenharia de Minas;Superior;Cálculo diferencial e integral I;2023/1;Aprovado;1;14.290 %
Campus Cachoeiro de Itapemirim;Engenharia de Minas;Superior;Cálculo diferencial e integral I;2023/1;Reprovado;6;85.710 %
Campus Cachoeiro de Itapemirim;Engenharia de Minas;Superior;Cálculo diferencial e integral I;2022/2;Reprovado;7;100.000 %
Campus Cachoeiro de Itapemirim;Engenharia de Minas;Superior;Cálculo diferencial e integral I;2021/2;Aprovado;10;62.500 %
Campus Cachoeiro de Itapemirim;Engenharia de Minas;Superior;Cálculo diferencial e integral I;2021/2;Reprovado;5;31.250 %
Campus Cachoeiro de Itapemirim;Engenharia de Minas;Superior;Cálculo diferencial e integral I;2020/2;Reprovado;2;50.000 %
Campus Cachoeiro de Itapemirim;Engenharia de Minas;Superior;Cálculo diferencial e integral I;2020/2;Aprovado;1;25.000 %
Campus Cachoeiro de Itapemirim;Engenharia de Minas;Superior;Cálculo diferencial e integral I;2019/2;Aproveit. Disciplina;1;50.000 %
Campus Cachoeiro de Itapemirim;Engenharia de Minas;Superior;Cálculo diferencial e integral I;2019/2;Aprovado;1;50.000 %
Campus Cachoeiro de Itapemirim;Engenharia de Minas;Superior;Cálculo diferencial e integral I;2020/1;Reprovado;1;50.000 %
Campus Cachoeiro de Itapemirim;Engenharia de Minas;Superior;Cálculo diferencial e integral I;2018/1;Reprovado;1;100.000 %
Campus Cachoeiro de Itapemirim;Engenharia de Minas;Superior;Cálculo diferencial e integral I;2017/2;Reprovado;1;100.000 %
Campus Cachoeiro de Itapemirim;Engenharia de Minas;Superior;Cálculo diferencial e integral I;2018/2;Reprovado;3;100.000 %
Campus Cachoeiro de Itapemirim;Engenharia de Minas;Superior;Cálculo diferencial e integral I;2018/2;Reprovado;1;100.000 %
Campus Cachoeiro de Itapemirim;Engenharia de Minas;Superior;Cálculo diferencial e integral I;2019/1;Reprovado;2;100.000 %
Campus Cachoeiro de Itapemirim;Engenharia de Minas;Superior;Cálculo diferencial e integral I;2024/1;Reprovado;16;69.570 %
Campus Cachoeiro de Itapemirim;Engenharia de Minas;Superior;Cálculo diferencial e integral I;2024/1;Aproveit. Disciplina;1;4.350 %
Campus Cachoeiro de Itapemirim;Engenharia de Minas;Superior;Cálculo diferencial e integral I;2024/1;Rep. Falta;1;4.350 %
Campus Cachoeiro de Itapemirim;Engenharia de Minas;Superior;Cálculo diferencial e integral I;2024/1;Aprovado;5;21.740 %
Campus Cachoeiro de Itapemirim;Engenharia de Minas;Superior;Cálculo diferencial e integral I;2024/2;Aprovado;11;68.750 %
Campus Cachoeiro de Itapemirim;Engenharia de Minas;Superior;Cálculo diferencial e integral I;2024/2;Reprovado;5;31.250 %
Campus Cachoeiro de Itapemirim;Engenharia de Minas;Superior;Cálculo diferencial e integral I;2025/1;Reprovado;15;50.000 %
Campus Cachoeiro de Itapemirim;Engenharia de Minas;Superior;Cálculo diferencial e integral I;2025/1;Rep. Falta;3;10.000 %
Campus Cachoeiro de Itapemirim;Engenharia de Minas;Superior;Cálculo diferencial e integral I;2025/1;Aprovado;12;40.000 %
Campus Cachoeiro de Itapemirim;Engenharia de Minas;Superior;Cálculo diferencial e integral I;2026/1;Aprovado;12;28.570 %
Campus Cachoeiro de Itapemirim;Engenharia de Minas;Superior;Cálculo diferencial e integral I;2026/1;Reprovado;19;45.240 %
Campus Cachoeiro de Itapemirim;Engenharia de Minas;Superior;Cálculo diferencial e integral I;2026/1;Rep. Falta;10;23.810 %
Campus Cachoeiro de Itapemirim;Engenharia de Minas;Superior;Expressão gráfica;2026/1;Rep. Falta;6;20.690 %
Campus Cachoeiro de Itapemirim;Engenharia de Minas;Superior;Expressão gráfica;2026/1;Aprovado;23;79.310 %
Campus Cachoeiro de Itapemirim;Engenharia de Minas;Superior;Expressão gráfica;2025/1;Aprovado;24;92.310 %
Campus Cachoeiro de Itapemirim;Engenharia de Minas;Superior;Expressão gráfica;2025/1;Reprovado;2;7.690 %
Campus Cachoeiro de Itapemirim;Engenharia de Minas;Superior;Expressão gráfica;2024/1;Aprovado;19;100.000 %
Campus Cachoeiro de Itapemirim;Engenharia de Minas;Superior;Expressão gráfica;2018/2;Aprovado;3;100.000 %
Campus Cachoeiro de Itapemirim;Engenharia de Minas;Superior;Expressão gráfica;2017/2;Aprovado;2;100.000 %
Campus Cachoeiro de Itapemirim;Engenharia de Minas;Superior;Expressão gráfica;2019/2;Aprovado;1;100.000 %
Campus Cachoeiro de Itapemirim;Engenharia de Minas;Superior;Expressão gráfica;2021/2;Aprovado;4;100.000 %
Campus Cachoeiro de Itapemirim;Engenharia de Minas;Superior;Expressão gráfica;2021/2;Aprovado;7;100.000 %
Campus Cachoeiro de Itapemirim;Engenharia de Minas;Superior;Expressão gráfica;2021/1;Aprovado;1;50.000 %
Campus Cachoeiro de Itapemirim;Engenharia de Minas;Superior;Expressão gráfica;2022/2;Aprovado;8;100.000 %
Campus Cachoeiro de Itapemirim;Engenharia de Minas;Superior;Fundamentos da mecânica clássica;2022/2;Reprovado;6;75.000 %
Campus Cachoeiro de Itapemirim;Engenharia de Minas;Superior;Fundamentos da mecânica clássica;2022/2;Aprovado;2;25.000 %
Campus Cachoeiro de Itapemirim;Engenharia de Minas;Superior;Fundamentos da mecânica clássica;2021/2;Aprovado;12;85.710 %
Campus Cachoeiro de Itapemirim;Engenharia de Minas;Superior;Fundamentos da mecânica clássica;2021/2;Reprovado;2;14.290 %
Campus Cachoeiro de Itapemirim;Engenharia de Minas;Superior;Fundamentos da mecânica clássica;2020/2;Aprovado;2;40.000 %
Campus Cachoeiro de Itapemirim;Engenharia de Minas;Superior;Fundamentos da mecânica clássica;2020/2;Reprovado;2;40.000 %
Campus Cachoeiro de Itapemirim;Engenharia de Minas;Superior;Fundamentos da mecânica clássica;2020/1;Reprovado;2;66.670 %
Campus Cachoeiro de Itapemirim;Engenharia de Minas;Superior;Fundamentos da mecânica clássica;2019/2;Reprovado;2;100.000 %
Campus Cachoeiro de Itapemirim;Engenharia de Minas;Superior;Fundamentos da mecânica clássica;2019/2;Rep. Falta;1;100.000 %
Campus Cachoeiro de Itapemirim;Engenharia de Minas;Superior;Fundamentos da mecânica clássica;2017/2;Reprovado;1;100.000 %
Campus Cachoeiro de Itapemirim;Engenharia de Minas;Superior;Fundamentos da mecânica clássica;2018/1;Aprovado;1;100.000 %
Campus Cachoeiro de Itapemirim;Engenharia de Minas;Superior;Fundamentos da mecânica clássica;2018/2;Aprovado;1;100.000 %
Campus Cachoeiro de Itapemirim;Engenharia de Minas;Superior;Fundamentos da mecânica clássica;2018/2;Reprovado;3;100.000 %
Campus Cachoeiro de Itapemirim;Engenharia de Minas;Superior;Fundamentos da mecânica clássica;2024/1;Aprovado;15;83.330 %
Campus Cachoeiro de Itapemirim;Engenharia de Minas;Superior;Fundamentos da mecânica clássica;2024/1;Reprovado;2;11.110 %
Campus Cachoeiro de Itapemirim;Engenharia de Minas;Superior;Fundamentos da mecânica clássica;2024/1;Aproveit. Disciplina;1;5.560 %
Campus Cachoeiro de Itapemirim;Engenharia de Minas;Superior;Fundamentos da mecânica clássica;2023/2;Aprovado;7;100.000 %
Campus Cachoeiro de Itapemirim;Engenharia de Minas;Superior;Geometria analítica;2023/2;Aprovado;3;23.080 %
Campus Cachoeiro de Itapemirim;Engenharia de Minas;Superior;Geometria analítica;2023/2;Reprovado;10;76.920 %
Campus Cachoeiro de Itapemirim;Engenharia de Minas;Superior;Geometria analítica;2024/1;Reprovado;12;52.170 %
Campus Cachoeiro de Itapemirim;Engenharia de Minas;Superior;Geometria analítica;2024/1;Aprovado;11;47.830 %
Campus Cachoeiro de Itapemirim;Engenharia de Minas;Superior;Geometria analítica;2018/2;Reprovado;3;100.000 %
Campus Cachoeiro de Itapemirim;Engenharia de Minas;Superior;Geometria analítica;2017/2;Reprovado;1;100.000 %
Campus Cachoeiro de Itapemirim;Engenharia de Minas;Superior;Geometria analítica;2019/2;Aproveit. Disciplina;1;50.000 %
Campus Cachoeiro de Itapemirim;Engenharia de Minas;Superior;Geometria analítica;2019/2;Aprovado;1;50.000 %
Campus Cachoeiro de Itapemirim;Engenharia de Minas;Superior;Geometria analítica;2020/1;Aprovado;1;50.000 %
Campus Cachoeiro de Itapemirim;Engenharia de Minas;Superior;Geometria analítica;2020/2;Reprovado;2;50.000 %
Campus Cachoeiro de Itapemirim;Engenharia de Minas;Superior;Geometria analítica;2020/2;Aprovado;1;25.000 %
Campus Cachoeiro de Itapemirim;Engenharia de Minas;Superior;Geometria analítica;2021/1;Reprovado;2;50.000 %
Campus Cachoeiro de Itapemirim;Engenharia de Minas;Superior;Geometria analítica;2021/1;Aprovado;2;50.000 %
Campus Cachoeiro de Itapemirim;Engenharia de Minas;Superior;Geometria analítica;2021/2;Reprovado;5;38.460 %
Campus Cachoeiro de Itapemirim;Engenharia de Minas;Superior;Geometria analítica;2021/2;Aprovado;7;53.850 %
Campus Cachoeiro de Itapemirim;Engenharia de Minas;Superior;Geometria analítica;2021/2;Aproveit. Disciplina;1;7.690 %
Campus Cachoeiro de Itapemirim;Engenharia de Minas;Superior;Geometria analítica;2022/2;Rep. Falta;1;9.090 %
Campus Cachoeiro de Itapemirim;Engenharia de Minas;Superior;Geometria analítica;2022/2;Reprovado;6;54.550 %
Campus Cachoeiro de Itapemirim;Engenharia de Minas;Superior;Geometria analítica;2022/2;Aprovado;4;36.360 %
Campus Cachoeiro de Itapemirim;Engenharia de Minas;Superior;Geometria analítica;2026/1;Aprovado;6;100.000 %
Campus Cachoeiro de Itapemirim;Engenharia de Minas;Superior;Introdução à engenharia de minas;2026/1;Rep. Falta;8;27.590 %
Campus Cachoeiro de Itapemirim;Engenharia de Minas;Superior;Introdução à engenharia de minas;2026/1;Aprovado;21;72.410 %
Campus Cachoeiro de Itapemirim;Engenharia de Minas;Superior;Introdução à engenharia de minas;2025/1;Aprovado;26;96.300 %
Campus Cachoeiro de Itapemirim;Engenharia de Minas;Superior;Introdução à engenharia de minas;2025/1;Reprovado;1;3.700 %
Campus Cachoeiro de Itapemirim;Engenharia de Minas;Superior;Introdução à engenharia de minas;2022/2;Aprovado;6;85.710 %
Campus Cachoeiro de Itapemirim;Engenharia de Minas;Superior;Introdução à engenharia de minas;2022/2;Reprovado;1;14.290 %
Campus Cachoeiro de Itapemirim;Engenharia de Minas;Superior;Introdução à engenharia de minas;2021/2;Reprovado;3;25.000 %
Campus Cachoeiro de Itapemirim;Engenharia de Minas;Superior;Introdução à engenharia de minas;2021/2;Aprovado;9;75.000 %
Campus Cachoeiro de Itapemirim;Engenharia de Minas;Superior;Introdução à engenharia de minas;2020/2;Reprovado;2;50.000 %
Campus Cachoeiro de Itapemirim;Engenharia de Minas;Superior;Introdução à engenharia de minas;2020/2;Aprovado;1;25.000 %
Campus Cachoeiro de Itapemirim;Engenharia de Minas;Superior;Introdução à engenharia de minas;2019/2;Aprovado;1;100.000 %
Campus Cachoeiro de Itapemirim;Engenharia de Minas;Superior;Introdução à engenharia de minas;2017/2;Aprovado;2;100.000 %
Campus Cachoeiro de Itapemirim;Engenharia de Minas;Superior;Introdução à engenharia de minas;2018/2;Aprovado;3;100.000 %
Campus Cachoeiro de Itapemirim;Engenharia de Minas;Superior;Introdução à engenharia de minas;2024/1;Aprovado;17;89.470 %
Campus Cachoeiro de Itapemirim;Engenharia de Minas;Superior;Introdução à engenharia de minas;2024/1;Reprovado;1;5.260 %
Campus Cachoeiro de Itapemirim;Engenharia de Minas;Superior;Introdução à engenharia de minas;2024/1;Rep. Falta;1;5.260 %
Campus Cachoeiro de Itapemirim;Engenharia de Minas;Superior;Geologia geral;2024/1;Reprovado;2;10.000 %
Campus Cachoeiro de Itapemirim;Engenharia de Minas;Superior;Geologia geral;2024/1;Aprovado;18;90.000 %
Campus Cachoeiro de Itapemirim;Engenharia de Minas;Superior;Geologia geral;2018/2;Aprovado;1;33.330 %
Campus Cachoeiro de Itapemirim;Engenharia de Minas;Superior;Geologia geral;2018/2;Reprovado;2;66.670 %
Campus Cachoeiro de Itapemirim;Engenharia de Minas;Superior;Geologia geral;2018/2;Aprovado;1;33.330 %
Campus Cachoeiro de Itapemirim;Engenharia de Minas;Superior;Geologia geral;2019/1;Aprovado;2;66.670 %
Campus Cachoeiro de Itapemirim;Engenharia de Minas;Superior;Geologia geral;2019/1;Reprovado;1;33.330 %
Campus Cachoeiro de Itapemirim;Engenharia de Minas;Superior;Geologia geral;2017/2;Reprovado;1;100.000 %
Campus Cachoeiro de Itapemirim;Engenharia de Minas;Superior;Geologia geral;2019/2;Reprovado;1;50.000 %
Campus Cachoeiro de Itapemirim;Engenharia de Minas;Superior;Geologia geral;2019/2;Aprovado;1;50.000 %
Campus Cachoeiro de Itapemirim;Engenharia de Minas;Superior;Geologia geral;2020/2;Aprovado;1;50.000 %
Campus Cachoeiro de Itapemirim;Engenharia de Minas;Superior;Geologia geral;2020/2;Reprovado;1;50.000 %
Campus Cachoeiro de Itapemirim;Engenharia de Minas;Superior;Geologia geral;2020/2;Reprovado;2;100.000 %
Campus Cachoeiro de Itapemirim;Engenharia de Minas;Superior;Geologia geral;2021/2;Aprovado;4;66.670 %
Campus Cachoeiro de Itapemirim;Engenharia de Minas;Superior;Geologia geral;2021/2;Reprovado;3;37.500 %
Campus Cachoeiro de Itapemirim;Engenharia de Minas;Superior;Geologia geral;2021/2;Rep. Falta;1;12.500 %
Campus Cachoeiro de Itapemirim;Engenharia de Minas;Superior;Geologia geral;2021/2;Aprovado;4;50.000 %
Campus Cachoeiro de Itapemirim;Engenharia de Minas;Superior;Geologia geral;2021/2;Reprovado;1;16.670 %
Campus Cachoeiro de Itapemirim;Engenharia de Minas;Superior;Geologia geral;2022/2;Aprovado;9;90.000 %
Campus Cachoeiro de Itapemirim;Engenharia de Minas;Superior;Geologia geral;2022/2;Reprovado;1;10.000 %
Campus Cachoeiro de Itapemirim;Engenharia de Minas;Superior;Algoritmos e Estrutura de Dados;2022/1;Aprovado;1;11.110 %
Campus Cachoeiro de Itapemirim;Engenharia de Minas;Superior;Algoritmos e Estrutura de Dados;2022/1;Reprovado;8;88.890 %
Campus Cachoeiro de Itapemirim;Engenharia de Minas;Superior;Algoritmos e Estrutura de Dados;2021/1;Reprovado;2;50.000 %
Campus Cachoeiro de Itapemirim;Engenharia de Minas;Superior;Algoritmos e Estrutura de Dados;2021/1;Aprovado;1;25.000 %
Campus Cachoeiro de Itapemirim;Engenharia de Minas;Superior;Algoritmos e Estrutura de Dados;2020/1;Reprovado;1;100.000 %
Campus Cachoeiro de Itapemirim;Engenharia de Minas;Superior;Algoritmos e Estrutura de Dados;2018/1;Reprovado;1;100.000 %
Campus Cachoeiro de Itapemirim;Engenharia de Minas;Superior;Algoritmos e Estrutura de Dados;2019/1;Reprovado;2;66.670 %
Campus Cachoeiro de Itapemirim;Engenharia de Minas;Superior;Algoritmos e Estrutura de Dados;2019/1;Rep. Falta;1;33.330 %
Campus Cachoeiro de Itapemirim;Engenharia de Minas;Superior;Algoritmos e Estrutura de Dados;2024/2;Aprovado;20;76.920 %
Campus Cachoeiro de Itapemirim;Engenharia de Minas;Superior;Algoritmos e Estrutura de Dados;2024/2;Rep. Falta;1;3.850 %
Campus Cachoeiro de Itapemirim;Engenharia de Minas;Superior;Algoritmos e Estrutura de Dados;2024/2;Reprovado;5;19.230 %
Campus Cachoeiro de Itapemirim;Engenharia de Minas;Superior;Algoritmos e Estrutura de Dados;2023/1;Rep. Falta;2;15.380 %
Campus Cachoeiro de Itapemirim;Engenharia de Minas;Superior;Algoritmos e Estrutura de Dados;2023/1;Aprovado;4;30.770 %
Campus Cachoeiro de Itapemirim;Engenharia de Minas;Superior;Algoritmos e Estrutura de Dados;2023/1;Reprovado;7;53.850 %
Campus Cachoeiro de Itapemirim;Engenharia de Minas;Superior;Algoritmos e Estrutura de Dados;2025/2;Aprovado;16;66.670 %
Campus Cachoeiro de Itapemirim;Engenharia de Minas;Superior;Algoritmos e Estrutura de Dados;2025/2;Reprovado;8;33.330 %
Campus Cachoeiro de Itapemirim;Engenharia de Minas;Superior;Comunicação e expressão;2026/1;Aprovado;23;76.670 %
Campus Cachoeiro de Itapemirim;Engenharia de Minas;Superior;Comunicação e expressão;2026/1;Reprovado;1;3.330 %
Campus Cachoeiro de Itapemirim;Engenharia de Minas;Superior;Comunicação e expressão;2026/1;Rep. Falta;6;20.000 %
Campus Cachoeiro de Itapemirim;Engenharia de Minas;Superior;Comunicação e expressão;2025/1;Reprovado;1;3.850 %
Campus Cachoeiro de Itapemirim;Engenharia de Minas;Superior;Comunicação e expressão;2025/1;Aprovado;25;96.150 %
Campus Cachoeiro de Itapemirim;Engenharia de Minas;Superior;Comunicação e expressão;2024/1;Aprovado;19;95.000 %
Campus Cachoeiro de Itapemirim;Engenharia de Minas;Superior;Comunicação e expressão;2024/1;Aproveit. Disciplina;1;5.000 %
Campus Cachoeiro de Itapemirim;Engenharia de Minas;Superior;Comunicação e expressão;2018/2;Aprovado;3;100.000 %
Campus Cachoeiro de Itapemirim;Engenharia de Minas;Superior;Comunicação e expressão;2017/2;Aprovado;2;100.000 %
Campus Cachoeiro de Itapemirim;Engenharia de Minas;Superior;Comunicação e expressão;2019/2;Aprovado;1;100.000 %
Campus Cachoeiro de Itapemirim;Engenharia de Minas;Superior;Comunicação e expressão;2021/2;Aprovado;7;63.640 %
Campus Cachoeiro de Itapemirim;Engenharia de Minas;Superior;Comunicação e expressão;2020/2;Reprovado;2;50.000 %
Campus Cachoeiro de Itapemirim;Engenharia de Minas;Superior;Comunicação e expressão;2020/2;Aprovado;1;25.000 %
Campus Cachoeiro de Itapemirim;Engenharia de Minas;Superior;Comunicação e expressão;2021/2;Reprovado;3;27.270 %
Campus Cachoeiro de Itapemirim;Engenharia de Minas;Superior;Comunicação e expressão;2021/2;Aproveit. Disciplina;1;9.090 %
Campus Cachoeiro de Itapemirim;Engenharia de Minas;Superior;Comunicação e expressão;2022/2;Reprovado;1;11.110 %
Campus Cachoeiro de Itapemirim;Engenharia de Minas;Superior;Comunicação e expressão;2022/2;Aproveit. Disciplina;1;11.110 %
Campus Cachoeiro de Itapemirim;Engenharia de Minas;Superior;Comunicação e expressão;2022/2;Aprovado;7;77.780 %
Campus Cachoeiro de Itapemirim;Engenharia de Minas;Superior;Cálculo diferencial e integral II;2022/1;Rep. Falta;1;8.330 %
Campus Cachoeiro de Itapemirim;Engenharia de Minas;Superior;Cálculo diferencial e integral II;2022/1;Reprovado;11;91.670 %
Campus Cachoeiro de Itapemirim;Engenharia de Minas;Superior;Cálculo diferencial e integral II;2021/1;Aprovado;2;100.000 %
Campus Cachoeiro de Itapemirim;Engenharia de Minas;Superior;Cálculo diferencial e integral II;2024/2;Rep. Falta;2;16.670 %
Campus Cachoeiro de Itapemirim;Engenharia de Minas;Superior;Cálculo diferencial e integral II;2024/2;Reprovado;6;50.000 %
Campus Cachoeiro de Itapemirim;Engenharia de Minas;Superior;Cálculo diferencial e integral II;2024/2;Aprovado;4;33.330 %
Campus Cachoeiro de Itapemirim;Engenharia de Minas;Superior;Cálculo diferencial e integral II;2023/2;Reprovado;2;100.000 %
Campus Cachoeiro de Itapemirim;Engenharia de Minas;Superior;Fenômenos de transporte;2023/1;Reprovado;1;10.000 %
Campus Cachoeiro de Itapemirim;Engenharia de Minas;Superior;Fenômenos de transporte;2023/1;Aprovado;7;70.000 %
Campus Cachoeiro de Itapemirim;Engenharia de Minas;Superior;Fenômenos de transporte;2023/1;Rep. Falta;2;20.000 %
Campus Cachoeiro de Itapemirim;Engenharia de Minas;Superior;Fenômenos de transporte;2024/2;Aprovado;5;100.000 %
Campus Cachoeiro de Itapemirim;Engenharia de Minas;Superior;Fenômenos de transporte;2021/1;Aprovado;2;66.670 %
Campus Cachoeiro de Itapemirim;Engenharia de Minas;Superior;Fenômenos de transporte;2022/1;Reprovado;4;57.140 %
Campus Cachoeiro de Itapemirim;Engenharia de Minas;Superior;Fenômenos de transporte;2022/1;Aprovado;3;42.860 %
Campus Cachoeiro de Itapemirim;Engenharia de Minas;Superior;Fenômenos de transporte;2021/2;Aprovado;1;100.000 %
Campus Cachoeiro de Itapemirim;Engenharia de Minas;Superior;Fenômenos de transporte;2026/1;Aprovado;4;80.000 %
Campus Cachoeiro de Itapemirim;Engenharia de Minas;Superior;Fenômenos de transporte;2026/1;Reprovado;1;20.000 %
Campus Cachoeiro de Itapemirim;Engenharia de Minas;Superior;Metodologia científica;2022/1;Aprovado;6;100.000 %
Campus Cachoeiro de Itapemirim;Engenharia de Minas;Superior;Metodologia científica;2020/2;Aprovado;3;60.000 %
Campus Cachoeiro de Itapemirim;Engenharia de Minas;Superior;Metodologia científica;2020/1;Reprovado;1;100.000 %
Campus Cachoeiro de Itapemirim;Engenharia de Minas;Superior;Metodologia científica;2018/1;Aprovado;1;100.000 %
Campus Cachoeiro de Itapemirim;Engenharia de Minas;Superior;Metodologia científica;2019/1;Aprovado;3;100.000 %
Campus Cachoeiro de Itapemirim;Engenharia de Minas;Superior;Metodologia científica;2024/2;Rep. Falta;1;5.560 %
Campus Cachoeiro de Itapemirim;Engenharia de Minas;Superior;Metodologia científica;2024/2;Aprovado;17;94.440 %
Campus Cachoeiro de Itapemirim;Engenharia de Minas;Superior;Metodologia científica;2023/1;Rep. Falta;1;11.110 %
Campus Cachoeiro de Itapemirim;Engenharia de Minas;Superior;Metodologia científica;2023/1;Aprovado;8;88.890 %
Campus Cachoeiro de Itapemirim;Engenharia de Minas;Superior;Química geral e experimental I;2023/1;Aprovado;5;41.670 %
Campus Cachoeiro de Itapemirim;Engenharia de Minas;Superior;Química geral e experimental I;2023/1;Reprovado;7;58.330 %
Campus Cachoeiro de Itapemirim;Engenharia de Minas;Superior;Química geral e experimental I;2024/2;Reprovado;6;25.000 %
Campus Cachoeiro de Itapemirim;Engenharia de Minas;Superior;Química geral e experimental I;2024/2;Aprovado;17;70.830 %
Campus Cachoeiro de Itapemirim;Engenharia de Minas;Superior;Química geral e experimental I;2024/2;Rep. Falta;1;4.170 %
Campus Cachoeiro de Itapemirim;Engenharia de Minas;Superior;Química geral e experimental I;2019/1;Reprovado;3;100.000 %
Campus Cachoeiro de Itapemirim;Engenharia de Minas;Superior;Química geral e experimental I;2018/1;Aprovado;1;100.000 %
Campus Cachoeiro de Itapemirim;Engenharia de Minas;Superior;Química geral e experimental I;2020/1;Reprovado;1;100.000 %
Campus Cachoeiro de Itapemirim;Engenharia de Minas;Superior;Química geral e experimental I;2019/2;Reprovado;1;50.000 %
Campus Cachoeiro de Itapemirim;Engenharia de Minas;Superior;Química geral e experimental I;2019/2;Aprovado;1;50.000 %
Campus Cachoeiro de Itapemirim;Engenharia de Minas;Superior;Química geral e experimental I;2021/1;Reprovado;1;25.000 %
Campus Cachoeiro de Itapemirim;Engenharia de Minas;Superior;Química geral e experimental I;2021/1;Aprovado;2;50.000 %
Campus Cachoeiro de Itapemirim;Engenharia de Minas;Superior;Química geral e experimental I;2022/1;Reprovado;2;22.220 %
Campus Cachoeiro de Itapemirim;Engenharia de Minas;Superior;Química geral e experimental I;2022/1;Aprovado;6;66.670 %
Campus Cachoeiro de Itapemirim;Engenharia de Minas;Superior;Química geral e experimental I;2022/1;Rep. Falta;1;11.110 %
Campus Cachoeiro de Itapemirim;Engenharia de Minas;Superior;Cálculo diferencial e integral III;2022/2;Reprovado;1;100.000 %
Campus Cachoeiro de Itapemirim;Engenharia de Minas;Superior;Cálculo diferencial e integral III;2020/2;Aprovado;1;50.000 %
Campus Cachoeiro de Itapemirim;Engenharia de Minas;Superior;Cálculo diferencial e integral III;2020/2;Reprovado;1;50.000 %
Campus Cachoeiro de Itapemirim;Engenharia de Minas;Superior;Cálculo diferencial e integral III;2023/2;Reprovado;1;100.000 %
Campus Cachoeiro de Itapemirim;Engenharia de Minas;Superior;Cálculo diferencial e integral III;2025/2;Aprovado;15;93.750 %
Campus Cachoeiro de Itapemirim;Engenharia de Minas;Superior;Ciências do ambiente;2025/2;Aprovado;2;66.670 %
Campus Cachoeiro de Itapemirim;Engenharia de Minas;Superior;Ciências do ambiente;2025/2;Aprovado;30;100.000 %
Campus Cachoeiro de Itapemirim;Engenharia de Minas;Superior;Ciências do ambiente;2023/2;Aprovado;5;100.000 %
Campus Cachoeiro de Itapemirim;Engenharia de Minas;Superior;Ciências do ambiente;2024/2;Aprovado;11;100.000 %
Campus Cachoeiro de Itapemirim;Engenharia de Minas;Superior;Ciências do ambiente;2020/2;Aprovado;1;100.000 %
Campus Cachoeiro de Itapemirim;Engenharia de Minas;Superior;Ciências do ambiente;2019/2;Aprovado;2;100.000 %
Campus Cachoeiro de Itapemirim;Engenharia de Minas;Superior;Ciências do ambiente;2018/2;Aprovado;2;100.000 %
Campus Cachoeiro de Itapemirim;Engenharia de Minas;Superior;Ciências do ambiente;2022/2;Aprovado;6;100.000 %
Campus Cachoeiro de Itapemirim;Engenharia de Minas;Superior;Ciências do ambiente;2021/2;Aprovado;4;80.000 %
Campus Cachoeiro de Itapemirim;Engenharia de Minas;Superior;Ciências do ambiente;2021/2;Aproveit. Disciplina;1;20.000 %
Campus Cachoeiro de Itapemirim;Engenharia de Minas;Superior;Mecânica;2022/1;Reprovado;1;100.000 %
Campus Cachoeiro de Itapemirim;Engenharia de Minas;Superior;Mecânica;2022/2;Aprovado;8;72.730 %
Campus Cachoeiro de Itapemirim;Engenharia de Minas;Superior;Mecânica;2022/2;Reprovado;2;18.180 %
Campus Cachoeiro de Itapemirim;Engenharia de Minas;Superior;Mecânica;2022/2;Rep. Falta;1;9.090 %
Campus Cachoeiro de Itapemirim;Engenharia de Minas;Superior;Mecânica;2020/2;Aprovado;1;100.000 %
Campus Cachoeiro de Itapemirim;Engenharia de Minas;Superior;Mecânica;2023/2;Aprovado;5;83.330 %
Campus Cachoeiro de Itapemirim;Engenharia de Minas;Superior;Mecânica;2023/2;Rep. Falta;1;16.670 %
Campus Cachoeiro de Itapemirim;Engenharia de Minas;Superior;Mecânica;2023/1;Rep. Falta;1;33.330 %
Campus Cachoeiro de Itapemirim;Engenharia de Minas;Superior;Mecânica;2023/1;Aprovado;2;66.670 %
Campus Cachoeiro de Itapemirim;Engenharia de Minas;Superior;Mecânica;2025/2;Rep. Falta;1;12.500 %
Campus Cachoeiro de Itapemirim;Engenharia de Minas;Superior;Mecânica;2025/2;Reprovado;1;12.500 %
Campus Cachoeiro de Itapemirim;Engenharia de Minas;Superior;Mecânica;2025/2;Aprovado;6;75.000 %
Campus Cachoeiro de Itapemirim;Engenharia de Minas;Superior;Mecânica;2025/1;Reprovado;3;23.080 %
Campus Cachoeiro de Itapemirim;Engenharia de Minas;Superior;Mecânica;2025/1;Rep. Falta;1;7.690 %
Campus Cachoeiro de Itapemirim;Engenharia de Minas;Superior;Mecânica;2025/1;Aprovado;9;69.230 %
Campus Cachoeiro de Itapemirim;Engenharia de Minas;Superior;Mineralogia;2025/2;Aprovado;1;100.000 %
Campus Cachoeiro de Itapemirim;Engenharia de Minas;Superior;Mineralogia;2023/2;Aprovado;8;100.000 %
Campus Cachoeiro de Itapemirim;Engenharia de Minas;Superior;Mineralogia;2024/2;Aprovado;11;100.000 %
Campus Cachoeiro de Itapemirim;Engenharia de Minas;Superior;Mineralogia;2021/1;Aprovado;2;100.000 %
Campus Cachoeiro de Itapemirim;Engenharia de Minas;Superior;Mineralogia;2019/2;Aprovado;1;100.000 %
Campus Cachoeiro de Itapemirim;Engenharia de Minas;Superior;Mineralogia;2019/2;Reprovado;2;100.000 %
Campus Cachoeiro de Itapemirim;Engenharia de Minas;Superior;Mineralogia;2022/2;Aprovado;9;100.000 %
Campus Cachoeiro de Itapemirim;Engenharia de Minas;Superior;Mineralogia;2021/2;Aprovado;1;100.000 %
Campus Cachoeiro de Itapemirim;Engenharia de Minas;Superior;Eletromagnetismo;2021/2;Aprovado;1;100.000 %
Campus Cachoeiro de Itapemirim;Engenharia de Minas;Superior;Eletromagnetismo;2022/2;Aprovado;3;60.000 %
Campus Cachoeiro de Itapemirim;Engenharia de Minas;Superior;Eletromagnetismo;2022/2;Reprovado;2;40.000 %
Campus Cachoeiro de Itapemirim;Engenharia de Minas;Superior;Eletromagnetismo;2020/2;Aprovado;1;100.000 %
Campus Cachoeiro de Itapemirim;Engenharia de Minas;Superior;Eletromagnetismo;2023/2;Aprovado;8;100.000 %
Campus Cachoeiro de Itapemirim;Engenharia de Minas;Superior;Eletromagnetismo;2025/2;Aprovado;6;100.000 %
Campus Cachoeiro de Itapemirim;Engenharia de Minas;Superior;Linguagem de programação;2026/1;Reprovado;1;4.550 %
Campus Cachoeiro de Itapemirim;Engenharia de Minas;Superior;Linguagem de programação;2026/1;Aprovado;20;90.910 %
Campus Cachoeiro de Itapemirim;Engenharia de Minas;Superior;Linguagem de programação;2026/1;Rep. Falta;1;4.550 %
Campus Cachoeiro de Itapemirim;Engenharia de Minas;Superior;Linguagem de programação;2025/1;Aprovado;11;78.570 %
Campus Cachoeiro de Itapemirim;Engenharia de Minas;Superior;Linguagem de programação;2025/1;Reprovado;1;7.140 %
Campus Cachoeiro de Itapemirim;Engenharia de Minas;Superior;Linguagem de programação;2025/1;Rep. Falta;2;14.290 %
Campus Cachoeiro de Itapemirim;Engenharia de Minas;Superior;Linguagem de programação;2023/2;Reprovado;1;33.330 %
Campus Cachoeiro de Itapemirim;Engenharia de Minas;Superior;Linguagem de programação;2023/2;Aprovado;2;66.670 %
Campus Cachoeiro de Itapemirim;Engenharia de Minas;Superior;Linguagem de programação;2024/1;Rep. Falta;1;100.000 %
Campus Cachoeiro de Itapemirim;Engenharia de Minas;Superior;Linguagem de programação;2022/2;Reprovado;1;50.000 %
Campus Cachoeiro de Itapemirim;Engenharia de Minas;Superior;Linguagem de programação;2022/2;Aprovado;1;50.000 %
Campus Cachoeiro de Itapemirim;Engenharia de Minas;Superior;Antropologia e biodiversidade;2022/2;Aprovado;10;100.000 %
Campus Cachoeiro de Itapemirim;Engenharia de Minas;Superior;Antropologia e biodiversidade;2021/2;Rep. Falta;1;100.000 %
Campus Cachoeiro de Itapemirim;Engenharia de Minas;Superior;Antropologia e biodiversidade;2019/2;Aprovado;1;100.000 %
Campus Cachoeiro de Itapemirim;Engenharia de Minas;Superior;Antropologia e biodiversidade;2018/2;Aprovado;2;100.000 %
Campus Cachoeiro de Itapemirim;Engenharia de Minas;Superior;Antropologia e biodiversidade;2023/2;Rep. Falta;1;12.500 %
Campus Cachoeiro de Itapemirim;Engenharia de Minas;Superior;Antropologia e biodiversidade;2023/2;Aprovado;6;75.000 %
Campus Cachoeiro de Itapemirim;Engenharia de Minas;Superior;Antropologia e biodiversidade;2026/1;Rep. Falta;1;20.000 %
Campus Cachoeiro de Itapemirim;Engenharia de Minas;Superior;Antropologia e biodiversidade;2026/1;Aprovado;4;80.000 %
Campus Cachoeiro de Itapemirim;Engenharia de Minas;Superior;Antropologia e biodiversidade;2025/2;Aprovado;2;100.000 %
Campus Cachoeiro de Itapemirim;Engenharia de Minas;Superior;Petrografia;2025/1;Aprovado;4;33.330 %
Campus Cachoeiro de Itapemirim;Engenharia de Minas;Superior;Petrografia;2023/1;Aprovado;6;85.710 %
Campus Cachoeiro de Itapemirim;Engenharia de Minas;Superior;Petrografia;2023/1;Reprovado;1;14.290 %
Campus Cachoeiro de Itapemirim;Engenharia de Minas;Superior;Petrografia;2024/1;Aprovado;12;92.310 %
Campus Cachoeiro de Itapemirim;Engenharia de Minas;Superior;Petrografia;2024/1;Reprovado;1;7.690 %
Campus Cachoeiro de Itapemirim;Engenharia de Minas;Superior;Petrografia;2021/1;Aprovado;1;100.000 %
Campus Cachoeiro de Itapemirim;Engenharia de Minas;Superior;Petrografia;2022/1;Aprovado;1;100.000 %
Campus Cachoeiro de Itapemirim;Engenharia de Minas;Superior;Introdução à física moderna;2022/1;Aprovado;1;100.000 %
Campus Cachoeiro de Itapemirim;Engenharia de Minas;Superior;Introdução à física moderna;2024/1;Aprovado;6;100.000 %
Campus Cachoeiro de Itapemirim;Engenharia de Minas;Superior;Introdução à física moderna;2023/1;Aprovado;1;100.000 %
Campus Cachoeiro de Itapemirim;Engenharia de Minas;Superior;Introdução à física moderna;2025/1;Aprovado;1;50.000 %
Campus Cachoeiro de Itapemirim;Engenharia de Minas;Superior;Topografia;2025/1;Aprovado;14;73.680 %
Campus Cachoeiro de Itapemirim;Engenharia de Minas;Superior;Topografia;2025/1;Rep. Falta;3;15.790 %
Campus Cachoeiro de Itapemirim;Engenharia de Minas;Superior;Topografia;2023/1;Aprovado;10;90.910 %
Campus Cachoeiro de Itapemirim;Engenharia de Minas;Superior;Topografia;2023/1;Rep. Falta;1;9.090 %
Campus Cachoeiro de Itapemirim;Engenharia de Minas;Superior;Topografia;2024/1;Rep. Falta;1;20.000 %
Campus Cachoeiro de Itapemirim;Engenharia de Minas;Superior;Topografia;2024/1;Aprovado;4;80.000 %
Campus Cachoeiro de Itapemirim;Engenharia de Minas;Superior;Topografia;2022/1;Aprovado;3;100.000 %
Campus Cachoeiro de Itapemirim;Engenharia de Minas;Superior;Topografia;2020/1;Aprovado;1;100.000 %
Campus Cachoeiro de Itapemirim;Engenharia de Minas;Superior;Química geral e experimental II;2019/1;Reprovado;1;100.000 %
Campus Cachoeiro de Itapemirim;Engenharia de Minas;Superior;Química geral e experimental II;2020/1;Aprovado;1;100.000 %
Campus Cachoeiro de Itapemirim;Engenharia de Minas;Superior;Química geral e experimental II;2022/1;Aprovado;3;100.000 %
Campus Cachoeiro de Itapemirim;Engenharia de Minas;Superior;Química geral e experimental II;2024/1;Rep. Falta;1;16.670 %
Campus Cachoeiro de Itapemirim;Engenharia de Minas;Superior;Química geral e experimental II;2024/1;Aprovado;5;83.330 %
Campus Cachoeiro de Itapemirim;Engenharia de Minas;Superior;Química geral e experimental II;2023/1;Reprovado;1;16.670 %
Campus Cachoeiro de Itapemirim;Engenharia de Minas;Superior;Química geral e experimental II;2023/1;Aprovado;5;83.330 %
Campus Cachoeiro de Itapemirim;Engenharia de Minas;Superior;Química geral e experimental II;2025/1;Aprovado;6;75.000 %
Campus Cachoeiro de Itapemirim;Engenharia de Minas;Superior;Hidráulica e hidrologia aplicadas;2025/2;Reprovado;1;20.000 %
Campus Cachoeiro de Itapemirim;Engenharia de Minas;Superior;Hidráulica e hidrologia aplicadas;2025/2;Aprovado;4;80.000 %
Campus Cachoeiro de Itapemirim;Engenharia de Minas;Superior;Hidráulica e hidrologia aplicadas;2023/2;Reprovado;1;16.670 %
Campus Cachoeiro de Itapemirim;Engenharia de Minas;Superior;Hidráulica e hidrologia aplicadas;2023/2;Aprovado;5;83.330 %
Campus Cachoeiro de Itapemirim;Engenharia de Minas;Superior;Hidráulica e hidrologia aplicadas;2024/2;Aprovado;6;100.000 %
Campus Cachoeiro de Itapemirim;Engenharia de Minas;Superior;Hidráulica e hidrologia aplicadas;2021/2;Reprovado;1;100.000 %
Campus Cachoeiro de Itapemirim;Engenharia de Minas;Superior;Hidráulica e hidrologia aplicadas;2022/2;Reprovado;1;100.000 %
Campus Cachoeiro de Itapemirim;Engenharia de Minas;Superior;Pesquisa mineral;2022/1;Aprovado;1;100.000 %
Campus Cachoeiro de Itapemirim;Engenharia de Minas;Superior;Pesquisa mineral;2024/2;Aprovado;9;100.000 %
Campus Cachoeiro de Itapemirim;Engenharia de Minas;Superior;Pesquisa mineral;2023/2;Aprovado;5;100.000 %
Campus Cachoeiro de Itapemirim;Engenharia de Minas;Superior;Pesquisa mineral;2025/2;Aprovado;2;66.670 %
Campus Cachoeiro de Itapemirim;Engenharia de Minas;Superior;Pesquisa mineral;2025/2;Rep. Falta;1;33.330 %
Campus Cachoeiro de Itapemirim;Engenharia de Minas;Superior;Eletricidade;2023/2;Aprovado;2;66.670 %
Campus Cachoeiro de Itapemirim;Engenharia de Minas;Superior;Eletricidade;2023/2;Rep. Falta;1;33.330 %
Campus Cachoeiro de Itapemirim;Engenharia de Minas;Superior;Eletricidade;2024/2;Aprovado;9;100.000 %
Campus Cachoeiro de Itapemirim;Engenharia de Minas;Superior;Eletricidade;2021/2;Aprovado;1;100.000 %
Campus Cachoeiro de Itapemirim;Engenharia de Minas;Superior;Eletricidade;2022/2;Aprovado;1;100.000 %
Campus Cachoeiro de Itapemirim;Engenharia de Minas;Superior;Perfuração e desmonte de rochas;2022/2;Aprovado;3;100.000 %
Campus Cachoeiro de Itapemirim;Engenharia de Minas;Superior;Perfuração e desmonte de rochas;2021/2;Reprovado;1;100.000 %
Campus Cachoeiro de Itapemirim;Engenharia de Minas;Superior;Perfuração e desmonte de rochas;2024/2;Aprovado;2;50.000 %
Campus Cachoeiro de Itapemirim;Engenharia de Minas;Superior;Perfuração e desmonte de rochas;2024/2;Reprovado;2;50.000 %
Campus Cachoeiro de Itapemirim;Engenharia de Minas;Superior;Perfuração e desmonte de rochas;2023/2;Rep. Falta;1;8.330 %
Campus Cachoeiro de Itapemirim;Engenharia de Minas;Superior;Perfuração e desmonte de rochas;2023/2;Aprovado;11;91.670 %
Campus Cachoeiro de Itapemirim;Engenharia de Minas;Superior;Perfuração e desmonte de rochas;2025/2;Reprovado;1;20.000 %
Campus Cachoeiro de Itapemirim;Engenharia de Minas;Superior;Perfuração e desmonte de rochas;2025/2;Aprovado;2;40.000 %
Campus Cachoeiro de Itapemirim;Engenharia de Minas;Superior;Perfuração e desmonte de rochas;2025/2;Rep. Falta;1;20.000 %
Campus Cachoeiro de Itapemirim;Engenharia de Minas;Superior;Estatística básica;2023/2;Aprovado;8;72.730 %
Campus Cachoeiro de Itapemirim;Engenharia de Minas;Superior;Estatística básica;2023/2;Rep. Falta;1;9.090 %
Campus Cachoeiro de Itapemirim;Engenharia de Minas;Superior;Estatística básica;2023/2;Reprovado;2;18.180 %
Campus Cachoeiro de Itapemirim;Engenharia de Minas;Superior;Estatística básica;2024/2;Reprovado;1;20.000 %
Campus Cachoeiro de Itapemirim;Engenharia de Minas;Superior;Estatística básica;2024/2;Rep. Falta;2;40.000 %
Campus Cachoeiro de Itapemirim;Engenharia de Minas;Superior;Estatística básica;2024/2;Aprovado;2;40.000 %
Campus Cachoeiro de Itapemirim;Engenharia de Minas;Superior;Estatística básica;2021/2;Aprovado;2;66.670 %
Campus Cachoeiro de Itapemirim;Engenharia de Minas;Superior;Estatística básica;2021/2;Reprovado;1;33.330 %
Campus Cachoeiro de Itapemirim;Engenharia de Minas;Superior;Estatística básica;2022/2;Aprovado;4;50.000 %
Campus Cachoeiro de Itapemirim;Engenharia de Minas;Superior;Estatística básica;2022/2;Rep. Falta;2;25.000 %
Campus Cachoeiro de Itapemirim;Engenharia de Minas;Superior;Estatística básica;2022/2;Reprovado;2;25.000 %
Campus Cachoeiro de Itapemirim;Engenharia de Minas;Superior;Estatística básica;2019/2;Reprovado;1;100.000 %
Campus Cachoeiro de Itapemirim;Engenharia de Minas;Superior;Estatística básica;2020/2;Aprovado;1;100.000 %
Campus Cachoeiro de Itapemirim;Engenharia de Minas;Superior;Estatística básica;2021/1;Reprovado;1;25.000 %
Campus Cachoeiro de Itapemirim;Engenharia de Minas;Superior;Estatística básica;2021/1;Aprovado;3;75.000 %
Campus Cachoeiro de Itapemirim;Engenharia de Minas;Superior;Resistência dos materiais;2022/2;Aprovado;4;100.000 %
Campus Cachoeiro de Itapemirim;Engenharia de Minas;Superior;Resistência dos materiais;2024/2;Aprovado;4;100.000 %
Campus Cachoeiro de Itapemirim;Engenharia de Minas;Superior;Resistência dos materiais;2023/2;Aprovado;7;100.000 %
Campus Cachoeiro de Itapemirim;Engenharia de Minas;Superior;Resistência dos materiais;2023/1;Aprovado;1;100.000 %
Campus Cachoeiro de Itapemirim;Engenharia de Minas;Superior;Resistência dos materiais;2025/2;Aprovado;9;81.820 %
Campus Cachoeiro de Itapemirim;Engenharia de Minas;Superior;Resistência dos materiais;2026/1;Aprovado;8;100.000 %
Campus Cachoeiro de Itapemirim;Engenharia de Minas;Superior;Topografia de minas;2025/2;Aprovado;3;75.000 %
Campus Cachoeiro de Itapemirim;Engenharia de Minas;Superior;Topografia de minas;2025/2;Rep. Falta;1;25.000 %
Campus Cachoeiro de Itapemirim;Engenharia de Minas;Superior;Topografia de minas;2023/2;Aprovado;10;100.000 %
Campus Cachoeiro de Itapemirim;Engenharia de Minas;Superior;Topografia de minas;2024/2;Aprovado;4;100.000 %
Campus Cachoeiro de Itapemirim;Engenharia de Minas;Superior;Topografia de minas;2022/2;Reprovado;1;50.000 %
Campus Cachoeiro de Itapemirim;Engenharia de Minas;Superior;Topografia de minas;2022/2;Aprovado;1;50.000 %
Campus Cachoeiro de Itapemirim;Engenharia de Minas;Superior;Topografia de minas;2021/2;Aprovado;1;100.000 %
Campus Cachoeiro de Itapemirim;Engenharia de Minas;Superior;Topografia de minas;2021/1;Aprovado;1;100.000 %
Campus Cachoeiro de Itapemirim;Engenharia de Minas;Superior;Prospecção geofísica e geoquímica;2022/1;Aprovado;1;100.000 %
Campus Cachoeiro de Itapemirim;Engenharia de Minas;Superior;Prospecção geofísica e geoquímica;2024/1;Aprovado;2;100.000 %
Campus Cachoeiro de Itapemirim;Engenharia de Minas;Superior;Prospecção geofísica e geoquímica;2026/1;Aprovado;1;100.000 %
Campus Cachoeiro de Itapemirim;Engenharia de Minas;Superior;Prospecção geofísica e geoquímica;2025/1;Aprovado;9;100.000 %
Campus Cachoeiro de Itapemirim;Engenharia de Minas;Superior;Mecânica das rochas;2025/1;Aprovado;6;100.000 %
Campus Cachoeiro de Itapemirim;Engenharia de Minas;Superior;Mecânica das rochas;2026/1;Aprovado;4;100.000 %
Campus Cachoeiro de Itapemirim;Engenharia de Minas;Superior;Mecânica das rochas;2024/1;Aprovado;5;100.000 %
Campus Cachoeiro de Itapemirim;Engenharia de Minas;Superior;Mecânica das rochas;2022/1;Aprovado;1;100.000 %
Campus Cachoeiro de Itapemirim;Engenharia de Minas;Superior;Mecânica das rochas;2021/1;Reprovado;1;100.000 %
Campus Cachoeiro de Itapemirim;Engenharia de Minas;Superior;Probabilidade e estatística;2018/1;Aprovado;1;100.000 %
Campus Cachoeiro de Itapemirim;Engenharia de Minas;Superior;Probabilidade e estatística;2022/1;Rep. Falta;1;12.500 %
Campus Cachoeiro de Itapemirim;Engenharia de Minas;Superior;Probabilidade e estatística;2022/1;Aprovado;3;37.500 %
Campus Cachoeiro de Itapemirim;Engenharia de Minas;Superior;Probabilidade e estatística;2022/1;Reprovado;3;37.500 %
Campus Cachoeiro de Itapemirim;Engenharia de Minas;Superior;Probabilidade e estatística;2024/1;Aprovado;12;92.310 %
Campus Cachoeiro de Itapemirim;Engenharia de Minas;Superior;Probabilidade e estatística;2024/1;Rep. Falta;1;7.690 %
Campus Cachoeiro de Itapemirim;Engenharia de Minas;Superior;Probabilidade e estatística;2023/1;Aprovado;1;50.000 %
Campus Cachoeiro de Itapemirim;Engenharia de Minas;Superior;Probabilidade e estatística;2023/1;Rep. Falta;1;50.000 %
Campus Cachoeiro de Itapemirim;Engenharia de Minas;Superior;Probabilidade e estatística;2025/1;Aprovado;3;37.500 %
Campus Cachoeiro de Itapemirim;Engenharia de Minas;Superior;Probabilidade e estatística;2025/1;Rep. Falta;1;12.500 %
Campus Cachoeiro de Itapemirim;Engenharia de Minas;Superior;Probabilidade e estatística;2025/1;Reprovado;2;25.000 %
Campus Cachoeiro de Itapemirim;Engenharia de Minas;Superior;Beneficiamento de minérios I - Cominuição e classificação;2025/1;Aprovado;11;100.000 %
Campus Cachoeiro de Itapemirim;Engenharia de Minas;Superior;Beneficiamento de minérios I - Cominuição e classificação;2023/1;Aprovado;1;100.000 %
Campus Cachoeiro de Itapemirim;Engenharia de Minas;Superior;Beneficiamento de minérios I - Cominuição e classificação;2024/1;Aprovado;5;100.000 %
Campus Cachoeiro de Itapemirim;Engenharia de Minas;Superior;Beneficiamento de minérios I - Cominuição e classificação;2022/2;Aprovado;1;100.000 %
Campus Cachoeiro de Itapemirim;Engenharia de Minas;Superior;Beneficiamento de minérios I - Cominuição e classificação;2021/1;Aprovado;1;100.000 %
Campus Cachoeiro de Itapemirim;Engenharia de Minas;Superior;Geologia estrutural;2021/1;Aprovado;2;100.000 %
Campus Cachoeiro de Itapemirim;Engenharia de Minas;Superior;Geologia estrutural;2022/1;Aprovado;1;100.000 %
Campus Cachoeiro de Itapemirim;Engenharia de Minas;Superior;Geologia estrutural;2024/1;Aprovado;4;100.000 %
Campus Cachoeiro de Itapemirim;Engenharia de Minas;Superior;Geologia estrutural;2025/1;Aprovado;12;100.000 %
Campus Cachoeiro de Itapemirim;Engenharia de Minas;Superior;Geologia estrutural;2026/1;Aprovado;2;100.000 %
Campus Cachoeiro de Itapemirim;Engenharia de Minas;Superior;Geologia estrutural;2026/1;Aprovado;8;88.890 %
Campus Cachoeiro de Itapemirim;Engenharia de Minas;Superior;Geologia estrutural;2026/1;Rep. Falta;1;33.330 %
Campus Cachoeiro de Itapemirim;Engenharia de Minas;Superior;Geologia estrutural;2026/1;Aprovado;2;66.670 %
Campus Cachoeiro de Itapemirim;Engenharia de Minas;Superior;Lavra de minas a céu aberto;2026/1;Aprovado;4;80.000 %
Campus Cachoeiro de Itapemirim;Engenharia de Minas;Superior;Lavra de minas a céu aberto;2026/1;Rep. Falta;1;20.000 %
Campus Cachoeiro de Itapemirim;Engenharia de Minas;Superior;Lavra de minas a céu aberto;2025/1;Aprovado;4;50.000 %
Campus Cachoeiro de Itapemirim;Engenharia de Minas;Superior;Lavra de minas a céu aberto;2025/1;Rep. Falta;1;12.500 %
Campus Cachoeiro de Itapemirim;Engenharia de Minas;Superior;Lavra de minas a céu aberto;2025/1;Reprovado;3;37.500 %
Campus Cachoeiro de Itapemirim;Engenharia de Minas;Superior;Lavra de minas a céu aberto;2024/1;Aprovado;5;100.000 %
Campus Cachoeiro de Itapemirim;Engenharia de Minas;Superior;Lavra de minas a céu aberto;2023/1;Aprovado;1;100.000 %
Campus Cachoeiro de Itapemirim;Engenharia de Minas;Superior;Lavra de minas a céu aberto;2023/2;Aprovado;1;100.000 %
Campus Cachoeiro de Itapemirim;Engenharia de Minas;Superior;Lavra de minas a céu aberto;2021/1;Reprovado;1;100.000 %
Campus Cachoeiro de Itapemirim;Engenharia de Minas;Superior;Introdução à administração;2021/1;Reprovado;3;75.000 %
Campus Cachoeiro de Itapemirim;Engenharia de Minas;Superior;Introdução à administração;2021/1;Aprovado;1;25.000 %
Campus Cachoeiro de Itapemirim;Engenharia de Minas;Superior;Introdução à administração;2018/1;Aprovado;1;100.000 %
Campus Cachoeiro de Itapemirim;Engenharia de Minas;Superior;Introdução à administração;2019/1;Aprovado;2;100.000 %
Campus Cachoeiro de Itapemirim;Engenharia de Minas;Superior;Introdução à administração;2022/1;Aprovado;1;33.330 %
Campus Cachoeiro de Itapemirim;Engenharia de Minas;Superior;Introdução à administração;2023/2;Aprovado;1;50.000 %
Campus Cachoeiro de Itapemirim;Engenharia de Minas;Superior;Introdução à administração;2024/1;Aprovado;18;100.000 %
Campus Cachoeiro de Itapemirim;Engenharia de Minas;Superior;Introdução à administração;2025/1;Aprovado;1;50.000 %
Campus Cachoeiro de Itapemirim;Engenharia de Minas;Superior;Introdução à administração;2026/1;Aprovado;2;66.670 %
Campus Cachoeiro de Itapemirim;Engenharia de Minas;Superior;Introdução à administração;2026/1;Rep. Falta;1;33.330 %
Campus Cachoeiro de Itapemirim;Engenharia de Minas;Superior;Hidrogeologia;2025/2;Aprovado;7;100.000 %
Campus Cachoeiro de Itapemirim;Engenharia de Minas;Superior;Hidrogeologia;2024/2;Aprovado;5;100.000 %
Campus Cachoeiro de Itapemirim;Engenharia de Minas;Superior;Beneficiamento de minérios II - Concentração;2024/2;Aprovado;4;100.000 %
Campus Cachoeiro de Itapemirim;Engenharia de Minas;Superior;Beneficiamento de minérios II - Concentração;2023/2;Aprovado;1;100.000 %
Campus Cachoeiro de Itapemirim;Engenharia de Minas;Superior;Beneficiamento de minérios II - Concentração;2022/2;Aprovado;1;100.000 %
Campus Cachoeiro de Itapemirim;Engenharia de Minas;Superior;Beneficiamento de minérios II - Concentração;2025/2;Aprovado;7;70.000 %
Campus Cachoeiro de Itapemirim;Engenharia de Minas;Superior;Beneficiamento de minérios II - Concentração;2025/2;Reprovado;3;30.000 %
Campus Cachoeiro de Itapemirim;Engenharia de Minas;Superior;Metodologia de pesquisa;2022/2;Aprovado;2;50.000 %
Campus Cachoeiro de Itapemirim;Engenharia de Minas;Superior;Metodologia de pesquisa;2022/2;Rep. Falta;2;50.000 %
Campus Cachoeiro de Itapemirim;Engenharia de Minas;Superior;Metodologia de pesquisa;2021/2;Rep. Falta;2;100.000 %
Campus Cachoeiro de Itapemirim;Engenharia de Minas;Superior;Metodologia de pesquisa;2018/2;Aprovado;1;100.000 %
Campus Cachoeiro de Itapemirim;Engenharia de Minas;Superior;Metodologia de pesquisa;2023/2;Reprovado;1;33.330 %
Campus Cachoeiro de Itapemirim;Engenharia de Minas;Superior;Metodologia de pesquisa;2023/2;Aprovado;2;66.670 %
Campus Cachoeiro de Itapemirim;Engenharia de Minas;Superior;Metodologia de pesquisa;2024/2;Aprovado;6;75.000 %
Campus Cachoeiro de Itapemirim;Engenharia de Minas;Superior;Metodologia de pesquisa;2024/2;Rep. Falta;2;25.000 %
Campus Cachoeiro de Itapemirim;Engenharia de Minas;Superior;Lavra de minas subterrâneas;2024/2;Aprovado;4;100.000 %
Campus Cachoeiro de Itapemirim;Engenharia de Minas;Superior;Lavra de minas subterrâneas;2023/2;Aprovado;1;100.000 %
Campus Cachoeiro de Itapemirim;Engenharia de Minas;Superior;Lavra de minas subterrâneas;2025/2;Aprovado;6;85.710 %
Campus Cachoeiro de Itapemirim;Engenharia de Minas;Superior;Separação sólido-líquido - desaguamento de minérios;2025/2;Aprovado;7;100.000 %
Campus Cachoeiro de Itapemirim;Engenharia de Minas;Superior;Separação sólido-líquido - desaguamento de minérios;2023/2;Aprovado;2;100.000 %
Campus Cachoeiro de Itapemirim;Engenharia de Minas;Superior;Separação sólido-líquido - desaguamento de minérios;2024/2;Aprovado;5;100.000 %
Campus Cachoeiro de Itapemirim;Engenharia de Minas;Superior;Separação sólido-líquido - desaguamento de minérios;2022/2;Aprovado;1;100.000 %
Campus Cachoeiro de Itapemirim;Engenharia de Minas;Superior;Sociologia e cidadania;2022/2;Aprovado;2;100.000 %
Campus Cachoeiro de Itapemirim;Engenharia de Minas;Superior;Sociologia e cidadania;2021/2;Rep. Falta;2;50.000 %
Campus Cachoeiro de Itapemirim;Engenharia de Minas;Superior;Sociologia e cidadania;2021/2;Reprovado;1;25.000 %
Campus Cachoeiro de Itapemirim;Engenharia de Minas;Superior;Sociologia e cidadania;2021/2;Aproveit. Disciplina;1;25.000 %
Campus Cachoeiro de Itapemirim;Engenharia de Minas;Superior;Sociologia e cidadania;2018/2;Aprovado;2;100.000 %
Campus Cachoeiro de Itapemirim;Engenharia de Minas;Superior;Sociologia e cidadania;2019/2;Reprovado;1;100.000 %
Campus Cachoeiro de Itapemirim;Engenharia de Minas;Superior;Sociologia e cidadania;2020/2;Aprovado;1;100.000 %
Campus Cachoeiro de Itapemirim;Engenharia de Minas;Superior;Sociologia e cidadania;2024/2;Aprovado;9;81.820 %
Campus Cachoeiro de Itapemirim;Engenharia de Minas;Superior;Sociologia e cidadania;2024/2;Rep. Falta;2;18.180 %
Campus Cachoeiro de Itapemirim;Engenharia de Minas;Superior;Sociologia e cidadania;2023/2;Aprovado;5;71.430 %
Campus Cachoeiro de Itapemirim;Engenharia de Minas;Superior;Sociologia e cidadania;2023/2;Rep. Falta;2;28.570 %
Campus Cachoeiro de Itapemirim;Engenharia de Minas;Superior;Sociologia e cidadania;2025/2;Aprovado;31;100.000 %
Campus Cachoeiro de Itapemirim;Engenharia de Minas;Superior;Estabilidade de taludes;2025/2;Aprovado;6;100.000 %
Campus Cachoeiro de Itapemirim;Engenharia de Minas;Superior;Estabilidade de taludes;2024/2;Aprovado;4;100.000 %
Campus Cachoeiro de Itapemirim;Engenharia de Minas;Superior;Estabilidade de taludes;2022/2;Aprovado;1;100.000 %
Campus Cachoeiro de Itapemirim;Engenharia de Minas;Superior;Avaliação de depósitos minerais;2023/1;Aprovado;1;100.000 %
Campus Cachoeiro de Itapemirim;Engenharia de Minas;Superior;Avaliação de depósitos minerais;2026/1;Aprovado;6;100.000 %
Campus Cachoeiro de Itapemirim;Engenharia de Minas;Superior;Avaliação de depósitos minerais;2025/1;Aprovado;5;100.000 %
Campus Cachoeiro de Itapemirim;Engenharia de Minas;Superior;Mineração e meio ambiente;2025/1;Aprovado;5;100.000 %
Campus Cachoeiro de Itapemirim;Engenharia de Minas;Superior;Mineração e meio ambiente;2026/1;Aprovado;6;100.000 %
Campus Cachoeiro de Itapemirim;Engenharia de Minas;Superior;Mineração e meio ambiente;2024/1;Aprovado;1;100.000 %
Campus Cachoeiro de Itapemirim;Engenharia de Minas;Superior;Engenharia econômica;2024/1;Aprovado;11;78.570 %
Campus Cachoeiro de Itapemirim;Engenharia de Minas;Superior;Engenharia econômica;2024/1;Rep. Falta;3;21.430 %
Campus Cachoeiro de Itapemirim;Engenharia de Minas;Superior;Engenharia econômica;2023/1;Aprovado;2;100.000 %
Campus Cachoeiro de Itapemirim;Engenharia de Minas;Superior;Engenharia econômica;2020/2;Reprovado;1;100.000 %
Campus Cachoeiro de Itapemirim;Engenharia de Minas;Superior;Engenharia econômica;2019/1;Rep. Falta;1;100.000 %
Campus Cachoeiro de Itapemirim;Engenharia de Minas;Superior;Engenharia econômica;2026/1;Aprovado;2;100.000 %
Campus Cachoeiro de Itapemirim;Engenharia de Minas;Superior;Engenharia econômica;2025/1;Aprovado;5;33.330 %
Campus Cachoeiro de Itapemirim;Engenharia de Minas;Superior;Engenharia econômica;2025/1;Rep. Falta;4;26.670 %
Campus Cachoeiro de Itapemirim;Engenharia de Minas;Superior;Projeto de mineração e planejamento de lavra;2025/1;Aprovado;1;100.000 %
Campus Cachoeiro de Itapemirim;Engenharia de Minas;Superior;Projeto de mineração e planejamento de lavra;2026/1;Aprovado;6;100.000 %
Campus Cachoeiro de Itapemirim;Engenharia de Minas;Superior;Projeto de mineração e planejamento de lavra;2023/2;Reprovado;1;100.000 %
Campus Cachoeiro de Itapemirim;Engenharia de Minas;Superior;Projeto de mineração e planejamento de lavra;2024/1;Aprovado;1;100.000 %
Campus Cachoeiro de Itapemirim;Engenharia de Minas;Superior;Projeto de mineração e planejamento de lavra;2024/2;Aprovado;3;75.000 %
Campus Cachoeiro de Itapemirim;Engenharia de Minas;Superior;Condicionamento de minas subterrâneas;2024/1;Aprovado;1;100.000 %
Campus Cachoeiro de Itapemirim;Engenharia de Minas;Superior;Condicionamento de minas subterrâneas;2026/1;Aprovado;4;80.000 %
Campus Cachoeiro de Itapemirim;Engenharia de Minas;Superior;Condicionamento de minas subterrâneas;2025/1;Aprovado;3;100.000 %
Campus Cachoeiro de Itapemirim;Engenharia de Minas;Superior;Projeto de graduação I;2025/1;Aprovado;2;100.000 %
Campus Cachoeiro de Itapemirim;Engenharia de Minas;Superior;Projeto de graduação I;2025/2;Aprovado;2;100.000 %
Campus Cachoeiro de Itapemirim;Engenharia de Minas;Superior;Projeto de graduação I;2024/2;Aprovado;1;100.000 %
Campus Cachoeiro de Itapemirim;Engenharia de Minas;Superior;Empreendedorismo;2024/2;Rep. Falta;1;25.000 %
Campus Cachoeiro de Itapemirim;Engenharia de Minas;Superior;Empreendedorismo;2024/2;Aprovado;3;75.000 %
Campus Cachoeiro de Itapemirim;Engenharia de Minas;Superior;Empreendedorismo;2019/2;Aprovado;1;100.000 %
Campus Cachoeiro de Itapemirim;Engenharia de Minas;Superior;Empreendedorismo;2020/2;Aprovado;1;100.000 %
Campus Cachoeiro de Itapemirim;Engenharia de Minas;Superior;Empreendedorismo;2020/1;Aprovado;1;50.000 %
Campus Cachoeiro de Itapemirim;Engenharia de Minas;Superior;Empreendedorismo;2020/1;Reprovado;1;50.000 %
Campus Cachoeiro de Itapemirim;Engenharia de Minas;Superior;Empreendedorismo;2025/2;Aprovado;8;88.890 %
Campus Cachoeiro de Itapemirim;Engenharia de Minas;Superior;Empreendedorismo;2026/1;Rep. Falta;2;66.670 %
Campus Cachoeiro de Itapemirim;Engenharia de Minas;Superior;Geologia econômica;2026/1;Aprovado;2;100.000 %
Campus Cachoeiro de Itapemirim;Engenharia de Minas;Superior;Geologia econômica;2025/2;Rep. Falta;1;14.290 %
Campus Cachoeiro de Itapemirim;Engenharia de Minas;Superior;Geologia econômica;2025/2;Aprovado;5;71.430 %
Campus Cachoeiro de Itapemirim;Engenharia de Minas;Superior;Geologia econômica;2025/1;Aprovado;4;20.000 %
Campus Cachoeiro de Itapemirim;Engenharia de Minas;Superior;Geologia econômica;2025/1;Rep. Falta;2;10.000 %
Campus Cachoeiro de Itapemirim;Engenharia de Minas;Superior;Geologia econômica;2022/2;Aprovado;1;100.000 %
Campus Cachoeiro de Itapemirim;Engenharia de Minas;Superior;Geologia econômica;2021/2;Aprovado;2;100.000 %
Campus Cachoeiro de Itapemirim;Engenharia de Minas;Superior;Geologia econômica;2022/1;Aprovado;1;100.000 %
Campus Cachoeiro de Itapemirim;Engenharia de Minas;Superior;Geologia econômica;2024/2;Reprovado;1;20.000 %
Campus Cachoeiro de Itapemirim;Engenharia de Minas;Superior;Geologia econômica;2024/2;Aprovado;4;80.000 %
Campus Cachoeiro de Itapemirim;Engenharia de Minas;Superior;Geologia econômica;2023/2;Aprovado;1;50.000 %
Campus Cachoeiro de Itapemirim;Engenharia de Minas;Superior;Geologia econômica;2023/2;Rep. Falta;1;50.000 %
Campus Cachoeiro de Itapemirim;Engenharia de Minas;Superior;Trabalho de conclusão de estágio;2025/2;Aprovado;2;100.000 %
Campus Cachoeiro de Itapemirim;Engenharia de Minas;Superior;Trabalho de conclusão de estágio;2026/1;Aprovado;2;100.000 %
Campus Cachoeiro de Itapemirim;Engenharia de Minas;Superior;Direito e ética aplicados;2026/1;Aprovado;2;66.670 %
Campus Cachoeiro de Itapemirim;Engenharia de Minas;Superior;Direito e ética aplicados;2025/2;Aprovado;3;100.000 %
Campus Cachoeiro de Itapemirim;Engenharia de Minas;Superior;Direito e ética aplicados;2025/1;Aprovado;10;76.920 %
Campus Cachoeiro de Itapemirim;Engenharia de Minas;Superior;Direito e ética aplicados;2025/1;Reprovado;3;23.080 %
Campus Cachoeiro de Itapemirim;Engenharia de Minas;Superior;Direito e ética aplicados;2024/2;Aprovado;1;33.330 %
Campus Cachoeiro de Itapemirim;Engenharia de Minas;Superior;Direito e ética aplicados;2024/2;Rep. Falta;2;66.670 %
Campus Cachoeiro de Itapemirim;Engenharia de Minas;Superior;Direito e ética aplicados;2024/1;Aprovado;2;66.670 %
Campus Cachoeiro de Itapemirim;Engenharia de Minas;Superior;Direito e ética aplicados;2024/1;Aproveit. Disciplina;1;33.330 %
Campus Cachoeiro de Itapemirim;Engenharia de Minas;Superior;Direito e ética aplicados;2023/1;Reprovado;3;60.000 %
Campus Cachoeiro de Itapemirim;Engenharia de Minas;Superior;Direito e ética aplicados;2023/1;Aprovado;2;40.000 %
Campus Cachoeiro de Itapemirim;Engenharia de Minas;Superior;Direito e ética aplicados;2021/1;Reprovado;1;100.000 %
Campus Cachoeiro de Itapemirim;Engenharia de Minas;Superior;Projeto de graduação II;2025/2;Aprovado;1;33.330 %
Campus Cachoeiro de Itapemirim;Engenharia de Minas;Superior;Projeto de graduação II;2026/1;Aprovado;1;25.000 %
Campus Cachoeiro de Itapemirim;Engenharia de Minas;Superior;Projeto de graduação II;2026/1;Rep. Falta;3;75.000 %
Campus Cachoeiro de Itapemirim;Engenharia de Minas;Superior;Cálculo numérico;2026/1;Reprovado;1;10.000 %
Campus Cachoeiro de Itapemirim;Engenharia de Minas;Superior;Cálculo numérico;2026/1;Rep. Falta;1;10.000 %
Campus Cachoeiro de Itapemirim;Engenharia de Minas;Superior;Cálculo numérico;2026/1;Aprovado;8;80.000 %
Campus Cachoeiro de Itapemirim;Engenharia de Minas;Superior;Cálculo numérico;2025/1;Aprovado;9;81.820 %
Campus Cachoeiro de Itapemirim;Engenharia de Minas;Superior;Cálculo numérico;2025/1;Rep. Falta;2;18.180 %
Campus Cachoeiro de Itapemirim;Engenharia de Minas;Superior;Cálculo numérico;2022/2;Rep. Falta;1;100.000 %
Campus Cachoeiro de Itapemirim;Engenharia de Minas;Superior;Cálculo numérico;2022/1;Aprovado;1;100.000 %
Campus Cachoeiro de Itapemirim;Engenharia de Minas;Superior;Mecânica dos sólidos;2022/1;Aprovado;2;25.000 %
Campus Cachoeiro de Itapemirim;Engenharia de Minas;Superior;Mecânica dos sólidos;2022/1;Rep. Falta;4;50.000 %
Campus Cachoeiro de Itapemirim;Engenharia de Minas;Superior;Mecânica dos sólidos;2022/1;Reprovado;2;25.000 %
Campus Cachoeiro de Itapemirim;Engenharia de Minas;Superior;Mecânica dos sólidos;2020/1;Aprovado;1;100.000 %
Campus Cachoeiro de Itapemirim;Engenharia de Minas;Superior;Mecânica dos sólidos;2020/2;Aprovado;1;100.000 %
Campus Cachoeiro de Itapemirim;Engenharia de Minas;Superior;Mecânica dos sólidos;2019/1;Reprovado;1;100.000 %
Campus Cachoeiro de Itapemirim;Engenharia de Minas;Superior;Mecânica dos sólidos;2024/1;Rep. Falta;1;11.110 %
Campus Cachoeiro de Itapemirim;Engenharia de Minas;Superior;Mecânica dos sólidos;2024/1;Aprovado;3;33.330 %
Campus Cachoeiro de Itapemirim;Engenharia de Minas;Superior;Mecânica dos sólidos;2024/1;Reprovado;5;55.560 %
Campus Cachoeiro de Itapemirim;Engenharia de Minas;Superior;Mecânica dos sólidos;2023/1;Aprovado;6;85.710 %
Campus Cachoeiro de Itapemirim;Engenharia de Minas;Superior;Mecânica dos sólidos;2023/1;Reprovado;1;14.290 %
Campus Cachoeiro de Itapemirim;Engenharia de Minas;Superior;Mecânica dos sólidos;2025/1;Aprovado;8;80.000 %
Campus Cachoeiro de Itapemirim;Engenharia de Minas;Superior;Mecânica dos sólidos;2025/1;Rep. Falta;2;20.000 %
Campus Cachoeiro de Itapemirim;Engenharia de Minas;Superior;Geotecnia;2024/2;Aprovado;1;100.000 %
Campus Cachoeiro de Itapemirim;Engenharia de Minas;Superior;Desenvolvimento de minas;2023/1;Aprovado;1;100.000 %
Campus Cachoeiro de Itapemirim;Engenharia de Minas;Superior;Desenvolvimento de minas;2023/2;Aprovado;1;100.000 %
Campus Cachoeiro de Itapemirim;Engenharia de Minas;Superior;Pesquisa operacional aplicada à mineração;2024/2;Aprovado;1;100.000 %
Campus Cachoeiro de Itapemirim;Engenharia de Minas;Superior;Economia mineral;2024/2;Rep. Falta;2;66.670 %
Campus Cachoeiro de Itapemirim;Engenharia de Minas;Superior;Economia mineral;2024/2;Aprovado;1;33.330 %
Campus Cachoeiro de Itapemirim;Engenharia de Minas;Superior;Economia mineral;2022/1;Aprovado;1;100.000 %
Campus Cachoeiro de Itapemirim;Engenharia de Minas;Superior;Economia mineral;2026/1;Rep. Falta;1;14.290 %
Campus Cachoeiro de Itapemirim;Engenharia de Minas;Superior;Economia mineral;2026/1;Aprovado;6;85.710 %
Campus Cachoeiro de Itapemirim;Engenharia de Minas;Superior;Economia mineral;2025/2;Aprovado;5;62.500 %
Campus Cachoeiro de Itapemirim;Engenharia de Minas;Superior;Economia mineral;2025/2;Rep. Falta;2;25.000 %
Campus Cachoeiro de Itapemirim;Engenharia de Minas;Superior;Economia mineral;2025/2;Reprovado;1;12.500 %
Campus Cachoeiro de Itapemirim;Engenharia de Minas;Superior;Métodos de lavra de rochas ornamentais;2025/1;Aprovado;9;100.000 %
Campus Cachoeiro de Itapemirim;Engenharia de Minas;Superior;Métodos de lavra de rochas ornamentais;2025/1;Aprovado;1;100.000 %
Campus Cachoeiro de Itapemirim;Engenharia de Minas;Superior;Métodos de lavra de rochas ornamentais;2024/1;Aprovado;1;100.000 %
Campus Cachoeiro de Itapemirim;Engenharia de Minas;Superior;Beneficiamento de rochas ornamentais;2021/1;Aprovado;1;100.000 %
Campus Cachoeiro de Itapemirim;Engenharia de Minas;Superior;Beneficiamento de rochas ornamentais;2025/2;Aprovado;1;100.000 %
Campus Cachoeiro de Itapemirim;Engenharia de Minas;Superior;Beneficiamento de rochas ornamentais;2026/1;Aprovado;4;66.670 %
Campus Cachoeiro de Itapemirim;Engenharia de Minas;Superior;Beneficiamento de rochas ornamentais;2026/1;Rep. Falta;1;16.670 %
Campus Cachoeiro de Itapemirim;Engenharia de Minas;Superior;Caracterização tecnológica de rochas ornamentais;2026/1;Aprovado;6;100.000 %
Campus Cachoeiro de Itapemirim;Engenharia de Minas;Superior;Caracterização tecnológica de rochas ornamentais;2025/2;Aprovado;1;100.000 %
Campus Cachoeiro de Itapemirim;Engenharia de Minas;Superior;Caracterização tecnológica de rochas ornamentais;2023/2;Aprovado;1;100.000 %
Campus Cachoeiro de Itapemirim;Engenharia de Minas;Superior;Prospecção de reservas de petróleo e gás natural;2023/2;Aprovado;1;100.000 %
Campus Cachoeiro de Itapemirim;Engenharia de Minas;Superior;Tratamento de efluentes de petróleo;2025/1;Aprovado;6;100.000 %
Campus Cachoeiro de Itapemirim;Engenharia de Minas;Superior;Geoprocessamento;2025/1;Reprovado;1;10.000 %
Campus Cachoeiro de Itapemirim;Engenharia de Minas;Superior;Geoprocessamento;2025/1;Aprovado;9;90.000 %
Campus Cachoeiro de Itapemirim;Engenharia de Minas;Superior;Geoprocessamento;2025/1;Aprovado;11;84.620 %
Campus Cachoeiro de Itapemirim;Engenharia de Minas;Superior;Geoprocessamento;2025/1;Rep. Falta;1;7.690 %
Campus Cachoeiro de Itapemirim;Engenharia de Minas;Superior;Geoprocessamento;2025/2;Aprovado;3;75.000 %
Campus Cachoeiro de Itapemirim;Engenharia de Minas;Superior;Geoprocessamento;2025/2;Rep. Falta;1;25.000 %
Campus Cachoeiro de Itapemirim;Engenharia de Minas;Superior;Geoprocessamento;2024/2;Rep. Falta;1;33.330 %
Campus Cachoeiro de Itapemirim;Engenharia de Minas;Superior;Geoprocessamento;2024/2;Aprovado;2;66.670 %
Campus Cachoeiro de Itapemirim;Engenharia de Minas;Superior;Geologia geral;2026/1;Aprovado;19;65.520 %
Campus Cachoeiro de Itapemirim;Engenharia de Minas;Superior;Geologia geral;2026/1;Rep. Falta;9;31.030 %
Campus Cachoeiro de Itapemirim;Engenharia de Minas;Superior;Geologia geral;2025/1;Aprovado;26;96.300 %
Campus Cachoeiro de Itapemirim;Engenharia de Minas;Superior;Geologia geral;2025/1;Rep. Falta;1;3.700 %
Campus Cachoeiro de Itapemirim;Engenharia de Minas;Superior;Química geral e experimental I;2025/1;Rep. Falta;1;3.130 %
Campus Cachoeiro de Itapemirim;Engenharia de Minas;Superior;Química geral e experimental I;2025/1;Reprovado;8;25.000 %
Campus Cachoeiro de Itapemirim;Engenharia de Minas;Superior;Química geral e experimental I;2025/1;Aprovado;22;68.750 %
Campus Cachoeiro de Itapemirim;Engenharia de Minas;Superior;Química geral e experimental I;2026/1;Rep. Falta;9;27.270 %
Campus Cachoeiro de Itapemirim;Engenharia de Minas;Superior;Química geral e experimental I;2026/1;Aprovado;15;45.450 %
Campus Cachoeiro de Itapemirim;Engenharia de Minas;Superior;Química geral e experimental I;2026/1;Reprovado;9;27.270 %
Campus Cachoeiro de Itapemirim;Engenharia de Minas;Superior;Cálculo diferencial e integral II;2025/2;Aprovado;18;100.000 %
Campus Cachoeiro de Itapemirim;Engenharia de Minas;Superior;Mineralogia;2025/2;Aprovado;18;90.000 %
Campus Cachoeiro de Itapemirim;Engenharia de Minas;Superior;Mineralogia;2025/2;Rep. Falta;1;5.000 %
Campus Cachoeiro de Itapemirim;Engenharia de Minas;Superior;Mineralogia;2025/2;Aprovado;12;85.710 %
Campus Cachoeiro de Itapemirim;Engenharia de Minas;Superior;Mineralogia;2025/2;Reprovado;1;7.140 %
Campus Cachoeiro de Itapemirim;Engenharia de Minas;Superior;Mineralogia;2025/2;Rep. Falta;1;7.140 %
Campus Cachoeiro de Itapemirim;Engenharia de Minas;Superior;Física I: fundamentos de mecânica clássica;2025/2;Aprovado;12;92.310 %
Campus Cachoeiro de Itapemirim;Engenharia de Minas;Superior;Física I: fundamentos de mecânica clássica;2025/2;Rep. Falta;1;7.690 %
Campus Cachoeiro de Itapemirim;Engenharia de Minas;Superior;Química geral e experimental II;2025/2;Aprovado;22;100.000 %
Campus Cachoeiro de Itapemirim;Engenharia de Minas;Superior;Cálculo diferencial e integral III;2026/1;Reprovado;1;7.690 %
Campus Cachoeiro de Itapemirim;Engenharia de Minas;Superior;Cálculo diferencial e integral III;2026/1;Rep. Falta;1;7.690 %
Campus Cachoeiro de Itapemirim;Engenharia de Minas;Superior;Cálculo diferencial e integral III;2026/1;Aprovado;11;84.620 %
Campus Cachoeiro de Itapemirim;Engenharia de Minas;Superior;Petrografia macroscópica;2026/1;Aprovado;19;100.000 %
Campus Cachoeiro de Itapemirim;Engenharia de Minas;Superior;Petrografia macroscópica;2026/1;Rep. Falta;1;5.880 %
Campus Cachoeiro de Itapemirim;Engenharia de Minas;Superior;Petrografia macroscópica;2026/1;Aprovado;16;94.120 %
Campus Cachoeiro de Itapemirim;Engenharia de Minas;Superior;Física II: fundamentos de fluidos, oscilações e ondas;2026/1;Aprovado;9;60.000 %
Campus Cachoeiro de Itapemirim;Engenharia de Minas;Superior;Física II: fundamentos de fluidos, oscilações e ondas;2026/1;Rep. Falta;2;13.330 %
Campus Cachoeiro de Itapemirim;Engenharia de Minas;Superior;Física II: fundamentos de fluidos, oscilações e ondas;2026/1;Reprovado;4;26.670 %
Campus Cachoeiro de Itapemirim;Engenharia de Minas;Superior;Física II: fundamentos de fluidos, oscilações e ondas;2025/1;Aprovado;7;100.000 %
Campus Cachoeiro de Itapemirim;Engenharia de Minas;Superior;Topografia;2026/1;Reprovado;2;6.900 %
Campus Cachoeiro de Itapemirim;Engenharia de Minas;Superior;Topografia;2026/1;Rep. Falta;2;6.900 %
Campus Cachoeiro de Itapemirim;Engenharia de Minas;Superior;Topografia;2026/1;Aprovado;24;82.760 %
Campus Cachoeiro de Itapemirim;Engenharia de Minas;Superior;Fenômeno dos transportes;2026/1;Rep. Falta;1;4.550 %
Campus Cachoeiro de Itapemirim;Engenharia de Minas;Superior;Fenômeno dos transportes;2026/1;Reprovado;4;18.180 %
Campus Cachoeiro de Itapemirim;Engenharia de Minas;Superior;Fenômeno dos transportes;2026/1;Aprovado;16;72.730 %
Campus Cachoeiro de Itapemirim;Engenharia de Minas;Superior;Fenômeno dos transportes;2025/1;Aprovado;1;14.290 %
Campus Cachoeiro de Itapemirim;Engenharia de Minas;Superior;Fenômeno dos transportes;2025/1;Reprovado;3;42.860 %
Campus Cachoeiro de Itapemirim;Engenharia de Minas;Superior;Introdução às equações diferenciais ordinárias;2025/1;Aprovado;2;40.000 %
Campus Cachoeiro de Itapemirim;Engenharia de Minas;Superior;Introdução às equações diferenciais ordinárias;2025/1;Reprovado;3;60.000 %
Campus Cachoeiro de Itapemirim;Engenharia de Minas;Superior;Física III: fundamentos de eletromagnetismo;2025/2;Aprovado;3;100.000 %
Campus Cachoeiro de Itapemirim;Engenharia de Minas;Superior;Probabilidade e estatística;2025/2;Rep. Falta;1;14.290 %
Campus Cachoeiro de Itapemirim;Engenharia de Minas;Superior;Probabilidade e estatística;2025/2;Aprovado;5;71.430 %
Campus Cachoeiro de Itapemirim;Engenharia de Minas;Superior;Topografia de minas;2025/2;Aprovado;11;91.670 %
Campus Cachoeiro de Itapemirim;Engenharia de Minas;Superior;Topografia de minas;2025/2;Rep. Falta;1;8.330 %
Campus Cachoeiro de Itapemirim;Engenharia de Minas;Superior;Geoprocessamento;2025/2;Aprovado;19;95.000 %
Campus Cachoeiro de Itapemirim;Engenharia de Minas;Superior;Projeto de extensão I - mineração, educação e sustentabilidade;2025/2;Aprovado;24;100.000 %
Campus Cachoeiro de Itapemirim;Engenharia de Minas;Superior;Física IV: fundamentos de ótica e quântica;2026/1;Aprovado;10;100.000 %
Campus Cachoeiro de Itapemirim;Engenharia de Minas;Superior;Caracterização de minérios;2026/1;Aprovado;22;95.650 %
Campus Cachoeiro de Itapemirim;Engenharia de Minas;Superior;Caracterização de minérios;2026/1;Rep. Falta;1;4.350 %
Campus Cachoeiro de Itapemirim;Engenharia de Minas;Superior;Projeto de extensão II - mineração, turismo e desenvolvimento social;2026/1;Aprovado;8;100.000 %
Campus Cachoeiro de Itapemirim;Engenharia de Minas;Superior;Fundamentos de hidráulica;2026/1;Aprovado;5;100.000 %
Campus Cachoeiro de Itapemirim;Engenharia de Minas;Superior;Prospecção de reservas de petróleo e gás natural;2026/1;Aprovado;9;100.000 %
Campus Cachoeiro de Itapemirim;Engenharia de Minas;Superior;Álgebra Linear;2025/1;Rep. Falta;1;2.940 %
Campus Cachoeiro de Itapemirim;Engenharia de Minas;Superior;Álgebra Linear;2025/1;Aprovado;5;14.710 %
Campus Cachoeiro de Itapemirim;Engenharia de Minas;Superior;Álgebra Linear;2025/1;Reprovado;28;82.350 %
Campus Cachoeiro de Itapemirim;Engenharia de Minas;Superior;Álgebra Linear;2026/1;Rep. Falta;7;20.590 %
Campus Cachoeiro de Itapemirim;Engenharia de Minas;Superior;Álgebra Linear;2026/1;Reprovado;20;58.820 %
Campus Cachoeiro de Itapemirim;Engenharia de Minas;Superior;Álgebra Linear;2026/1;Aprovado;7;20.590 %
Campus Cachoeiro de Itapemirim;Engenharia de Minas;Superior;Álgebra Linear;2021/1;Reprovado;1;100.000 %
Campus Cachoeiro de Itapemirim;Engenharia de Minas;Superior;Álgebra Linear;2021/1;Aprovado;2;100.000 %
Campus Cachoeiro de Itapemirim;Engenharia de Minas;Superior;Álgebra Linear;2022/1;Reprovado;7;87.500 %
Campus Cachoeiro de Itapemirim;Engenharia de Minas;Superior;Álgebra Linear;2023/1;Aprovado;2;50.000 %
Campus Cachoeiro de Itapemirim;Engenharia de Minas;Superior;Álgebra Linear;2023/2;Rep. Falta;1;50.000 %
Campus Cachoeiro de Itapemirim;Engenharia de Minas;Superior;Álgebra Linear;2023/2;Aprovado;1;50.000 %
Campus Cachoeiro de Itapemirim;Engenharia de Minas;Superior;Álgebra Linear;2023/1;Reprovado;2;50.000 %
Campus Cachoeiro de Itapemirim;Engenharia de Minas;Superior;Álgebra Linear;2024/2;Rep. Falta;3;27.270 %
Campus Cachoeiro de Itapemirim;Engenharia de Minas;Superior;Álgebra Linear;2024/2;Aprovado;3;27.270 %
Campus Cachoeiro de Itapemirim;Engenharia de Minas;Superior;Álgebra Linear;2024/2;Reprovado;5;45.450 %
Campus Cachoeiro de Itapemirim;Engenharia de Minas;Superior;Álgebra Linear;2025/2;Aprovado;8;100.000 %
Campus Cachoeiro de Itapemirim;Licenciatura em Matemática;Superior;Desenho geométrico;2026/1;Aprovado;4;80.000 %
Campus Cachoeiro de Itapemirim;Licenciatura em Matemática;Superior;Desenho geométrico;2026/1;Rep. Falta;1;20.000 %
Campus Cachoeiro de Itapemirim;Licenciatura em Matemática;Superior;Trabalho de conclusão de curso I;2026/1;Aprovado;2;100.000 %
Campus Cachoeiro de Itapemirim;Licenciatura em Matemática;Superior;Trabalho de conclusão de curso I;2026/1;Rep. Falta;1;100.000 %
Campus Cachoeiro de Itapemirim;Licenciatura em Matemática;Superior;Trabalho de conclusão de curso I;2026/1;Aprovado;1;100.000 %
Campus Cachoeiro de Itapemirim;Licenciatura em Matemática;Superior;Trabalho de conclusão de curso I;2026/1;Aprovado;2;100.000 %
Campus Cachoeiro de Itapemirim;Licenciatura em Matemática;Superior;Trabalho de conclusão de curso I;2026/1;Aprovado;1;100.000 %
Campus Cachoeiro de Itapemirim;Licenciatura em Matemática;Superior;Trabalho de conclusão de curso I;2026/1;Aprovado;2;100.000 %
Campus Cachoeiro de Itapemirim;Licenciatura em Matemática;Superior;Trabalho de conclusão de curso I;2026/1;Aprovado;3;100.000 %
Campus Cachoeiro de Itapemirim;Licenciatura em Matemática;Superior;Trabalho de conclusão de curso I;2026/1;Aprovado;1;100.000 %
Campus Cachoeiro de Itapemirim;Licenciatura em Matemática;Superior;Trabalho de conclusão de curso II;2025/2;Aprovado;1;50.000 %
Campus Cachoeiro de Itapemirim;Licenciatura em Matemática;Superior;Trabalho de conclusão de curso II;2025/2;Rep. Falta;1;50.000 %
Campus Cachoeiro de Itapemirim;Licenciatura em Matemática;Superior;Bases filosóficas da educação;2025/1;Aprovado;31;83.780 %
Campus Cachoeiro de Itapemirim;Licenciatura em Matemática;Superior;Bases filosóficas da educação;2025/1;Rep. Falta;5;13.510 %
Campus Cachoeiro de Itapemirim;Licenciatura em Matemática;Superior;Bases filosóficas da educação;2025/1;Aproveit. Disciplina;1;2.700 %
Campus Cachoeiro de Itapemirim;Licenciatura em Matemática;Superior;Bases filosóficas da educação;2026/1;Aprovado;19;65.520 %
Campus Cachoeiro de Itapemirim;Licenciatura em Matemática;Superior;Bases filosóficas da educação;2026/1;Aproveit. Disciplina;1;3.450 %
Campus Cachoeiro de Itapemirim;Licenciatura em Matemática;Superior;Bases filosóficas da educação;2026/1;Rep. Falta;9;31.030 %
Campus Cachoeiro de Itapemirim;Licenciatura em Matemática;Superior;Bases filosóficas da educação;2022/1;Aprovado;7;70.000 %
Campus Cachoeiro de Itapemirim;Licenciatura em Matemática;Superior;Bases filosóficas da educação;2022/1;Aproveit. Disciplina;1;10.000 %
Campus Cachoeiro de Itapemirim;Licenciatura em Matemática;Superior;Bases filosóficas da educação;2022/1;Reprovado;1;10.000 %
Campus Cachoeiro de Itapemirim;Licenciatura em Matemática;Superior;Bases filosóficas da educação;2022/1;Rep. Falta;1;10.000 %
Campus Cachoeiro de Itapemirim;Licenciatura em Matemática;Superior;Bases filosóficas da educação;2021/1;Reprovado;1;100.000 %
Campus Cachoeiro de Itapemirim;Licenciatura em Matemática;Superior;Bases filosóficas da educação;2020/1;Aprovado;3;75.000 %
Campus Cachoeiro de Itapemirim;Licenciatura em Matemática;Superior;Bases filosóficas da educação;2024/1;Aprovado;18;90.000 %
Campus Cachoeiro de Itapemirim;Licenciatura em Matemática;Superior;Bases filosóficas da educação;2024/1;Rep. Falta;2;10.000 %
Campus Cachoeiro de Itapemirim;Licenciatura em Matemática;Superior;Bases filosóficas da educação;2023/1;Aprovado;17;89.470 %
Campus Cachoeiro de Itapemirim;Licenciatura em Matemática;Superior;Bases filosóficas da educação;2023/1;Reprovado;2;10.530 %
Campus Cachoeiro de Itapemirim;Licenciatura em Matemática;Superior;Fundamentos de aritmética e álgebra;2023/1;Aproveit. Disciplina;1;5.000 %
Campus Cachoeiro de Itapemirim;Licenciatura em Matemática;Superior;Fundamentos de aritmética e álgebra;2023/1;Aprovado;19;95.000 %
Campus Cachoeiro de Itapemirim;Licenciatura em Matemática;Superior;Fundamentos de aritmética e álgebra;2024/1;Aprovado;17;100.000 %
Campus Cachoeiro de Itapemirim;Licenciatura em Matemática;Superior;Fundamentos de aritmética e álgebra;2020/1;Aprovado;3;75.000 %
Campus Cachoeiro de Itapemirim;Licenciatura em Matemática;Superior;Fundamentos de aritmética e álgebra;2021/1;Reprovado;1;100.000 %
Campus Cachoeiro de Itapemirim;Licenciatura em Matemática;Superior;Fundamentos de aritmética e álgebra;2022/1;Reprovado;2;18.180 %
Campus Cachoeiro de Itapemirim;Licenciatura em Matemática;Superior;Fundamentos de aritmética e álgebra;2022/1;Aprovado;9;81.820 %
Campus Cachoeiro de Itapemirim;Licenciatura em Matemática;Superior;Fundamentos de aritmética e álgebra;2026/1;Reprovado;3;9.680 %
Campus Cachoeiro de Itapemirim;Licenciatura em Matemática;Superior;Fundamentos de aritmética e álgebra;2026/1;Aproveit. Disciplina;1;3.230 %
Campus Cachoeiro de Itapemirim;Licenciatura em Matemática;Superior;Fundamentos de aritmética e álgebra;2026/1;Rep. Falta;11;35.480 %
Campus Cachoeiro de Itapemirim;Licenciatura em Matemática;Superior;Fundamentos de aritmética e álgebra;2026/1;Aprovado;16;51.610 %
Campus Cachoeiro de Itapemirim;Licenciatura em Matemática;Superior;Fundamentos de aritmética e álgebra;2025/1;Aprovado;33;89.190 %
Campus Cachoeiro de Itapemirim;Licenciatura em Matemática;Superior;Fundamentos de aritmética e álgebra;2025/1;Rep. Falta;4;10.810 %
Campus Cachoeiro de Itapemirim;Licenciatura em Matemática;Superior;Fundamentos de geometria plana;2025/1;Reprovado;1;2.500 %
Campus Cachoeiro de Itapemirim;Licenciatura em Matemática;Superior;Fundamentos de geometria plana;2025/1;Aprovado;35;87.500 %
Campus Cachoeiro de Itapemirim;Licenciatura em Matemática;Superior;Fundamentos de geometria plana;2025/1;Rep. Falta;4;10.000 %
Campus Cachoeiro de Itapemirim;Licenciatura em Matemática;Superior;Fundamentos de geometria plana;2026/1;Rep. Falta;10;34.480 %
Campus Cachoeiro de Itapemirim;Licenciatura em Matemática;Superior;Fundamentos de geometria plana;2026/1;Aprovado;18;62.070 %
Campus Cachoeiro de Itapemirim;Licenciatura em Matemática;Superior;Fundamentos de geometria plana;2026/1;Aproveit. Disciplina;1;3.450 %
Campus Cachoeiro de Itapemirim;Licenciatura em Matemática;Superior;Fundamentos de geometria plana;2022/1;Aprovado;9;100.000 %
Campus Cachoeiro de Itapemirim;Licenciatura em Matemática;Superior;Fundamentos de geometria plana;2021/1;Aprovado;1;100.000 %
Campus Cachoeiro de Itapemirim;Licenciatura em Matemática;Superior;Fundamentos de geometria plana;2020/1;Aprovado;3;75.000 %
Campus Cachoeiro de Itapemirim;Licenciatura em Matemática;Superior;Fundamentos de geometria plana;2024/1;Aprovado;18;100.000 %
Campus Cachoeiro de Itapemirim;Licenciatura em Matemática;Superior;Fundamentos de geometria plana;2023/1;Aproveit. Disciplina;1;5.560 %
Campus Cachoeiro de Itapemirim;Licenciatura em Matemática;Superior;Fundamentos de geometria plana;2023/1;Aprovado;17;94.440 %
Campus Cachoeiro de Itapemirim;Licenciatura em Matemática;Superior;Fundamentos de trigonometria;2023/1;Aprovado;18;90.000 %
Campus Cachoeiro de Itapemirim;Licenciatura em Matemática;Superior;Fundamentos de trigonometria;2023/1;Aproveit. Disciplina;1;5.000 %
Campus Cachoeiro de Itapemirim;Licenciatura em Matemática;Superior;Fundamentos de trigonometria;2023/1;Reprovado;1;5.000 %
Campus Cachoeiro de Itapemirim;Licenciatura em Matemática;Superior;Fundamentos de trigonometria;2024/1;Aprovado;19;100.000 %
Campus Cachoeiro de Itapemirim;Licenciatura em Matemática;Superior;Fundamentos de trigonometria;2020/1;Aprovado;3;75.000 %
Campus Cachoeiro de Itapemirim;Licenciatura em Matemática;Superior;Fundamentos de trigonometria;2021/1;Aprovado;1;100.000 %
Campus Cachoeiro de Itapemirim;Licenciatura em Matemática;Superior;Fundamentos de trigonometria;2022/1;Aprovado;8;88.890 %
Campus Cachoeiro de Itapemirim;Licenciatura em Matemática;Superior;Fundamentos de trigonometria;2022/1;Reprovado;1;11.110 %
Campus Cachoeiro de Itapemirim;Licenciatura em Matemática;Superior;Fundamentos de trigonometria;2026/1;Aproveit. Disciplina;1;3.450 %
Campus Cachoeiro de Itapemirim;Licenciatura em Matemática;Superior;Fundamentos de trigonometria;2026/1;Rep. Falta;9;31.030 %
Campus Cachoeiro de Itapemirim;Licenciatura em Matemática;Superior;Fundamentos de trigonometria;2026/1;Aprovado;16;55.170 %
Campus Cachoeiro de Itapemirim;Licenciatura em Matemática;Superior;Fundamentos de trigonometria;2026/1;Reprovado;3;10.340 %
Campus Cachoeiro de Itapemirim;Licenciatura em Matemática;Superior;Fundamentos de trigonometria;2025/1;Reprovado;6;15.380 %
Campus Cachoeiro de Itapemirim;Licenciatura em Matemática;Superior;Fundamentos de trigonometria;2025/1;Rep. Falta;4;10.260 %
Campus Cachoeiro de Itapemirim;Licenciatura em Matemática;Superior;Fundamentos de trigonometria;2025/1;Aprovado;28;71.790 %
Campus Cachoeiro de Itapemirim;Licenciatura em Matemática;Superior;Fundamentos de trigonometria;2025/1;Aproveit. Disciplina;1;2.560 %
Campus Cachoeiro de Itapemirim;Licenciatura em Matemática;Superior;Extensão I no ensino de matemática;2026/1;Reprovado;8;23.530 %
Campus Cachoeiro de Itapemirim;Licenciatura em Matemática;Superior;Extensão I no ensino de matemática;2026/1;Aprovado;25;73.530 %
Campus Cachoeiro de Itapemirim;Licenciatura em Matemática;Superior;Extensão I no ensino de matemática;2022/2;Rep. Falta;3;23.080 %
Campus Cachoeiro de Itapemirim;Licenciatura em Matemática;Superior;Extensão I no ensino de matemática;2022/2;Aprovado;10;76.920 %
Campus Cachoeiro de Itapemirim;Licenciatura em Matemática;Superior;Extensão I no ensino de matemática;2020/2;Aprovado;2;66.670 %
Campus Cachoeiro de Itapemirim;Licenciatura em Matemática;Superior;Extensão I no ensino de matemática;2020/2;Reprovado;1;33.330 %
Campus Cachoeiro de Itapemirim;Licenciatura em Matemática;Superior;Extensão I no ensino de matemática;2024/2;Aprovado;11;64.710 %
Campus Cachoeiro de Itapemirim;Licenciatura em Matemática;Superior;Extensão I no ensino de matemática;2023/2;Aprovado;17;89.470 %
Campus Cachoeiro de Itapemirim;Licenciatura em Matemática;Superior;Extensão I no ensino de matemática;2023/2;Rep. Falta;1;5.260 %
Campus Cachoeiro de Itapemirim;Licenciatura em Matemática;Superior;Extensão I no ensino de matemática;2023/2;Reprovado;1;5.260 %
Campus Cachoeiro de Itapemirim;Licenciatura em Matemática;Superior;Fundamentos de geometria analítica;2023/2;Reprovado;10;45.450 %
Campus Cachoeiro de Itapemirim;Licenciatura em Matemática;Superior;Fundamentos de geometria analítica;2023/2;Rep. Falta;1;4.550 %
Campus Cachoeiro de Itapemirim;Licenciatura em Matemática;Superior;Fundamentos de geometria analítica;2023/2;Aprovado;11;50.000 %
Campus Cachoeiro de Itapemirim;Licenciatura em Matemática;Superior;Fundamentos de geometria analítica;2024/2;Rep. Falta;6;21.430 %
Campus Cachoeiro de Itapemirim;Licenciatura em Matemática;Superior;Fundamentos de geometria analítica;2024/2;Reprovado;2;7.140 %
Campus Cachoeiro de Itapemirim;Licenciatura em Matemática;Superior;Fundamentos de geometria analítica;2024/2;Aprovado;19;67.860 %
Campus Cachoeiro de Itapemirim;Licenciatura em Matemática;Superior;Fundamentos de geometria analítica;2020/2;Aprovado;2;66.670 %
Campus Cachoeiro de Itapemirim;Licenciatura em Matemática;Superior;Fundamentos de geometria analítica;2022/2;Aprovado;6;54.550 %
Campus Cachoeiro de Itapemirim;Licenciatura em Matemática;Superior;Fundamentos de geometria analítica;2022/2;Reprovado;3;27.270 %
Campus Cachoeiro de Itapemirim;Licenciatura em Matemática;Superior;Fundamentos de geometria analítica;2022/2;Rep. Falta;2;18.180 %
Campus Cachoeiro de Itapemirim;Licenciatura em Matemática;Superior;Fundamentos de geometria analítica;2021/2;Rep. Falta;1;50.000 %
Campus Cachoeiro de Itapemirim;Licenciatura em Matemática;Superior;Fundamentos de geometria analítica;2021/2;Reprovado;1;50.000 %
Campus Cachoeiro de Itapemirim;Licenciatura em Matemática;Superior;Fundamentos de geometria analítica;2025/2;Rep. Falta;1;2.440 %
Campus Cachoeiro de Itapemirim;Licenciatura em Matemática;Superior;Fundamentos de geometria analítica;2025/2;Aprovado;40;97.560 %
Campus Cachoeiro de Itapemirim;Licenciatura em Matemática;Superior;Fundamentos de lógica;2025/2;Aprovado;26;74.290 %
Campus Cachoeiro de Itapemirim;Licenciatura em Matemática;Superior;Fundamentos de lógica;2025/2;Rep. Falta;6;17.140 %
Campus Cachoeiro de Itapemirim;Licenciatura em Matemática;Superior;Fundamentos de lógica;2025/2;Reprovado;1;2.860 %
Campus Cachoeiro de Itapemirim;Licenciatura em Matemática;Superior;Fundamentos de lógica;2021/2;Aprovado;1;50.000 %
Campus Cachoeiro de Itapemirim;Licenciatura em Matemática;Superior;Fundamentos de lógica;2022/2;Rep. Falta;1;9.090 %
Campus Cachoeiro de Itapemirim;Licenciatura em Matemática;Superior;Fundamentos de lógica;2022/2;Aprovado;10;90.910 %
Campus Cachoeiro de Itapemirim;Licenciatura em Matemática;Superior;Fundamentos de lógica;2020/2;Aprovado;2;66.670 %
Campus Cachoeiro de Itapemirim;Licenciatura em Matemática;Superior;Fundamentos de lógica;2024/2;Rep. Falta;3;15.000 %
Campus Cachoeiro de Itapemirim;Licenciatura em Matemática;Superior;Fundamentos de lógica;2024/2;Aprovado;14;70.000 %
Campus Cachoeiro de Itapemirim;Licenciatura em Matemática;Superior;Fundamentos de lógica;2024/2;Reprovado;1;5.000 %
Campus Cachoeiro de Itapemirim;Licenciatura em Matemática;Superior;Fundamentos de lógica;2023/2;Aprovado;17;89.470 %
Campus Cachoeiro de Itapemirim;Licenciatura em Matemática;Superior;Fundamentos de lógica;2023/2;Rep. Falta;1;5.260 %
Campus Cachoeiro de Itapemirim;Licenciatura em Matemática;Superior;Fundamentos de lógica;2023/2;Reprovado;1;5.260 %
Campus Cachoeiro de Itapemirim;Licenciatura em Matemática;Superior;História da educação;2023/2;Reprovado;1;4.550 %
Campus Cachoeiro de Itapemirim;Licenciatura em Matemática;Superior;História da educação;2023/2;Aprovado;19;86.360 %
Campus Cachoeiro de Itapemirim;Licenciatura em Matemática;Superior;História da educação;2023/2;Rep. Falta;2;9.090 %
Campus Cachoeiro de Itapemirim;Licenciatura em Matemática;Superior;História da educação;2024/2;Rep. Falta;3;14.290 %
Campus Cachoeiro de Itapemirim;Licenciatura em Matemática;Superior;História da educação;2024/2;Reprovado;1;4.760 %
Campus Cachoeiro de Itapemirim;Licenciatura em Matemática;Superior;História da educação;2024/2;Aprovado;16;76.190 %
Campus Cachoeiro de Itapemirim;Licenciatura em Matemática;Superior;História da educação;2020/2;Aprovado;2;66.670 %
Campus Cachoeiro de Itapemirim;Licenciatura em Matemática;Superior;História da educação;2022/2;Aprovado;7;70.000 %
Campus Cachoeiro de Itapemirim;Licenciatura em Matemática;Superior;História da educação;2022/2;Rep. Falta;1;10.000 %
Campus Cachoeiro de Itapemirim;Licenciatura em Matemática;Superior;História da educação;2022/2;Reprovado;2;20.000 %
Campus Cachoeiro de Itapemirim;Licenciatura em Matemática;Superior;História da educação;2021/2;Reprovado;2;100.000 %
Campus Cachoeiro de Itapemirim;Licenciatura em Matemática;Superior;História da educação;2025/2;Rep. Falta;3;8.330 %
Campus Cachoeiro de Itapemirim;Licenciatura em Matemática;Superior;História da educação;2025/2;Aprovado;32;88.890 %
Campus Cachoeiro de Itapemirim;Licenciatura em Matemática;Superior;Introdução ao estudo de funções;2025/2;Aprovado;39;95.120 %
Campus Cachoeiro de Itapemirim;Licenciatura em Matemática;Superior;Introdução ao estudo de funções;2025/2;Rep. Falta;2;4.880 %
Campus Cachoeiro de Itapemirim;Licenciatura em Matemática;Superior;Introdução ao estudo de funções;2022/2;Rep. Falta;2;16.670 %
Campus Cachoeiro de Itapemirim;Licenciatura em Matemática;Superior;Introdução ao estudo de funções;2022/2;Aprovado;1;8.330 %
Campus Cachoeiro de Itapemirim;Licenciatura em Matemática;Superior;Introdução ao estudo de funções;2022/2;Reprovado;9;75.000 %
Campus Cachoeiro de Itapemirim;Licenciatura em Matemática;Superior;Introdução ao estudo de funções;2020/2;Aprovado;3;100.000 %
Campus Cachoeiro de Itapemirim;Licenciatura em Matemática;Superior;Introdução ao estudo de funções;2024/2;Aprovado;17;65.380 %
Campus Cachoeiro de Itapemirim;Licenciatura em Matemática;Superior;Introdução ao estudo de funções;2024/2;Reprovado;5;19.230 %
Campus Cachoeiro de Itapemirim;Licenciatura em Matemática;Superior;Introdução ao estudo de funções;2024/2;Rep. Falta;3;11.540 %
Campus Cachoeiro de Itapemirim;Licenciatura em Matemática;Superior;Introdução ao estudo de funções;2023/2;Aprovado;16;66.670 %
Campus Cachoeiro de Itapemirim;Licenciatura em Matemática;Superior;Introdução ao estudo de funções;2023/2;Rep. Falta;2;8.330 %
Campus Cachoeiro de Itapemirim;Licenciatura em Matemática;Superior;Introdução ao estudo de funções;2023/2;Reprovado;6;25.000 %
Campus Cachoeiro de Itapemirim;Licenciatura em Matemática;Superior;Práticas pedagógicas em matemática para o ensino fundamental;2023/2;Reprovado;1;4.550 %
Campus Cachoeiro de Itapemirim;Licenciatura em Matemática;Superior;Práticas pedagógicas em matemática para o ensino fundamental;2023/2;Aprovado;21;95.450 %
Campus Cachoeiro de Itapemirim;Licenciatura em Matemática;Superior;Práticas pedagógicas em matemática para o ensino fundamental;2024/2;Aprovado;18;90.000 %
Campus Cachoeiro de Itapemirim;Licenciatura em Matemática;Superior;Práticas pedagógicas em matemática para o ensino fundamental;2024/2;Reprovado;1;5.000 %
Campus Cachoeiro de Itapemirim;Licenciatura em Matemática;Superior;Práticas pedagógicas em matemática para o ensino fundamental;2020/2;Aprovado;2;66.670 %
Campus Cachoeiro de Itapemirim;Licenciatura em Matemática;Superior;Práticas pedagógicas em matemática para o ensino fundamental;2022/2;Aprovado;5;41.670 %
Campus Cachoeiro de Itapemirim;Licenciatura em Matemática;Superior;Práticas pedagógicas em matemática para o ensino fundamental;2022/2;Reprovado;4;33.330 %
Campus Cachoeiro de Itapemirim;Licenciatura em Matemática;Superior;Práticas pedagógicas em matemática para o ensino fundamental;2022/2;Rep. Falta;3;25.000 %
Campus Cachoeiro de Itapemirim;Licenciatura em Matemática;Superior;Práticas pedagógicas em matemática para o ensino fundamental;2021/2;Reprovado;1;100.000 %
Campus Cachoeiro de Itapemirim;Licenciatura em Matemática;Superior;Práticas pedagógicas em matemática para o ensino fundamental;2025/2;Rep. Falta;3;8.110 %
Campus Cachoeiro de Itapemirim;Licenciatura em Matemática;Superior;Práticas pedagógicas em matemática para o ensino fundamental;2025/2;Reprovado;1;2.700 %
Campus Cachoeiro de Itapemirim;Licenciatura em Matemática;Superior;Práticas pedagógicas em matemática para o ensino fundamental;2025/2;Aprovado;33;89.190 %
Campus Cachoeiro de Itapemirim;Licenciatura em Matemática;Superior;Fundamentos de geometria espacial;2025/2;Aprovado;37;94.870 %
Campus Cachoeiro de Itapemirim;Licenciatura em Matemática;Superior;Fundamentos de geometria espacial;2025/2;Rep. Falta;2;5.130 %
Campus Cachoeiro de Itapemirim;Licenciatura em Matemática;Superior;Fundamentos de geometria espacial;2021/2;Aprovado;1;100.000 %
Campus Cachoeiro de Itapemirim;Licenciatura em Matemática;Superior;Fundamentos de geometria espacial;2022/2;Rep. Falta;2;20.000 %
Campus Cachoeiro de Itapemirim;Licenciatura em Matemática;Superior;Fundamentos de geometria espacial;2022/2;Aprovado;8;80.000 %
Campus Cachoeiro de Itapemirim;Licenciatura em Matemática;Superior;Fundamentos de geometria espacial;2020/2;Aprovado;3;100.000 %
Campus Cachoeiro de Itapemirim;Licenciatura em Matemática;Superior;Fundamentos de geometria espacial;2024/2;Reprovado;1;5.000 %
Campus Cachoeiro de Itapemirim;Licenciatura em Matemática;Superior;Fundamentos de geometria espacial;2024/2;Rep. Falta;3;15.000 %
Campus Cachoeiro de Itapemirim;Licenciatura em Matemática;Superior;Fundamentos de geometria espacial;2024/2;Aprovado;15;75.000 %
Campus Cachoeiro de Itapemirim;Licenciatura em Matemática;Superior;Fundamentos de geometria espacial;2023/2;Aprovado;16;94.120 %
Campus Cachoeiro de Itapemirim;Licenciatura em Matemática;Superior;Fundamentos de geometria espacial;2023/2;Reprovado;1;5.880 %
Campus Cachoeiro de Itapemirim;Licenciatura em Matemática;Superior;Cálculo I;2023/1;Aprovado;3;100.000 %
Campus Cachoeiro de Itapemirim;Licenciatura em Matemática;Superior;Cálculo I;2024/1;Reprovado;2;12.500 %
Campus Cachoeiro de Itapemirim;Licenciatura em Matemática;Superior;Cálculo I;2024/1;Aprovado;14;87.500 %
Campus Cachoeiro de Itapemirim;Licenciatura em Matemática;Superior;Cálculo I;2021/1;Reprovado;2;50.000 %
Campus Cachoeiro de Itapemirim;Licenciatura em Matemática;Superior;Cálculo I;2021/1;Aprovado;1;25.000 %
Campus Cachoeiro de Itapemirim;Licenciatura em Matemática;Superior;Cálculo I;2021/2;Aprovado;1;100.000 %
Campus Cachoeiro de Itapemirim;Licenciatura em Matemática;Superior;Cálculo I;2022/1;Rep. Falta;1;100.000 %
Campus Cachoeiro de Itapemirim;Licenciatura em Matemática;Superior;Cálculo I;2025/1;Reprovado;1;5.560 %
Campus Cachoeiro de Itapemirim;Licenciatura em Matemática;Superior;Cálculo I;2025/1;Aprovado;17;94.440 %
Campus Cachoeiro de Itapemirim;Licenciatura em Matemática;Superior;Cálculo I;2026/1;Aprovado;34;85.000 %
Campus Cachoeiro de Itapemirim;Licenciatura em Matemática;Superior;Cálculo I;2026/1;Rep. Falta;6;15.000 %
Campus Cachoeiro de Itapemirim;Licenciatura em Matemática;Superior;Fundamentos de álgebra linear;2026/1;Rep. Falta;8;18.600 %
Campus Cachoeiro de Itapemirim;Licenciatura em Matemática;Superior;Fundamentos de álgebra linear;2026/1;Aprovado;34;79.070 %
Campus Cachoeiro de Itapemirim;Licenciatura em Matemática;Superior;Fundamentos de álgebra linear;2025/1;Aprovado;8;47.060 %
Campus Cachoeiro de Itapemirim;Licenciatura em Matemática;Superior;Fundamentos de álgebra linear;2025/1;Reprovado;3;17.650 %
Campus Cachoeiro de Itapemirim;Licenciatura em Matemática;Superior;Fundamentos de álgebra linear;2025/1;Rep. Falta;6;35.290 %
Campus Cachoeiro de Itapemirim;Licenciatura em Matemática;Superior;Fundamentos de álgebra linear;2022/1;Reprovado;2;100.000 %
Campus Cachoeiro de Itapemirim;Licenciatura em Matemática;Superior;Fundamentos de álgebra linear;2021/1;Aprovado;2;66.670 %
Campus Cachoeiro de Itapemirim;Licenciatura em Matemática;Superior;Fundamentos de álgebra linear;2021/1;Reprovado;1;33.330 %
Campus Cachoeiro de Itapemirim;Licenciatura em Matemática;Superior;Fundamentos de álgebra linear;2024/1;Aprovado;20;95.240 %
Campus Cachoeiro de Itapemirim;Licenciatura em Matemática;Superior;Fundamentos de álgebra linear;2024/1;Rep. Falta;1;4.760 %
Campus Cachoeiro de Itapemirim;Licenciatura em Matemática;Superior;Fundamentos de álgebra linear;2023/1;Reprovado;2;16.670 %
Campus Cachoeiro de Itapemirim;Licenciatura em Matemática;Superior;Fundamentos de álgebra linear;2023/1;Aproveit. Disciplina;1;8.330 %
Campus Cachoeiro de Itapemirim;Licenciatura em Matemática;Superior;Fundamentos de álgebra linear;2023/1;Aprovado;9;75.000 %
Campus Cachoeiro de Itapemirim;Licenciatura em Matemática;Superior;Geometria analítica;2023/1;Aprovado;7;87.500 %
Campus Cachoeiro de Itapemirim;Licenciatura em Matemática;Superior;Geometria analítica;2023/1;Reprovado;1;12.500 %
Campus Cachoeiro de Itapemirim;Licenciatura em Matemática;Superior;Geometria analítica;2024/1;Aprovado;13;92.860 %
Campus Cachoeiro de Itapemirim;Licenciatura em Matemática;Superior;Geometria analítica;2024/1;Reprovado;1;7.140 %
Campus Cachoeiro de Itapemirim;Licenciatura em Matemática;Superior;Geometria analítica;2021/1;Aprovado;1;33.330 %
Campus Cachoeiro de Itapemirim;Licenciatura em Matemática;Superior;Geometria analítica;2021/1;Reprovado;1;33.330 %
Campus Cachoeiro de Itapemirim;Licenciatura em Matemática;Superior;Geometria analítica;2025/1;Rep. Falta;3;16.670 %
Campus Cachoeiro de Itapemirim;Licenciatura em Matemática;Superior;Geometria analítica;2025/1;Reprovado;7;38.890 %
Campus Cachoeiro de Itapemirim;Licenciatura em Matemática;Superior;Geometria analítica;2025/1;Aprovado;8;44.440 %
Campus Cachoeiro de Itapemirim;Licenciatura em Matemática;Superior;Geometria analítica;2026/1;Rep. Falta;5;12.500 %
Campus Cachoeiro de Itapemirim;Licenciatura em Matemática;Superior;Geometria analítica;2026/1;Reprovado;1;2.500 %
Campus Cachoeiro de Itapemirim;Licenciatura em Matemática;Superior;Geometria analítica;2026/1;Aprovado;33;82.500 %
Campus Cachoeiro de Itapemirim;Licenciatura em Matemática;Superior;Política e organização da educação básica;2026/1;Aprovado;26;89.660 %
Campus Cachoeiro de Itapemirim;Licenciatura em Matemática;Superior;Política e organização da educação básica;2026/1;Rep. Falta;3;10.340 %
Campus Cachoeiro de Itapemirim;Licenciatura em Matemática;Superior;Política e organização da educação básica;2025/1;Aprovado;16;94.120 %
Campus Cachoeiro de Itapemirim;Licenciatura em Matemática;Superior;Política e organização da educação básica;2025/1;Aproveit. Disciplina;1;5.880 %
Campus Cachoeiro de Itapemirim;Licenciatura em Matemática;Superior;Política e organização da educação básica;2025/2;Aprovado;1;100.000 %
Campus Cachoeiro de Itapemirim;Licenciatura em Matemática;Superior;Política e organização da educação básica;2021/1;Aprovado;1;100.000 %
Campus Cachoeiro de Itapemirim;Licenciatura em Matemática;Superior;Política e organização da educação básica;2022/1;Rep. Falta;1;100.000 %
Campus Cachoeiro de Itapemirim;Licenciatura em Matemática;Superior;Política e organização da educação básica;2024/1;Aprovado;18;94.740 %
Campus Cachoeiro de Itapemirim;Licenciatura em Matemática;Superior;Política e organização da educação básica;2024/1;Rep. Falta;1;5.260 %
Campus Cachoeiro de Itapemirim;Licenciatura em Matemática;Superior;Política e organização da educação básica;2023/1;Aprovado;8;100.000 %
Campus Cachoeiro de Itapemirim;Licenciatura em Matemática;Superior;Psicologia da educação;2023/1;Aprovado;11;91.670 %
Campus Cachoeiro de Itapemirim;Licenciatura em Matemática;Superior;Psicologia da educação;2023/1;Reprovado;1;8.330 %
Campus Cachoeiro de Itapemirim;Licenciatura em Matemática;Superior;Psicologia da educação;2024/1;Rep. Falta;2;10.000 %
Campus Cachoeiro de Itapemirim;Licenciatura em Matemática;Superior;Psicologia da educação;2024/1;Aprovado;18;90.000 %
Campus Cachoeiro de Itapemirim;Licenciatura em Matemática;Superior;Psicologia da educação;2022/1;Rep. Falta;1;100.000 %
Campus Cachoeiro de Itapemirim;Licenciatura em Matemática;Superior;Psicologia da educação;2021/1;Reprovado;2;66.670 %
Campus Cachoeiro de Itapemirim;Licenciatura em Matemática;Superior;Psicologia da educação;2021/1;Aprovado;1;33.330 %
Campus Cachoeiro de Itapemirim;Licenciatura em Matemática;Superior;Psicologia da educação;2025/1;Rep. Falta;2;12.500 %
Campus Cachoeiro de Itapemirim;Licenciatura em Matemática;Superior;Psicologia da educação;2025/1;Aproveit. Disciplina;1;6.250 %
Campus Cachoeiro de Itapemirim;Licenciatura em Matemática;Superior;Psicologia da educação;2025/1;Aprovado;13;81.250 %
Campus Cachoeiro de Itapemirim;Licenciatura em Matemática;Superior;Psicologia da educação;2026/1;Aprovado;25;89.290 %
Campus Cachoeiro de Itapemirim;Licenciatura em Matemática;Superior;Psicologia da educação;2026/1;Rep. Falta;3;10.710 %
Campus Cachoeiro de Itapemirim;Licenciatura em Matemática;Superior;Seminário integrador I;2026/1;Reprovado;7;21.210 %
Campus Cachoeiro de Itapemirim;Licenciatura em Matemática;Superior;Seminário integrador I;2026/1;Aprovado;25;75.760 %
Campus Cachoeiro de Itapemirim;Licenciatura em Matemática;Superior;Seminário integrador I;2025/1;Aprovado;13;61.900 %
Campus Cachoeiro de Itapemirim;Licenciatura em Matemática;Superior;Seminário integrador I;2025/1;Reprovado;8;38.100 %
Campus Cachoeiro de Itapemirim;Licenciatura em Matemática;Superior;Seminário integrador I;2021/1;Reprovado;2;66.670 %
Campus Cachoeiro de Itapemirim;Licenciatura em Matemática;Superior;Seminário integrador I;2021/1;Aprovado;1;33.330 %
Campus Cachoeiro de Itapemirim;Licenciatura em Matemática;Superior;Seminário integrador I;2024/1;Aprovado;15;83.330 %
Campus Cachoeiro de Itapemirim;Licenciatura em Matemática;Superior;Seminário integrador I;2024/1;Rep. Falta;3;16.670 %
Campus Cachoeiro de Itapemirim;Licenciatura em Matemática;Superior;Seminário integrador I;2023/1;Aprovado;10;76.920 %
Campus Cachoeiro de Itapemirim;Licenciatura em Matemática;Superior;Seminário integrador I;2023/1;Rep. Falta;3;23.080 %
Campus Cachoeiro de Itapemirim;Licenciatura em Matemática;Superior;Álgebra Linear;2023/2;Rep. Falta;2;22.220 %
Campus Cachoeiro de Itapemirim;Licenciatura em Matemática;Superior;Álgebra Linear;2023/2;Reprovado;7;77.780 %
Campus Cachoeiro de Itapemirim;Licenciatura em Matemática;Superior;Álgebra Linear;2024/1;Aprovado;5;62.500 %
Campus Cachoeiro de Itapemirim;Licenciatura em Matemática;Superior;Álgebra Linear;2024/1;Rep. Falta;3;37.500 %
Campus Cachoeiro de Itapemirim;Licenciatura em Matemática;Superior;Álgebra Linear;2024/2;Reprovado;4;22.220 %
Campus Cachoeiro de Itapemirim;Licenciatura em Matemática;Superior;Álgebra Linear;2024/2;Aprovado;11;61.110 %
Campus Cachoeiro de Itapemirim;Licenciatura em Matemática;Superior;Álgebra Linear;2024/2;Rep. Falta;3;16.670 %
Campus Cachoeiro de Itapemirim;Licenciatura em Matemática;Superior;Álgebra Linear;2021/2;Reprovado;1;50.000 %
Campus Cachoeiro de Itapemirim;Licenciatura em Matemática;Superior;Álgebra Linear;2025/2;Aprovado;7;46.670 %
Campus Cachoeiro de Itapemirim;Licenciatura em Matemática;Superior;Álgebra Linear;2025/2;Reprovado;8;53.330 %
Campus Cachoeiro de Itapemirim;Licenciatura em Matemática;Superior;Bases sociológicas da educação;2025/2;Reprovado;1;5.000 %
Campus Cachoeiro de Itapemirim;Licenciatura em Matemática;Superior;Bases sociológicas da educação;2025/2;Aprovado;18;90.000 %
Campus Cachoeiro de Itapemirim;Licenciatura em Matemática;Superior;Bases sociológicas da educação;2025/2;Rep. Falta;1;5.000 %
Campus Cachoeiro de Itapemirim;Licenciatura em Matemática;Superior;Bases sociológicas da educação;2021/2;Aprovado;1;33.330 %
Campus Cachoeiro de Itapemirim;Licenciatura em Matemática;Superior;Bases sociológicas da educação;2021/2;Reprovado;1;33.330 %
Campus Cachoeiro de Itapemirim;Licenciatura em Matemática;Superior;Bases sociológicas da educação;2022/2;Rep. Falta;2;66.670 %
Campus Cachoeiro de Itapemirim;Licenciatura em Matemática;Superior;Bases sociológicas da educação;2022/2;Aprovado;1;33.330 %
Campus Cachoeiro de Itapemirim;Licenciatura em Matemática;Superior;Bases sociológicas da educação;2024/2;Aprovado;15;78.950 %
Campus Cachoeiro de Itapemirim;Licenciatura em Matemática;Superior;Bases sociológicas da educação;2024/2;Rep. Falta;4;21.050 %
Campus Cachoeiro de Itapemirim;Licenciatura em Matemática;Superior;Bases sociológicas da educação;2023/2;Rep. Falta;1;10.000 %
Campus Cachoeiro de Itapemirim;Licenciatura em Matemática;Superior;Bases sociológicas da educação;2023/2;Aprovado;9;90.000 %
Campus Cachoeiro de Itapemirim;Licenciatura em Matemática;Superior;Cálculo II;2023/2;Rep. Falta;1;25.000 %
Campus Cachoeiro de Itapemirim;Licenciatura em Matemática;Superior;Cálculo II;2023/2;Aprovado;1;25.000 %
Campus Cachoeiro de Itapemirim;Licenciatura em Matemática;Superior;Cálculo II;2023/2;Reprovado;2;50.000 %
Campus Cachoeiro de Itapemirim;Licenciatura em Matemática;Superior;Cálculo II;2024/2;Aprovado;13;92.860 %
Campus Cachoeiro de Itapemirim;Licenciatura em Matemática;Superior;Cálculo II;2024/2;Reprovado;1;7.140 %
Campus Cachoeiro de Itapemirim;Licenciatura em Matemática;Superior;Cálculo II;2025/2;Reprovado;4;20.000 %
Campus Cachoeiro de Itapemirim;Licenciatura em Matemática;Superior;Cálculo II;2025/2;Rep. Falta;1;5.000 %
Campus Cachoeiro de Itapemirim;Licenciatura em Matemática;Superior;Cálculo II;2025/2;Aprovado;15;75.000 %
Campus Cachoeiro de Itapemirim;Licenciatura em Matemática;Superior;Cálculo II;2026/1;Aprovado;12;100.000 %
Campus Cachoeiro de Itapemirim;Licenciatura em Matemática;Superior;Didática geral;2025/2;Aprovado;15;100.000 %
Campus Cachoeiro de Itapemirim;Licenciatura em Matemática;Superior;Didática geral;2024/2;Aprovado;16;88.890 %
Campus Cachoeiro de Itapemirim;Licenciatura em Matemática;Superior;Didática geral;2024/2;Rep. Falta;2;11.110 %
Campus Cachoeiro de Itapemirim;Licenciatura em Matemática;Superior;Didática geral;2023/2;Aprovado;9;75.000 %
Campus Cachoeiro de Itapemirim;Licenciatura em Matemática;Superior;Didática geral;2023/2;Reprovado;1;8.330 %
Campus Cachoeiro de Itapemirim;Licenciatura em Matemática;Superior;Didática geral;2023/2;Rep. Falta;2;16.670 %
Campus Cachoeiro de Itapemirim;Licenciatura em Matemática;Superior;Didática geral;2022/2;Rep. Falta;1;100.000 %
Campus Cachoeiro de Itapemirim;Licenciatura em Matemática;Superior;Didática geral;2021/2;Aprovado;1;33.330 %
Campus Cachoeiro de Itapemirim;Licenciatura em Matemática;Superior;Extensão II no ensino de matemática;2022/2;Aprovado;1;100.000 %
Campus Cachoeiro de Itapemirim;Licenciatura em Matemática;Superior;Extensão II no ensino de matemática;2023/2;Reprovado;1;16.670 %
Campus Cachoeiro de Itapemirim;Licenciatura em Matemática;Superior;Extensão II no ensino de matemática;2023/2;Aprovado;5;83.330 %
Campus Cachoeiro de Itapemirim;Licenciatura em Matemática;Superior;Extensão II no ensino de matemática;2023/1;Aprovado;6;100.000 %
Campus Cachoeiro de Itapemirim;Licenciatura em Matemática;Superior;Extensão II no ensino de matemática;2024/2;Aprovado;13;81.250 %
Campus Cachoeiro de Itapemirim;Licenciatura em Matemática;Superior;Extensão II no ensino de matemática;2026/1;Reprovado;5;38.460 %
Campus Cachoeiro de Itapemirim;Licenciatura em Matemática;Superior;Extensão II no ensino de matemática;2026/1;Aprovado;7;53.850 %
Campus Cachoeiro de Itapemirim;Licenciatura em Matemática;Superior;Gestão do trabalho escolar;2026/1;Aprovado;1;100.000 %
Campus Cachoeiro de Itapemirim;Licenciatura em Matemática;Superior;Gestão do trabalho escolar;2025/2;Rep. Falta;1;6.250 %
Campus Cachoeiro de Itapemirim;Licenciatura em Matemática;Superior;Gestão do trabalho escolar;2025/2;Aprovado;15;93.750 %
Campus Cachoeiro de Itapemirim;Licenciatura em Matemática;Superior;Gestão do trabalho escolar;2024/2;Aprovado;16;94.120 %
Campus Cachoeiro de Itapemirim;Licenciatura em Matemática;Superior;Gestão do trabalho escolar;2024/2;Rep. Falta;1;5.880 %
Campus Cachoeiro de Itapemirim;Licenciatura em Matemática;Superior;Gestão do trabalho escolar;2023/2;Aprovado;3;75.000 %
Campus Cachoeiro de Itapemirim;Licenciatura em Matemática;Superior;Gestão do trabalho escolar;2022/2;Rep. Falta;1;100.000 %
Campus Cachoeiro de Itapemirim;Licenciatura em Matemática;Superior;Práticas pedagógicas em matemática para o ensino médio;2021/2;Aprovado;1;50.000 %
Campus Cachoeiro de Itapemirim;Licenciatura em Matemática;Superior;Práticas pedagógicas em matemática para o ensino médio;2023/2;Aprovado;7;77.780 %
Campus Cachoeiro de Itapemirim;Licenciatura em Matemática;Superior;Práticas pedagógicas em matemática para o ensino médio;2023/2;Reprovado;2;22.220 %
Campus Cachoeiro de Itapemirim;Licenciatura em Matemática;Superior;Práticas pedagógicas em matemática para o ensino médio;2024/2;Aprovado;18;85.710 %
Campus Cachoeiro de Itapemirim;Licenciatura em Matemática;Superior;Práticas pedagógicas em matemática para o ensino médio;2024/2;Rep. Falta;3;14.290 %
Campus Cachoeiro de Itapemirim;Licenciatura em Matemática;Superior;Práticas pedagógicas em matemática para o ensino médio;2025/2;Aprovado;13;100.000 %
Campus Cachoeiro de Itapemirim;Licenciatura em Matemática;Superior;Álgebra;2025/1;Aprovado;13;61.900 %
Campus Cachoeiro de Itapemirim;Licenciatura em Matemática;Superior;Álgebra;2025/1;Reprovado;5;23.810 %
Campus Cachoeiro de Itapemirim;Licenciatura em Matemática;Superior;Álgebra;2025/1;Rep. Falta;3;14.290 %
Campus Cachoeiro de Itapemirim;Licenciatura em Matemática;Superior;Álgebra;2026/1;Aprovado;6;27.270 %
Campus Cachoeiro de Itapemirim;Licenciatura em Matemática;Superior;Álgebra;2026/1;Rep. Falta;5;22.730 %
Campus Cachoeiro de Itapemirim;Licenciatura em Matemática;Superior;Álgebra;2026/1;Reprovado;11;50.000 %
Campus Cachoeiro de Itapemirim;Licenciatura em Matemática;Superior;Álgebra;2024/1;Reprovado;4;30.770 %
Campus Cachoeiro de Itapemirim;Licenciatura em Matemática;Superior;Álgebra;2024/1;Aprovado;3;23.080 %
Campus Cachoeiro de Itapemirim;Licenciatura em Matemática;Superior;Álgebra;2024/1;Rep. Falta;6;46.150 %
Campus Cachoeiro de Itapemirim;Licenciatura em Matemática;Superior;Álgebra;2023/1;Aproveit. Disciplina;1;16.670 %
Campus Cachoeiro de Itapemirim;Licenciatura em Matemática;Superior;Álgebra;2023/1;Reprovado;1;16.670 %
Campus Cachoeiro de Itapemirim;Licenciatura em Matemática;Superior;Álgebra;2022/1;Reprovado;2;66.670 %
Campus Cachoeiro de Itapemirim;Licenciatura em Matemática;Superior;Álgebra;2022/1;Aprovado;1;33.330 %
Campus Cachoeiro de Itapemirim;Licenciatura em Matemática;Superior;Cálculo III;2022/1;Reprovado;2;100.000 %
Campus Cachoeiro de Itapemirim;Licenciatura em Matemática;Superior;Cálculo III;2024/1;Rep. Falta;1;33.330 %
Campus Cachoeiro de Itapemirim;Licenciatura em Matemática;Superior;Cálculo III;2024/1;Aprovado;2;66.670 %
Campus Cachoeiro de Itapemirim;Licenciatura em Matemática;Superior;Cálculo III;2026/1;Aprovado;13;68.420 %
Campus Cachoeiro de Itapemirim;Licenciatura em Matemática;Superior;Cálculo III;2026/1;Rep. Falta;1;5.260 %
Campus Cachoeiro de Itapemirim;Licenciatura em Matemática;Superior;Cálculo III;2026/1;Reprovado;5;26.320 %
Campus Cachoeiro de Itapemirim;Licenciatura em Matemática;Superior;Cálculo III;2025/1;Rep. Falta;1;7.690 %
Campus Cachoeiro de Itapemirim;Licenciatura em Matemática;Superior;Cálculo III;2025/1;Aprovado;12;92.310 %
Campus Cachoeiro de Itapemirim;Licenciatura em Matemática;Superior;Cálculo III;2025/2;Aprovado;1;100.000 %
Campus Cachoeiro de Itapemirim;Licenciatura em Matemática;Superior;Didática e avaliação da aprendizagem;2025/1;Aprovado;19;79.170 %
Campus Cachoeiro de Itapemirim;Licenciatura em Matemática;Superior;Didática e avaliação da aprendizagem;2025/1;Aproveit. Disciplina;1;4.170 %
Campus Cachoeiro de Itapemirim;Licenciatura em Matemática;Superior;Didática e avaliação da aprendizagem;2025/1;Rep. Falta;4;16.670 %
Campus Cachoeiro de Itapemirim;Licenciatura em Matemática;Superior;Didática e avaliação da aprendizagem;2026/1;Rep. Falta;1;7.140 %
Campus Cachoeiro de Itapemirim;Licenciatura em Matemática;Superior;Didática e avaliação da aprendizagem;2026/1;Aprovado;12;85.710 %
Campus Cachoeiro de Itapemirim;Licenciatura em Matemática;Superior;Didática e avaliação da aprendizagem;2024/1;Aprovado;6;85.710 %
Campus Cachoeiro de Itapemirim;Licenciatura em Matemática;Superior;Didática e avaliação da aprendizagem;2024/1;Rep. Falta;1;14.290 %
Campus Cachoeiro de Itapemirim;Licenciatura em Matemática;Superior;Didática e avaliação da aprendizagem;2022/1;Aprovado;1;100.000 %
Campus Cachoeiro de Itapemirim;Licenciatura em Matemática;Superior;Estágio supervisionado I;2022/1;Rep. Falta;1;100.000 %
Campus Cachoeiro de Itapemirim;Licenciatura em Matemática;Superior;Estágio supervisionado I;2024/1;Rep. Falta;3;33.330 %
Campus Cachoeiro de Itapemirim;Licenciatura em Matemática;Superior;Estágio supervisionado I;2024/1;Aprovado;6;66.670 %
Campus Cachoeiro de Itapemirim;Licenciatura em Matemática;Superior;Estágio supervisionado I;2023/1;Reprovado;1;100.000 %
Campus Cachoeiro de Itapemirim;Licenciatura em Matemática;Superior;Estágio supervisionado I;2026/1;Aprovado;10;83.330 %
Campus Cachoeiro de Itapemirim;Licenciatura em Matemática;Superior;Estágio supervisionado I;2026/1;Rep. Falta;1;8.330 %
Campus Cachoeiro de Itapemirim;Licenciatura em Matemática;Superior;Estágio supervisionado I;2026/1;Reprovado;1;8.330 %
Campus Cachoeiro de Itapemirim;Licenciatura em Matemática;Superior;Estágio supervisionado I;2025/1;Rep. Falta;1;6.250 %
Campus Cachoeiro de Itapemirim;Licenciatura em Matemática;Superior;Estágio supervisionado I;2025/1;Aprovado;15;93.750 %
Campus Cachoeiro de Itapemirim;Licenciatura em Matemática;Superior;Trabalho e educação;2025/1;Aprovado;13;92.860 %
Campus Cachoeiro de Itapemirim;Licenciatura em Matemática;Superior;Trabalho e educação;2025/1;Aproveit. Disciplina;1;7.140 %
Campus Cachoeiro de Itapemirim;Licenciatura em Matemática;Superior;Trabalho e educação;2026/1;Aprovado;12;92.310 %
Campus Cachoeiro de Itapemirim;Licenciatura em Matemática;Superior;Trabalho e educação;2024/1;Aprovado;4;100.000 %
Campus Cachoeiro de Itapemirim;Licenciatura em Matemática;Superior;Seminário integrador II;2024/1;Aprovado;12;100.000 %
Campus Cachoeiro de Itapemirim;Licenciatura em Matemática;Superior;Seminário integrador II;2023/1;Aprovado;1;100.000 %
Campus Cachoeiro de Itapemirim;Licenciatura em Matemática;Superior;Seminário integrador II;2022/1;Aprovado;1;50.000 %
Campus Cachoeiro de Itapemirim;Licenciatura em Matemática;Superior;Seminário integrador II;2022/1;Reprovado;1;50.000 %
Campus Cachoeiro de Itapemirim;Licenciatura em Matemática;Superior;Seminário integrador II;2026/1;Aprovado;14;100.000 %
Campus Cachoeiro de Itapemirim;Licenciatura em Matemática;Superior;Seminário integrador II;2025/1;Aprovado;13;72.220 %
Campus Cachoeiro de Itapemirim;Licenciatura em Matemática;Superior;Seminário integrador II;2025/1;Reprovado;5;27.780 %
Campus Cachoeiro de Itapemirim;Licenciatura em Matemática;Superior;História da matemática;2025/1;Aprovado;20;95.240 %
Campus Cachoeiro de Itapemirim;Licenciatura em Matemática;Superior;História da matemática;2025/1;Rep. Falta;1;4.760 %
Campus Cachoeiro de Itapemirim;Licenciatura em Matemática;Superior;História da matemática;2026/1;Aprovado;14;82.350 %
Campus Cachoeiro de Itapemirim;Licenciatura em Matemática;Superior;História da matemática;2026/1;Reprovado;1;5.880 %
Campus Cachoeiro de Itapemirim;Licenciatura em Matemática;Superior;História da matemática;2026/1;Rep. Falta;2;11.760 %
Campus Cachoeiro de Itapemirim;Licenciatura em Matemática;Superior;História da matemática;2022/1;Rep. Falta;1;100.000 %
Campus Cachoeiro de Itapemirim;Licenciatura em Matemática;Superior;História da matemática;2023/1;Aprovado;5;100.000 %
Campus Cachoeiro de Itapemirim;Licenciatura em Matemática;Superior;História da matemática;2024/1;Aprovado;2;66.670 %
Campus Cachoeiro de Itapemirim;Licenciatura em Matemática;Superior;História da matemática;2024/1;Rep. Falta;1;33.330 %
Campus Cachoeiro de Itapemirim;Licenciatura em Matemática;Superior;Análise combinatória e probabilidade;2024/2;Aprovado;2;66.670 %
Campus Cachoeiro de Itapemirim;Licenciatura em Matemática;Superior;Análise combinatória e probabilidade;2024/2;Rep. Falta;1;33.330 %
Campus Cachoeiro de Itapemirim;Licenciatura em Matemática;Superior;Análise combinatória e probabilidade;2023/2;Aprovado;6;100.000 %
Campus Cachoeiro de Itapemirim;Licenciatura em Matemática;Superior;Análise combinatória e probabilidade;2022/2;Rep. Falta;2;100.000 %
Campus Cachoeiro de Itapemirim;Licenciatura em Matemática;Superior;Análise combinatória e probabilidade;2025/2;Rep. Falta;1;5.880 %
Campus Cachoeiro de Itapemirim;Licenciatura em Matemática;Superior;Análise combinatória e probabilidade;2025/2;Aprovado;16;94.120 %
Campus Cachoeiro de Itapemirim;Licenciatura em Matemática;Superior;Educação de jovens e adultos;2025/2;Aprovado;18;100.000 %
Campus Cachoeiro de Itapemirim;Licenciatura em Matemática;Superior;Educação de jovens e adultos;2022/2;Rep. Falta;1;100.000 %
Campus Cachoeiro de Itapemirim;Licenciatura em Matemática;Superior;Educação de jovens e adultos;2024/2;Aprovado;5;100.000 %
Campus Cachoeiro de Itapemirim;Licenciatura em Matemática;Superior;Educação especial;2024/2;Aprovado;5;83.330 %
Campus Cachoeiro de Itapemirim;Licenciatura em Matemática;Superior;Educação especial;2024/2;Rep. Falta;1;16.670 %
Campus Cachoeiro de Itapemirim;Licenciatura em Matemática;Superior;Educação especial;2025/2;Aprovado;10;100.000 %
Campus Cachoeiro de Itapemirim;Licenciatura em Matemática;Superior;Educação especial;2025/1;Rep. Falta;1;33.330 %
Campus Cachoeiro de Itapemirim;Licenciatura em Matemática;Superior;Educação especial;2025/1;Aprovado;2;66.670 %
Campus Cachoeiro de Itapemirim;Licenciatura em Matemática;Superior;Educação especial;2026/1;Aprovado;5;100.000 %
Campus Cachoeiro de Itapemirim;Licenciatura em Matemática;Superior;Estágio supervisionado II;2025/2;Aprovado;14;87.500 %
Campus Cachoeiro de Itapemirim;Licenciatura em Matemática;Superior;Estágio supervisionado II;2025/2;Reprovado;2;12.500 %
Campus Cachoeiro de Itapemirim;Licenciatura em Matemática;Superior;Estágio supervisionado II;2024/2;Aprovado;5;100.000 %
Campus Cachoeiro de Itapemirim;Licenciatura em Matemática;Superior;Estágio supervisionado II;2023/2;Rep. Falta;1;100.000 %
Campus Cachoeiro de Itapemirim;Licenciatura em Matemática;Superior;Extensão III no ensino de matemática;2024/2;Aprovado;3;37.500 %
Campus Cachoeiro de Itapemirim;Licenciatura em Matemática;Superior;Extensão III no ensino de matemática;2025/2;Reprovado;6;37.500 %
Campus Cachoeiro de Itapemirim;Licenciatura em Matemática;Superior;Extensão III no ensino de matemática;2025/2;Aprovado;9;56.250 %
Campus Cachoeiro de Itapemirim;Licenciatura em Matemática;Superior;Extensão III no ensino de matemática;2026/1;Aprovado;1;100.000 %
Campus Cachoeiro de Itapemirim;Licenciatura em Matemática;Superior;Números complexos e equações algébricas;2026/1;Aprovado;15;100.000 %
Campus Cachoeiro de Itapemirim;Licenciatura em Matemática;Superior;Números complexos e equações algébricas;2025/2;Aprovado;14;82.350 %
Campus Cachoeiro de Itapemirim;Licenciatura em Matemática;Superior;Números complexos e equações algébricas;2025/2;Reprovado;2;11.760 %
Campus Cachoeiro de Itapemirim;Licenciatura em Matemática;Superior;Números complexos e equações algébricas;2025/2;Rep. Falta;1;5.880 %
Campus Cachoeiro de Itapemirim;Licenciatura em Matemática;Superior;Números complexos e equações algébricas;2024/2;Aprovado;3;50.000 %
Campus Cachoeiro de Itapemirim;Licenciatura em Matemática;Superior;Números complexos e equações algébricas;2024/2;Reprovado;2;33.330 %
Campus Cachoeiro de Itapemirim;Licenciatura em Matemática;Superior;Números complexos e equações algébricas;2024/2;Rep. Falta;1;16.670 %
Campus Cachoeiro de Itapemirim;Licenciatura em Matemática;Superior;Números complexos e equações algébricas;2023/2;Aprovado;1;100.000 %
Campus Cachoeiro de Itapemirim;Licenciatura em Matemática;Superior;Números complexos e equações algébricas;2022/2;Rep. Falta;1;100.000 %
Campus Cachoeiro de Itapemirim;Licenciatura em Matemática;Superior;Tecnologias digitais em educação matemática;2022/2;Reprovado;1;33.330 %
Campus Cachoeiro de Itapemirim;Licenciatura em Matemática;Superior;Tecnologias digitais em educação matemática;2022/2;Aprovado;2;66.670 %
Campus Cachoeiro de Itapemirim;Licenciatura em Matemática;Superior;Tecnologias digitais em educação matemática;2023/2;Aprovado;1;100.000 %
Campus Cachoeiro de Itapemirim;Licenciatura em Matemática;Superior;Tecnologias digitais em educação matemática;2024/2;Reprovado;5;83.330 %
Campus Cachoeiro de Itapemirim;Licenciatura em Matemática;Superior;Tecnologias digitais em educação matemática;2024/2;Aprovado;1;16.670 %
Campus Cachoeiro de Itapemirim;Licenciatura em Matemática;Superior;Tecnologias digitais em educação matemática;2025/2;Rep. Falta;4;15.380 %
Campus Cachoeiro de Itapemirim;Licenciatura em Matemática;Superior;Tecnologias digitais em educação matemática;2025/2;Aprovado;22;84.620 %
Campus Cachoeiro de Itapemirim;Licenciatura em Matemática;Superior;Diversidade e educação;2025/2;Aprovado;5;100.000 %
Campus Cachoeiro de Itapemirim;Licenciatura em Matemática;Superior;Diversidade e educação;2025/1;Aprovado;6;60.000 %
Campus Cachoeiro de Itapemirim;Licenciatura em Matemática;Superior;Diversidade e educação;2025/1;Aproveit. Disciplina;1;10.000 %
Campus Cachoeiro de Itapemirim;Licenciatura em Matemática;Superior;Diversidade e educação;2025/1;Rep. Falta;3;30.000 %
Campus Cachoeiro de Itapemirim;Licenciatura em Matemática;Superior;Diversidade e educação;2026/1;Aprovado;21;95.450 %
Campus Cachoeiro de Itapemirim;Licenciatura em Matemática;Superior;Diversidade e educação;2026/1;Rep. Falta;1;4.550 %
Campus Cachoeiro de Itapemirim;Licenciatura em Matemática;Superior;Estágio supervisionado III;2026/1;Aprovado;16;100.000 %
Campus Cachoeiro de Itapemirim;Licenciatura em Matemática;Superior;Estágio supervisionado III;2025/1;Aprovado;5;100.000 %
Campus Cachoeiro de Itapemirim;Licenciatura em Matemática;Superior;Modelagem matemática na educação básica;2025/1;Aprovado;6;85.710 %
Campus Cachoeiro de Itapemirim;Licenciatura em Matemática;Superior;Modelagem matemática na educação básica;2025/1;Rep. Falta;1;14.290 %
Campus Cachoeiro de Itapemirim;Licenciatura em Matemática;Superior;Modelagem matemática na educação básica;2025/2;Aprovado;3;75.000 %
Campus Cachoeiro de Itapemirim;Licenciatura em Matemática;Superior;Modelagem matemática na educação básica;2025/2;Rep. Falta;1;25.000 %
Campus Cachoeiro de Itapemirim;Licenciatura em Matemática;Superior;Modelagem matemática na educação básica;2026/1;Aprovado;12;92.310 %
Campus Cachoeiro de Itapemirim;Licenciatura em Matemática;Superior;Modelagem matemática na educação básica;2024/1;Aprovado;2;100.000 %
Campus Cachoeiro de Itapemirim;Licenciatura em Matemática;Superior;Modelagem matemática na educação básica;2023/1;Aprovado;2;100.000 %
Campus Cachoeiro de Itapemirim;Licenciatura em Matemática;Superior;Probabilidade e estatística;2023/1;Aproveit. Disciplina;2;100.000 %
Campus Cachoeiro de Itapemirim;Licenciatura em Matemática;Superior;Probabilidade e estatística;2024/1;Rep. Falta;2;100.000 %
Campus Cachoeiro de Itapemirim;Licenciatura em Matemática;Superior;Probabilidade e estatística;2026/1;Aprovado;14;93.330 %
Campus Cachoeiro de Itapemirim;Licenciatura em Matemática;Superior;Probabilidade e estatística;2026/1;Rep. Falta;1;6.670 %
Campus Cachoeiro de Itapemirim;Licenciatura em Matemática;Superior;Probabilidade e estatística;2025/1;Rep. Falta;3;30.000 %
Campus Cachoeiro de Itapemirim;Licenciatura em Matemática;Superior;Probabilidade e estatística;2025/1;Aproveit. Disciplina;1;10.000 %
Campus Cachoeiro de Itapemirim;Licenciatura em Matemática;Superior;Probabilidade e estatística;2025/1;Aprovado;6;60.000 %
Campus Cachoeiro de Itapemirim;Licenciatura em Matemática;Superior;Trabalho de conclusão de curso I;2025/1;Aprovado;2;100.000 %
Campus Cachoeiro de Itapemirim;Licenciatura em Matemática;Superior;Trabalho de conclusão de curso I;2025/1;Aprovado;1;100.000 %
Campus Cachoeiro de Itapemirim;Licenciatura em Matemática;Superior;Trabalho de conclusão de curso I;2025/1;Aprovado;1;50.000 %
Campus Cachoeiro de Itapemirim;Licenciatura em Matemática;Superior;Trabalho de conclusão de curso I;2025/1;Reprovado;1;50.000 %
Campus Cachoeiro de Itapemirim;Licenciatura em Matemática;Superior;Trabalho de conclusão de curso I;2025/1;Aprovado;1;100.000 %
Campus Cachoeiro de Itapemirim;Licenciatura em Matemática;Superior;Trabalho de conclusão de curso I;2026/1;Aprovado;2;100.000 %
Campus Cachoeiro de Itapemirim;Licenciatura em Matemática;Superior;Ciência, tecnologia, sociedade e ambiente (CTSA);2025/2;Aprovado;6;100.000 %
Campus Cachoeiro de Itapemirim;Licenciatura em Matemática;Superior;Estágio supervisionado IV;2025/2;Aprovado;4;100.000 %
Campus Cachoeiro de Itapemirim;Licenciatura em Matemática;Superior;Estágio supervisionado IV;2026/1;Aprovado;1;100.000 %
Campus Cachoeiro de Itapemirim;Licenciatura em Matemática;Superior;Filosofia da matemática;2025/2;Aprovado;2;100.000 %
Campus Cachoeiro de Itapemirim;Licenciatura em Matemática;Superior;Filosofia da matemática;2025/1;Rep. Falta;1;8.330 %
Campus Cachoeiro de Itapemirim;Licenciatura em Matemática;Superior;Filosofia da matemática;2025/1;Aprovado;11;91.670 %
Campus Cachoeiro de Itapemirim;Licenciatura em Matemática;Superior;Filosofia da matemática;2024/2;Aprovado;2;100.000 %
Campus Cachoeiro de Itapemirim;Licenciatura em Matemática;Superior;Filosofia da matemática;2023/2;Aprovado;1;100.000 %
Campus Cachoeiro de Itapemirim;Licenciatura em Matemática;Superior;Língua brasileira de sinais;2023/2;Aprovado;1;100.000 %
Campus Cachoeiro de Itapemirim;Licenciatura em Matemática;Superior;Matemática financeira e educação financeira;2025/2;Aprovado;4;66.670 %
Campus Cachoeiro de Itapemirim;Licenciatura em Matemática;Superior;Matemática financeira e educação financeira;2025/2;Reprovado;2;33.330 %
Campus Cachoeiro de Itapemirim;Licenciatura em Matemática;Superior;Tópicos especiais em matemática;2025/2;Aprovado;5;100.000 %
Campus Cachoeiro de Itapemirim;Licenciatura em Matemática;Superior;Tópicos especiais em matemática;2023/2;Aprovado;2;100.000 %
Campus Cachoeiro de Itapemirim;Licenciatura em Matemática;Superior;Tópicos especiais em matemática;2024/2;Aprovado;1;100.000 %
Campus Cachoeiro de Itapemirim;Licenciatura em Matemática;Superior;Trabalho de conclusão de curso II;2025/2;Aprovado;1;50.000 %
Campus Cachoeiro de Itapemirim;Licenciatura em Matemática;Superior;Trabalho de conclusão de curso II;2025/2;Rep. Falta;1;100.000 %
Campus Cachoeiro de Itapemirim;Licenciatura em Matemática;Superior;Trabalho de conclusão de curso II;2025/2;Rep. Falta;1;100.000 %
Campus Cachoeiro de Itapemirim;Licenciatura em Matemática;Superior;Trabalho de conclusão de curso II;2025/2;Reprovado;1;50.000 %
Campus Cachoeiro de Itapemirim;Licenciatura em Matemática;Superior;Fundamentos da matemática elementar I;2018/1;Rep. Falta;1;50.000 %
Campus Cachoeiro de Itapemirim;Licenciatura em Matemática;Superior;Fundamentos da matemática elementar I;2018/1;Aprovado;1;50.000 %
Campus Cachoeiro de Itapemirim;Licenciatura em Matemática;Superior;Fundamentos da matemática elementar I;2019/2;Rep. Falta;1;100.000 %
Campus Cachoeiro de Itapemirim;Licenciatura em Matemática;Superior;Fundamentos da matemática elementar I;2019/1;Aprovado;1;100.000 %
Campus Cachoeiro de Itapemirim;Licenciatura em Matemática;Superior;Introdução à lógica;2019/1;Aprovado;1;100.000 %
Campus Cachoeiro de Itapemirim;Licenciatura em Matemática;Superior;Introdução à lógica;2018/1;Aprovado;2;100.000 %
Campus Cachoeiro de Itapemirim;Licenciatura em Matemática;Superior;Geometria I;2018/1;Aprovado;2;100.000 %
Campus Cachoeiro de Itapemirim;Licenciatura em Matemática;Superior;Geometria I;2019/1;Aprovado;1;100.000 %
Campus Cachoeiro de Itapemirim;Licenciatura em Matemática;Superior;História da educação brasileira;2019/1;Aprovado;1;100.000 %
Campus Cachoeiro de Itapemirim;Licenciatura em Matemática;Superior;História da educação brasileira;2018/1;Aprovado;2;100.000 %
Campus Cachoeiro de Itapemirim;Licenciatura em Matemática;Superior;Fundamentos da matemática elementar II;2018/2;Aprovado;1;100.000 %
Campus Cachoeiro de Itapemirim;Licenciatura em Matemática;Superior;Fundamentos da matemática elementar II;2019/2;Aprovado;1;100.000 %
Campus Cachoeiro de Itapemirim;Licenciatura em Matemática;Superior;Geometria II;2019/2;Aprovado;2;100.000 %
Campus Cachoeiro de Itapemirim;Licenciatura em Matemática;Superior;Geometria II;2018/2;Aprovado;1;50.000 %
Campus Cachoeiro de Itapemirim;Licenciatura em Matemática;Superior;Geometria II;2018/2;Rep. Falta;1;50.000 %
Campus Cachoeiro de Itapemirim;Licenciatura em Matemática;Superior;Introdução à geometria analítica;2018/2;Rep. Falta;1;50.000 %
Campus Cachoeiro de Itapemirim;Licenciatura em Matemática;Superior;Introdução à geometria analítica;2018/2;Aprovado;1;50.000 %
Campus Cachoeiro de Itapemirim;Licenciatura em Matemática;Superior;Introdução à geometria analítica;2019/2;Aprovado;1;100.000 %
Campus Cachoeiro de Itapemirim;Licenciatura em Matemática;Superior;Metodologia do trabalho científico;2019/2;Aprovado;1;100.000 %
Campus Cachoeiro de Itapemirim;Licenciatura em Matemática;Superior;Metodologia do trabalho científico;2018/2;Aprovado;2;100.000 %
Campus Cachoeiro de Itapemirim;Licenciatura em Matemática;Superior;Cálculo I;2018/2;Reprovado;1;100.000 %
Campus Cachoeiro de Itapemirim;Licenciatura em Matemática;Superior;Cálculo I;2019/1;Aprovado;1;100.000 %
Campus Cachoeiro de Itapemirim;Licenciatura em Matemática;Superior;Cálculo I;2020/1;Aprovado;1;100.000 %
Campus Cachoeiro de Itapemirim;Licenciatura em Matemática;Superior;Geometria analítica;2020/1;Aprovado;1;100.000 %
Campus Cachoeiro de Itapemirim;Licenciatura em Matemática;Superior;Geometria analítica;2019/1;Aprovado;2;66.670 %
Campus Cachoeiro de Itapemirim;Licenciatura em Matemática;Superior;Geometria analítica;2019/1;Reprovado;1;33.330 %
Campus Cachoeiro de Itapemirim;Licenciatura em Matemática;Superior;Cálculo II;2019/2;Aprovado;1;100.000 %
Campus Cachoeiro de Itapemirim;Licenciatura em Matemática;Superior;Cálculo II;2022/1;Aprovado;2;100.000 %
Campus Cachoeiro de Itapemirim;Licenciatura em Matemática;Superior;Modelagem matemática I;2019/2;Aprovado;2;100.000 %
Campus Cachoeiro de Itapemirim;Licenciatura em Matemática;Superior;Modelagem matemática I;2020/2;Aprovado;1;100.000 %
Campus Cachoeiro de Itapemirim;Licenciatura em Matemática;Superior;Cálculo III;2020/1;Reprovado;1;100.000 %
Campus Cachoeiro de Itapemirim;Licenciatura em Matemática;Superior;Cálculo III;2021/1;Reprovado;2;100.000 %
Campus Cachoeiro de Itapemirim;Licenciatura em Matemática;Superior;Cálculo III;2022/2;Aprovado;1;50.000 %
Campus Cachoeiro de Itapemirim;Licenciatura em Matemática;Superior;Álgebra Linear;2020/1;Aprovado;1;100.000 %
Campus Cachoeiro de Itapemirim;Licenciatura em Matemática;Superior;Modelagem matemática II;2020/1;Aprovado;1;100.000 %
Campus Cachoeiro de Itapemirim;Licenciatura em Matemática;Superior;Modelagem matemática II;2021/1;Reprovado;1;100.000 %
Campus Cachoeiro de Itapemirim;Licenciatura em Matemática;Superior;Instrumentação para ensino;2021/1;Aprovado;1;100.000 %
Campus Cachoeiro de Itapemirim;Licenciatura em Matemática;Superior;Instrumentação para ensino;2020/1;Aprovado;1;100.000 %
Campus Cachoeiro de Itapemirim;Licenciatura em Matemática;Superior;Instrumentação para ensino;2022/1;Aprovado;2;100.000 %
Campus Cachoeiro de Itapemirim;Licenciatura em Matemática;Superior;Instrumentação para ensino;2024/1;Rep. Falta;1;9.090 %
Campus Cachoeiro de Itapemirim;Licenciatura em Matemática;Superior;Instrumentação para ensino;2024/1;Aprovado;10;90.910 %
Campus Cachoeiro de Itapemirim;Licenciatura em Matemática;Superior;Instrumentação para ensino;2026/1;Rep. Falta;1;7.690 %
Campus Cachoeiro de Itapemirim;Licenciatura em Matemática;Superior;Instrumentação para ensino;2026/1;Aprovado;12;92.310 %
Campus Cachoeiro de Itapemirim;Licenciatura em Matemática;Superior;Instrumentação para ensino;2025/1;Rep. Falta;1;5.260 %
Campus Cachoeiro de Itapemirim;Licenciatura em Matemática;Superior;Instrumentação para ensino;2025/1;Aprovado;18;94.740 %
Campus Cachoeiro de Itapemirim;Licenciatura em Matemática;Superior;Estágio supervisionado I;2020/1;Aprovado;1;100.000 %
Campus Cachoeiro de Itapemirim;Licenciatura em Matemática;Superior;Estágio supervisionado I;2021/1;Aprovado;1;100.000 %
Campus Cachoeiro de Itapemirim;Licenciatura em Matemática;Superior;Álgebra I;2021/1;Reprovado;2;100.000 %
Campus Cachoeiro de Itapemirim;Licenciatura em Matemática;Superior;Álgebra I;2020/1;Reprovado;1;100.000 %
Campus Cachoeiro de Itapemirim;Licenciatura em Matemática;Superior;Cálculo numérico;2019/2;Aprovado;1;100.000 %
Campus Cachoeiro de Itapemirim;Licenciatura em Matemática;Superior;Cálculo numérico;2023/1;Aprovado;1;100.000 %
Campus Cachoeiro de Itapemirim;Licenciatura em Matemática;Superior;Teoria dos números;2024/2;Aprovado;2;100.000 %
Campus Cachoeiro de Itapemirim;Licenciatura em Matemática;Superior;Teoria dos números;2022/2;Rep. Falta;1;33.330 %
Campus Cachoeiro de Itapemirim;Licenciatura em Matemática;Superior;Teoria dos números;2022/2;Aprovado;2;66.670 %
Campus Cachoeiro de Itapemirim;Licenciatura em Matemática;Superior;Teoria dos números;2025/1;Aprovado;1;100.000 %
Campus Cachoeiro de Itapemirim;Licenciatura em Matemática;Superior;Teoria dos números;2025/2;Aprovado;14;100.000 %
Campus Cachoeiro de Itapemirim;Licenciatura em Matemática;Superior;Análise combinatória e probabilidade;2021/2;Aprovado;1;100.000 %
Campus Cachoeiro de Itapemirim;Licenciatura em Matemática;Superior;CTS - Ciência, tecnologia e sociedade;2022/2;Aprovado;1;100.000 %
Campus Cachoeiro de Itapemirim;Licenciatura em Matemática;Superior;Estágio supervisionado II;2021/2;Aprovado;1;100.000 %
Campus Cachoeiro de Itapemirim;Licenciatura em Matemática;Superior;Estágio supervisionado II;2020/2;Reprovado;1;100.000 %
Campus Cachoeiro de Itapemirim;Licenciatura em Matemática;Superior;Introdução à análise;2023/1;Aprovado;1;100.000 %
Campus Cachoeiro de Itapemirim;Licenciatura em Matemática;Superior;Introdução à análise;2025/1;Aprovado;3;100.000 %
Campus Cachoeiro de Itapemirim;Licenciatura em Matemática;Superior;Introdução à análise;2026/1;Reprovado;8;42.110 %
Campus Cachoeiro de Itapemirim;Licenciatura em Matemática;Superior;Introdução à análise;2026/1;Aprovado;11;57.890 %
Campus Cachoeiro de Itapemirim;Licenciatura em Matemática;Superior;Álgebra II;2023/1;Aprovado;1;100.000 %
Campus Cachoeiro de Itapemirim;Licenciatura em Matemática;Superior;Estatística;2022/1;Aprovado;1;100.000 %
Campus Cachoeiro de Itapemirim;Licenciatura em Matemática;Superior;Educação em direitos humanos;2022/1;Aprovado;1;100.000 %
Campus Cachoeiro de Itapemirim;Licenciatura em Matemática;Superior;Educação em direitos humanos;2021/1;Reprovado;1;100.000 %
Campus Cachoeiro de Itapemirim;Licenciatura em Matemática;Superior;Educação em direitos humanos;2019/1;Aprovado;1;100.000 %
Campus Cachoeiro de Itapemirim;Licenciatura em Matemática;Superior;Educação em direitos humanos;2023/2;Aprovado;1;100.000 %
Campus Cachoeiro de Itapemirim;Licenciatura em Matemática;Superior;Monografia I;2022/1;Aprovado;1;100.000 %
Campus Cachoeiro de Itapemirim;Licenciatura em Matemática;Superior;Estágio supervisionado III;2022/1;Aprovado;1;100.000 %
Campus Cachoeiro de Itapemirim;Licenciatura em Matemática;Superior;Filosofia da matemática;2020/2;Aprovado;1;100.000 %
Campus Cachoeiro de Itapemirim;Licenciatura em Matemática;Superior;Matemática financeira;2021/2;Aprovado;1;100.000 %
Campus Cachoeiro de Itapemirim;Licenciatura em Matemática;Superior;Libras;2022/2;Aprovado;1;100.000 %
Campus Cachoeiro de Itapemirim;Licenciatura em Matemática;Superior;Monografia II;2022/2;Reprovado;1;100.000 %
Campus Cachoeiro de Itapemirim;Licenciatura em Matemática;Superior;Monografia II;2023/2;Rep. Falta;1;100.000 %
Campus Cachoeiro de Itapemirim;Licenciatura em Matemática;Superior;Monografia II;2023/1;Rep. Falta;1;100.000 %
Campus Cachoeiro de Itapemirim;Licenciatura em Matemática;Superior;Monografia II;2024/1;Rep. Falta;1;100.000 %
Campus Cachoeiro de Itapemirim;Licenciatura em Matemática;Superior;Estágio supervisionado IV;2022/2;Aprovado;1;100.000 %
Campus Cachoeiro de Itapemirim;Licenciatura em Matemática;Superior;Leitura e produção de texto;2022/1;Aprovado;9;90.000 %
Campus Cachoeiro de Itapemirim;Licenciatura em Matemática;Superior;Leitura e produção de texto;2022/1;Aproveit. Disciplina;1;10.000 %
Campus Cachoeiro de Itapemirim;Licenciatura em Matemática;Superior;Leitura e produção de texto;2020/1;Aprovado;3;75.000 %
Campus Cachoeiro de Itapemirim;Licenciatura em Matemática;Superior;Leitura e produção de texto;2021/1;Reprovado;1;100.000 %
Campus Cachoeiro de Itapemirim;Licenciatura em Matemática;Superior;Leitura e produção de texto;2019/1;Aprovado;1;100.000 %
Campus Cachoeiro de Itapemirim;Licenciatura em Matemática;Superior;Leitura e produção de texto;2018/1;Aprovado;2;100.000 %
Campus Cachoeiro de Itapemirim;Licenciatura em Matemática;Superior;Leitura e produção de texto;2024/1;Aprovado;15;100.000 %
Campus Cachoeiro de Itapemirim;Licenciatura em Matemática;Superior;Leitura e produção de texto;2023/1;Aprovado;18;100.000 %
Campus Cachoeiro de Itapemirim;Licenciatura em Matemática;Superior;Leitura e produção de texto;2026/1;Aproveit. Disciplina;1;3.450 %
Campus Cachoeiro de Itapemirim;Licenciatura em Matemática;Superior;Leitura e produção de texto;2026/1;Rep. Falta;10;34.480 %
Campus Cachoeiro de Itapemirim;Licenciatura em Matemática;Superior;Leitura e produção de texto;2026/1;Aprovado;18;62.070 %
Campus Cachoeiro de Itapemirim;Licenciatura em Matemática;Superior;Leitura e produção de texto;2025/1;Aproveit. Disciplina;1;2.630 %
Campus Cachoeiro de Itapemirim;Licenciatura em Matemática;Superior;Leitura e produção de texto;2025/1;Aprovado;33;86.840 %
Campus Cachoeiro de Itapemirim;Licenciatura em Matemática;Superior;Leitura e produção de texto;2025/1;Rep. Falta;4;10.530 %
Campus Cachoeiro de Itapemirim;Licenciatura em Matemática;Superior;Resolução de problemas;2025/1;Aprovado;36;90.000 %
Campus Cachoeiro de Itapemirim;Licenciatura em Matemática;Superior;Resolução de problemas;2025/1;Rep. Falta;4;10.000 %
Campus Cachoeiro de Itapemirim;Licenciatura em Matemática;Superior;Resolução de problemas;2026/1;Rep. Falta;10;33.330 %
Campus Cachoeiro de Itapemirim;Licenciatura em Matemática;Superior;Resolução de problemas;2026/1;Aprovado;19;63.330 %
Campus Cachoeiro de Itapemirim;Licenciatura em Matemática;Superior;Resolução de problemas;2026/1;Aproveit. Disciplina;1;3.330 %
Campus Cachoeiro de Itapemirim;Licenciatura em Matemática;Superior;Resolução de problemas;2023/1;Aprovado;18;100.000 %
Campus Cachoeiro de Itapemirim;Licenciatura em Matemática;Superior;Resolução de problemas;2024/1;Aprovado;17;100.000 %
Campus Cachoeiro de Itapemirim;Licenciatura em Matemática;Superior;Resolução de problemas;2018/1;Aprovado;2;100.000 %
Campus Cachoeiro de Itapemirim;Licenciatura em Matemática;Superior;Resolução de problemas;2019/1;Aprovado;1;100.000 %
Campus Cachoeiro de Itapemirim;Licenciatura em Matemática;Superior;Resolução de problemas;2021/1;Reprovado;1;100.000 %
Campus Cachoeiro de Itapemirim;Licenciatura em Matemática;Superior;Resolução de problemas;2020/1;Aprovado;3;75.000 %
Campus Cachoeiro de Itapemirim;Licenciatura em Matemática;Superior;Resolução de problemas;2022/1;Aprovado;10;100.000 %
Campus Cachoeiro de Itapemirim;Licenciatura em Matemática;Superior;Tecnologias integradas à educação;2019/2;Aprovado;1;100.000 %
Campus Cachoeiro de Itapemirim;Licenciatura em Matemática;Superior;Tecnologias integradas à educação;2018/2;Aprovado;2;100.000 %
Campus Cachoeiro de Itapemirim;Licenciatura em Matemática;Superior;Prática de ensino (ensino fundamental);2018/2;Aprovado;2;100.000 %
Campus Cachoeiro de Itapemirim;Licenciatura em Matemática;Superior;Prática de ensino (ensino fundamental);2019/2;Aprovado;1;100.000 %
Campus Cachoeiro de Itapemirim;Licenciatura em Matemática;Superior;Psicologia da educação;2019/1;Rep. Falta;1;50.000 %
Campus Cachoeiro de Itapemirim;Licenciatura em Matemática;Superior;Psicologia da educação;2019/1;Aprovado;1;50.000 %
Campus Cachoeiro de Itapemirim;Licenciatura em Matemática;Superior;Psicologia da educação;2020/1;Aprovado;1;100.000 %
Campus Cachoeiro de Itapemirim;Licenciatura em Matemática;Superior;História da matemática;2020/1;Aprovado;1;100.000 %
Campus Cachoeiro de Itapemirim;Licenciatura em Matemática;Superior;História da matemática;2019/1;Aprovado;2;100.000 %
Campus Cachoeiro de Itapemirim;Licenciatura em Matemática;Superior;Prática de ensino (ensino médio);2019/2;Aprovado;2;100.000 %
Campus Cachoeiro de Itapemirim;Licenciatura em Matemática;Superior;Prática de ensino (ensino médio);2020/2;Aprovado;1;100.000 %
Campus Cachoeiro de Itapemirim;Licenciatura em Matemática;Superior;Política e organização da educação brasileira;2020/1;Aprovado;1;100.000 %
Campus Cachoeiro de Itapemirim;Licenciatura em Matemática;Superior;Política e organização da educação brasileira;2019/1;Rep. Falta;1;50.000 %
Campus Cachoeiro de Itapemirim;Licenciatura em Matemática;Superior;Política e organização da educação brasileira;2019/1;Aprovado;1;50.000 %
Campus Cachoeiro de Itapemirim;Licenciatura em Matemática;Superior;Bases sociofilosóficas da educação I;2019/2;Aprovado;2;100.000 %
Campus Cachoeiro de Itapemirim;Licenciatura em Matemática;Superior;Bases sociofilosóficas da educação I;2020/2;Reprovado;1;100.000 %
Campus Cachoeiro de Itapemirim;Licenciatura em Matemática;Superior;Didática geral;2020/2;Reprovado;1;50.000 %
Campus Cachoeiro de Itapemirim;Licenciatura em Matemática;Superior;Didática geral;2020/2;Aprovado;1;50.000 %
Campus Cachoeiro de Itapemirim;Licenciatura em Matemática;Superior;Didática geral;2019/2;Reprovado;1;50.000 %
Campus Cachoeiro de Itapemirim;Licenciatura em Matemática;Superior;Didática geral;2019/2;Aprovado;1;50.000 %
Campus Cachoeiro de Itapemirim;Licenciatura em Matemática;Superior;Bases sociofilosóficas da educação II;2020/2;Reprovado;1;100.000 %
Campus Cachoeiro de Itapemirim;Licenciatura em Matemática;Superior;Prática de ensino;2020/2;Aprovado;1;100.000 %
Campus Cachoeiro de Itapemirim;Licenciatura em Matemática;Superior;Antropologia da educação;2021/1;Reprovado;1;50.000 %
Campus Cachoeiro de Itapemirim;Licenciatura em Matemática;Superior;Antropologia da educação;2021/2;Aprovado;1;100.000 %
Campus Cachoeiro de Itapemirim;Licenciatura em Matemática;Superior;Educação de jovens e adultos;2022/1;Aprovado;2;100.000 %
Campus Cachoeiro de Itapemirim;Licenciatura em Matemática;Superior;Educação de jovens e adultos;2021/1;Reprovado;1;100.000 %
Campus Cachoeiro de Itapemirim;Licenciatura em Matemática;Superior;Tópicos especiais em matemática;2020/2;Aprovado;1;100.000 %
Campus Cachoeiro de Itapemirim;Licenciatura em Matemática;Superior;Metodologia de pesquisa;2020/2;Reprovado;1;100.000 %
Campus Cachoeiro de Itapemirim;Licenciatura em Matemática;Superior;Metodologia de pesquisa;2021/2;Aprovado;1;100.000 %
Campus Cachoeiro de Itapemirim;Licenciatura em Matemática;Superior;Metodologia de pesquisa;2022/2;Reprovado;1;100.000 %
Campus Cachoeiro de Itapemirim;Licenciatura em Matemática;Superior;Metodologia de pesquisa;2024/2;Rep. Falta;2;22.220 %
Campus Cachoeiro de Itapemirim;Licenciatura em Matemática;Superior;Metodologia de pesquisa;2024/2;Reprovado;1;11.110 %
Campus Cachoeiro de Itapemirim;Licenciatura em Matemática;Superior;Metodologia de pesquisa;2024/2;Aprovado;6;66.670 %
Campus Cachoeiro de Itapemirim;Licenciatura em Matemática;Superior;Metodologia de pesquisa;2023/2;Reprovado;1;100.000 %
Campus Cachoeiro de Itapemirim;Licenciatura em Matemática;Superior;Metodologia de pesquisa;2025/2;Rep. Falta;2;10.000 %
Campus Cachoeiro de Itapemirim;Licenciatura em Matemática;Superior;Metodologia de pesquisa;2025/2;Aprovado;17;85.000 %
Campus Cachoeiro de Itapemirim;Licenciatura em Matemática;Superior;Metodologia de pesquisa;2025/2;Reprovado;1;5.000 %
Campus Cachoeiro de Itapemirim;Licenciatura em Informática;Superior;Leitura e produção de texto;2018/1;Aprovado;1;100.000 %
Campus Cachoeiro de Itapemirim;Licenciatura em Informática;Superior;Metodologia de pesquisa;2018/2;Aprovado;1;100.000 %
Campus Cachoeiro de Itapemirim;Licenciatura em Informática;Superior;Aspectos legais e sociais da informática;2021/2;Aprovado;1;100.000 %
Campus Cachoeiro de Itapemirim;Licenciatura em Informática;Superior;Libras;2021/2;Aprovado;1;100.000 %
Campus Cachoeiro de Itapemirim;Licenciatura em Informática;Superior;Libras;2024/2;Reprovado;6;33.330 %
Campus Cachoeiro de Itapemirim;Licenciatura em Informática;Superior;Libras;2024/2;Aprovado;11;61.110 %
Campus Cachoeiro de Itapemirim;Licenciatura em Informática;Superior;Psicologia da educação;2020/1;Aprovado;1;100.000 %
Campus Cachoeiro de Itapemirim;Licenciatura em Informática;Superior;Metodologia de aprendizagem em EaD;2017/2;Aprovado;1;100.000 %
Campus Cachoeiro de Itapemirim;Licenciatura em Informática;Superior;Lógica matemática;2018/1;Aprovado;1;100.000 %
Campus Cachoeiro de Itapemirim;Licenciatura em Informática;Superior;Fundamentos de sistemas de informação;2018/1;Aprovado;1;100.000 %
Campus Cachoeiro de Itapemirim;Licenciatura em Informática;Superior;Probabilidade e estatística;2019/2;Aprovado;1;100.000 %
Campus Cachoeiro de Itapemirim;Licenciatura em Informática;Superior;Redes de computadores;2019/1;Aprovado;1;100.000 %
Campus Cachoeiro de Itapemirim;Licenciatura em Informática;Superior;Sistemas multimídia;2020/1;Aprovado;1;100.000 %
Campus Cachoeiro de Itapemirim;Licenciatura em Informática;Superior;Engenharia de software;2021/1;Aprovado;1;100.000 %
Campus Cachoeiro de Itapemirim;Licenciatura em Informática;Superior;Estágio supervisionado I;2020/1;Aprovado;1;100.000 %
Campus Cachoeiro de Itapemirim;Licenciatura em Informática;Superior;Interface usuário-máquina;2020/2;Aprovado;1;100.000 %
Campus Cachoeiro de Itapemirim;Licenciatura em Informática;Superior;Estágio supervisionado II;2020/2;Aprovado;1;100.000 %
Campus Cachoeiro de Itapemirim;Licenciatura em Informática;Superior;Laboratório de linguagem de programação;2020/2;Aprovado;1;100.000 %
Campus Cachoeiro de Itapemirim;Licenciatura em Informática;Superior;Programação web;2021/1;Aprovado;1;100.000 %
Campus Cachoeiro de Itapemirim;Licenciatura em Informática;Superior;Estágio supervisionado III;2021/1;Aprovado;1;100.000 %
Campus Cachoeiro de Itapemirim;Licenciatura em Informática;Superior;Estágio supervisionado IV;2021/2;Aprovado;1;100.000 %
Campus Cachoeiro de Itapemirim;Licenciatura em Informática;Superior;Inglês instrumental;2018/1;Aprovado;1;100.000 %
Campus Cachoeiro de Itapemirim;Licenciatura em Informática;Superior;Organização e arquitetura de computadores;2018/1;Aprovado;1;100.000 %
Campus Cachoeiro de Itapemirim;Licenciatura em Informática;Superior;Introdução à informática;2018/1;Aprovado;1;100.000 %
Campus Cachoeiro de Itapemirim;Licenciatura em Informática;Superior;Matemática discreta;2018/2;Aprovado;1;100.000 %
Campus Cachoeiro de Itapemirim;Licenciatura em Informática;Superior;Algoritmos;2018/2;Aprovado;1;100.000 %
Campus Cachoeiro de Itapemirim;Licenciatura em Informática;Superior;Sistemas operacionais;2018/2;Aprovado;1;100.000 %
Campus Cachoeiro de Itapemirim;Licenciatura em Informática;Superior;Sistemas operacionais;2025/2;Aprovado;1;100.000 %
Campus Cachoeiro de Itapemirim;Licenciatura em Informática;Superior;Laboratório de montagem e manutenção;2018/2;Aprovado;1;100.000 %
Campus Cachoeiro de Itapemirim;Licenciatura em Informática;Superior;História da educação;2018/2;Aprovado;1;100.000 %
Campus Cachoeiro de Itapemirim;Licenciatura em Informática;Superior;Álgebra Linear;2019/1;Aprovado;1;100.000 %
Campus Cachoeiro de Itapemirim;Licenciatura em Informática;Superior;Linguagem de programação I;2019/1;Aprovado;1;100.000 %
Campus Cachoeiro de Itapemirim;Licenciatura em Informática;Superior;Linguagem de programação II;2020/1;Aprovado;1;100.000 %
Campus Cachoeiro de Itapemirim;Licenciatura em Informática;Superior;Banco de dados I;2019/1;Aprovado;1;100.000 %
Campus Cachoeiro de Itapemirim;Licenciatura em Informática;Superior;Banco de dados I;2025/2;Aprovado;26;92.860 %
Campus Cachoeiro de Itapemirim;Licenciatura em Informática;Superior;Banco de dados I;2025/2;Reprovado;2;7.140 %
Campus Cachoeiro de Itapemirim;Licenciatura em Informática;Superior;Banco de dados II;2019/2;Aprovado;1;100.000 %
Campus Cachoeiro de Itapemirim;Licenciatura em Informática;Superior;Bases filosóficas da educação;2019/1;Aprovado;1;100.000 %
Campus Cachoeiro de Itapemirim;Licenciatura em Informática;Superior;Bases sociológicas da educação;2019/1;Aprovado;1;100.000 %
Campus Cachoeiro de Itapemirim;Licenciatura em Informática;Superior;Política e organização da educação básica;2019/1;Aprovado;1;100.000 %
Campus Cachoeiro de Itapemirim;Licenciatura em Informática;Superior;Técnicas de programação;2019/2;Reprovado;1;100.000 %
Campus Cachoeiro de Itapemirim;Licenciatura em Informática;Superior;Técnicas de programação;2020/1;Aprovado;1;100.000 %
Campus Cachoeiro de Itapemirim;Licenciatura em Informática;Superior;Tecnologias integradas à educação;2019/2;Aprovado;1;100.000 %
Campus Cachoeiro de Itapemirim;Licenciatura em Informática;Superior;Gestão do trabalho escolar;2019/2;Aprovado;1;100.000 %
Campus Cachoeiro de Itapemirim;Licenciatura em Informática;Superior;Didática geral;2019/2;Aprovado;1;100.000 %
Campus Cachoeiro de Itapemirim;Licenciatura em Informática;Superior;Análise de sistemas;2020/1;Aprovado;1;100.000 %
Campus Cachoeiro de Itapemirim;Licenciatura em Informática;Superior;Didática e avaliação da aprendizagem;2020/1;Aprovado;1;100.000 %
Campus Cachoeiro de Itapemirim;Licenciatura em Informática;Superior;Projeto de sistemas;2020/2;Aprovado;1;100.000 %
Campus Cachoeiro de Itapemirim;Licenciatura em Informática;Superior;Instrumentação para ensino;2020/2;Aprovado;1;100.000 %
Campus Cachoeiro de Itapemirim;Licenciatura em Informática;Superior;Práticas de ensino;2020/2;Aprovado;1;100.000 %
Campus Cachoeiro de Itapemirim;Licenciatura em Informática;Superior;Trabalho e educação;2020/2;Aprovado;1;100.000 %
Campus Cachoeiro de Itapemirim;Licenciatura em Informática;Superior;Gerência de projetos de software;2021/1;Aprovado;1;100.000 %
Campus Cachoeiro de Itapemirim;Licenciatura em Informática;Superior;Educação de jovens e adultos;2021/1;Aprovado;1;100.000 %
Campus Cachoeiro de Itapemirim;Licenciatura em Informática;Superior;Educação especial;2021/1;Aprovado;1;100.000 %
Campus Cachoeiro de Itapemirim;Licenciatura em Informática;Superior;Diversidade e educação;2021/2;Reprovado;1;100.000 %
Campus Cachoeiro de Itapemirim;Licenciatura em Informática;Superior;Diversidade e educação;2022/2;Aprovado;1;100.000 %
Campus Cachoeiro de Itapemirim;Licenciatura em Informática;Superior;Tópicos especiais em jogos digitais;2021/2;Reprovado;1;100.000 %
Campus Cachoeiro de Itapemirim;Licenciatura em Informática;Superior;Tópicos especiais em banco de dados;2021/1;Aprovado;1;100.000 %
Campus Cachoeiro de Itapemirim;Licenciatura em Informática;Superior;Tópicos especiais em desenvolvimento de sistemas;2021/2;Aprovado;1;100.000 %
Campus Cachoeiro de Itapemirim;Licenciatura em Informática;Superior;Tópicos especiais em hardware;2021/1;Reprovado;1;100.000 %
Campus Cachoeiro de Itapemirim;Licenciatura em Informática;Superior;Tópicos especiais em inteligência artificial;2022/2;Reprovado;1;100.000 %
Campus Cachoeiro de Itapemirim;Licenciatura em Informática;Superior;Tópicos especiais em material didático digital;2021/2;Aprovado;1;100.000 %
Campus Cachoeiro de Itapemirim;Licenciatura em Informática;Superior;Tópicos especiais em mineração de dados;2025/1;Aprovado;1;100.000 %
Campus Cachoeiro de Itapemirim;Licenciatura em Informática;Superior;Tópicos especiais em redes de comunicação;2022/1;Aprovado;1;100.000 %
Campus Cachoeiro de Itapemirim;Licenciatura em Informática;Superior;Trabalho de conclusão final I;2021/1;Aprovado;1;100.000 %
Campus Cachoeiro de Itapemirim;Licenciatura em Informática;Superior;Trabalho de conclusão final II;2021/2;Aprovado;1;100.000 %
Campus Cachoeiro de Itapemirim;Engenharia Mecânica;Superior;Comandos elétricos industriais;2026/1;Aprovado;4;100.000 %
Campus Cachoeiro de Itapemirim;Engenharia Mecânica;Superior;Introdução a elementos finitos;2025/2;Aprovado;1;33.330 %
Campus Cachoeiro de Itapemirim;Engenharia Mecânica;Superior;Introdução a elementos finitos;2025/2;Rep. Falta;1;33.330 %
Campus Cachoeiro de Itapemirim;Engenharia Mecânica;Superior;Introdução a elementos finitos;2025/1;Rep. Falta;1;33.330 %
Campus Cachoeiro de Itapemirim;Engenharia Mecânica;Superior;Introdução a elementos finitos;2025/1;Aprovado;2;66.670 %
Campus Cachoeiro de Itapemirim;Engenharia Mecânica;Superior;Introdução a elementos finitos;2024/2;Aprovado;1;100.000 %
Campus Cachoeiro de Itapemirim;Engenharia Mecânica;Superior;Tópicos especiais em formação complementar;2025/2;Aprovado;1;100.000 %
Campus Cachoeiro de Itapemirim;Engenharia Mecânica;Superior;Tópicos especiais em formação complementar;2024/2;Aprovado;3;100.000 %
Campus Cachoeiro de Itapemirim;Engenharia Mecânica;Superior;Tópicos especiais em formação complementar;2023/2;Aprovado;1;100.000 %
Campus Cachoeiro de Itapemirim;Engenharia Mecânica;Superior;Cálculo I;2024/2;Reprovado;2;22.220 %
Campus Cachoeiro de Itapemirim;Engenharia Mecânica;Superior;Cálculo I;2024/2;Aprovado;7;77.780 %
Campus Cachoeiro de Itapemirim;Engenharia Mecânica;Superior;Cálculo I;2024/1;Rep. Falta;1;4.170 %
Campus Cachoeiro de Itapemirim;Engenharia Mecânica;Superior;Cálculo I;2024/1;Reprovado;11;45.830 %
Campus Cachoeiro de Itapemirim;Engenharia Mecânica;Superior;Cálculo I;2024/1;Aprovado;12;50.000 %
Campus Cachoeiro de Itapemirim;Engenharia Mecânica;Superior;Cálculo I;2023/1;Aprovado;4;22.220 %
Campus Cachoeiro de Itapemirim;Engenharia Mecânica;Superior;Cálculo I;2023/1;Reprovado;14;77.780 %
Campus Cachoeiro de Itapemirim;Engenharia Mecânica;Superior;Cálculo I;2023/2;Reprovado;10;66.670 %
Campus Cachoeiro de Itapemirim;Engenharia Mecânica;Superior;Cálculo I;2023/2;Aprovado;4;26.670 %
Campus Cachoeiro de Itapemirim;Engenharia Mecânica;Superior;Cálculo I;2022/2;Aprovado;5;55.560 %
Campus Cachoeiro de Itapemirim;Engenharia Mecânica;Superior;Cálculo I;2022/2;Rep. Falta;1;11.110 %
Campus Cachoeiro de Itapemirim;Engenharia Mecânica;Superior;Cálculo I;2022/2;Reprovado;3;33.330 %
Campus Cachoeiro de Itapemirim;Engenharia Mecânica;Superior;Cálculo I;2022/1;Aproveit. Disciplina;1;7.140 %
Campus Cachoeiro de Itapemirim;Engenharia Mecânica;Superior;Cálculo I;2022/1;Reprovado;9;64.290 %
Campus Cachoeiro de Itapemirim;Engenharia Mecânica;Superior;Cálculo I;2022/1;Aprovado;4;28.570 %
Campus Cachoeiro de Itapemirim;Engenharia Mecânica;Superior;Cálculo I;2021/2;Reprovado;1;33.330 %
Campus Cachoeiro de Itapemirim;Engenharia Mecânica;Superior;Cálculo I;2021/2;Aprovado;2;66.670 %
Campus Cachoeiro de Itapemirim;Engenharia Mecânica;Superior;Cálculo I;2021/1;Aprovado;3;60.000 %
Campus Cachoeiro de Itapemirim;Engenharia Mecânica;Superior;Cálculo I;2021/1;Reprovado;2;40.000 %
Campus Cachoeiro de Itapemirim;Engenharia Mecânica;Superior;Cálculo I;2020/1;Aprovado;6;100.000 %
Campus Cachoeiro de Itapemirim;Engenharia Mecânica;Superior;Corrosão;2023/1;Aprovado;3;100.000 %
Campus Cachoeiro de Itapemirim;Engenharia Mecânica;Superior;Introdução à tribologia;2023/1;Aprovado;2;100.000 %
Campus Cachoeiro de Itapemirim;Engenharia Mecânica;Superior;Vasos de pressão;2024/2;Aprovado;1;100.000 %
Campus Cachoeiro de Itapemirim;Engenharia Mecânica;Superior;Vasos de pressão;2025/2;Aprovado;5;100.000 %
Campus Cachoeiro de Itapemirim;Engenharia Mecânica;Superior;Vasos de pressão;2025/1;Aprovado;1;100.000 %
Campus Cachoeiro de Itapemirim;Engenharia Mecânica;Superior;Desgaste abrasivo por partículas duras;2024/2;Reprovado;1;100.000 %
Campus Cachoeiro de Itapemirim;Engenharia Mecânica;Superior;Desgaste abrasivo por partículas duras;2023/2;Aprovado;3;100.000 %
Campus Cachoeiro de Itapemirim;Engenharia Mecânica;Superior;Tópicos especiais em fluidos e engenharia térmica;2025/2;Aprovado;2;100.000 %
Campus Cachoeiro de Itapemirim;Engenharia Mecânica;Superior;Tópicos especiais em fluidos e engenharia térmica;2022/2;Aprovado;1;100.000 %
Campus Cachoeiro de Itapemirim;Engenharia Mecânica;Superior;Tópicos especiais em fluidos e engenharia térmica;2023/2;Aprovado;2;100.000 %
Campus Cachoeiro de Itapemirim;Engenharia Mecânica;Superior;Tubulações industriais;2024/1;Aprovado;1;100.000 %
Campus Cachoeiro de Itapemirim;Engenharia Mecânica;Superior;Tubulações industriais;2025/1;Aprovado;6;100.000 %
Campus Cachoeiro de Itapemirim;Engenharia Mecânica;Superior;Tubulações industriais;2026/1;Rep. Falta;1;20.000 %
Campus Cachoeiro de Itapemirim;Engenharia Mecânica;Superior;Tubulações industriais;2026/1;Aprovado;4;80.000 %
Campus Cachoeiro de Itapemirim;Engenharia Mecânica;Superior;Algoritmos e Estrutura de Dados;2026/1;Rep. Falta;5;16.670 %
Campus Cachoeiro de Itapemirim;Engenharia Mecânica;Superior;Algoritmos e Estrutura de Dados;2026/1;Aprovado;11;36.670 %
Campus Cachoeiro de Itapemirim;Engenharia Mecânica;Superior;Algoritmos e Estrutura de Dados;2025/1;Reprovado;3;12.000 %
Campus Cachoeiro de Itapemirim;Engenharia Mecânica;Superior;Algoritmos e Estrutura de Dados;2025/1;Aproveit. Disciplina;1;4.000 %
Campus Cachoeiro de Itapemirim;Engenharia Mecânica;Superior;Algoritmos e Estrutura de Dados;2025/1;Aprovado;21;84.000 %
Campus Cachoeiro de Itapemirim;Engenharia Mecânica;Superior;Ciência dos materiais;2025/1;Aprovado;14;56.000 %
Campus Cachoeiro de Itapemirim;Engenharia Mecânica;Superior;Ciência dos materiais;2025/1;Reprovado;11;44.000 %
Campus Cachoeiro de Itapemirim;Engenharia Mecânica;Superior;Ciência dos materiais;2026/1;Reprovado;15;53.570 %
Campus Cachoeiro de Itapemirim;Engenharia Mecânica;Superior;Ciência dos materiais;2026/1;Rep. Falta;6;21.430 %
Campus Cachoeiro de Itapemirim;Engenharia Mecânica;Superior;Ciência dos materiais;2026/1;Aprovado;7;25.000 %
Campus Cachoeiro de Itapemirim;Engenharia Mecânica;Superior;Desenho mecânico I;2026/1;Rep. Falta;5;33.330 %
Campus Cachoeiro de Itapemirim;Engenharia Mecânica;Superior;Desenho mecânico I;2026/1;Rep. Falta;4;21.050 %
Campus Cachoeiro de Itapemirim;Engenharia Mecânica;Superior;Desenho mecânico I;2026/1;Aprovado;8;53.330 %
Campus Cachoeiro de Itapemirim;Engenharia Mecânica;Superior;Desenho mecânico I;2026/1;Aprovado;12;63.160 %
Campus Cachoeiro de Itapemirim;Engenharia Mecânica;Superior;Desenho mecânico I;2026/1;Reprovado;2;13.330 %
Campus Cachoeiro de Itapemirim;Engenharia Mecânica;Superior;Desenho mecânico I;2026/1;Reprovado;1;5.260 %
Campus Cachoeiro de Itapemirim;Engenharia Mecânica;Superior;Desenho mecânico I;2025/1;Aprovado;8;80.000 %
Campus Cachoeiro de Itapemirim;Engenharia Mecânica;Superior;Desenho mecânico I;2025/1;Aprovado;15;88.240 %
Campus Cachoeiro de Itapemirim;Engenharia Mecânica;Superior;Desenho mecânico I;2025/1;Reprovado;2;11.760 %
Campus Cachoeiro de Itapemirim;Engenharia Mecânica;Superior;Introdução à administração;2025/1;Aprovado;25;100.000 %
Campus Cachoeiro de Itapemirim;Engenharia Mecânica;Superior;Introdução à administração;2026/1;Aprovado;17;60.710 %
Campus Cachoeiro de Itapemirim;Engenharia Mecânica;Superior;Introdução à engenharia mecânica;2026/1;Rep. Falta;7;25.000 %
Campus Cachoeiro de Itapemirim;Engenharia Mecânica;Superior;Introdução à engenharia mecânica;2026/1;Aprovado;21;75.000 %
Campus Cachoeiro de Itapemirim;Engenharia Mecânica;Superior;Introdução à engenharia mecânica;2025/1;Aprovado;25;100.000 %
Campus Cachoeiro de Itapemirim;Engenharia Mecânica;Superior;Pré-cálculo;2025/1;Aprovado;20;80.000 %
Campus Cachoeiro de Itapemirim;Engenharia Mecânica;Superior;Pré-cálculo;2025/1;Reprovado;5;20.000 %
Campus Cachoeiro de Itapemirim;Engenharia Mecânica;Superior;Pré-cálculo;2026/1;Aprovado;13;36.110 %
Campus Cachoeiro de Itapemirim;Engenharia Mecânica;Superior;Pré-cálculo;2026/1;Reprovado;23;63.890 %
Campus Cachoeiro de Itapemirim;Engenharia Mecânica;Superior;Química geral e experimental;2026/1;Reprovado;9;32.140 %
Campus Cachoeiro de Itapemirim;Engenharia Mecânica;Superior;Química geral e experimental;2026/1;Rep. Falta;4;14.290 %
Campus Cachoeiro de Itapemirim;Engenharia Mecânica;Superior;Química geral e experimental;2026/1;Aprovado;14;50.000 %
Campus Cachoeiro de Itapemirim;Engenharia Mecânica;Superior;Química geral e experimental;2025/1;Reprovado;5;20.000 %
Campus Cachoeiro de Itapemirim;Engenharia Mecânica;Superior;Química geral e experimental;2025/1;Aprovado;20;80.000 %
Campus Cachoeiro de Itapemirim;Engenharia Mecânica;Superior;Álgebra Linear;2025/2;Reprovado;23;74.190 %
Campus Cachoeiro de Itapemirim;Engenharia Mecânica;Superior;Álgebra Linear;2025/2;Aprovado;8;25.810 %
Campus Cachoeiro de Itapemirim;Engenharia Mecânica;Superior;Cálculo I;2025/2;Aprovado;6;20.690 %
Campus Cachoeiro de Itapemirim;Engenharia Mecânica;Superior;Cálculo I;2025/2;Reprovado;23;79.310 %
Campus Cachoeiro de Itapemirim;Engenharia Mecânica;Superior;Cálculo I;2026/1;Aprovado;8;44.440 %
Campus Cachoeiro de Itapemirim;Engenharia Mecânica;Superior;Cálculo I;2026/1;Reprovado;7;38.890 %
Campus Cachoeiro de Itapemirim;Engenharia Mecânica;Superior;Cálculo I;2026/1;Rep. Falta;3;16.670 %
Campus Cachoeiro de Itapemirim;Engenharia Mecânica;Superior;Desenho mecânico II;2025/2;Rep. Falta;1;6.670 %
Campus Cachoeiro de Itapemirim;Engenharia Mecânica;Superior;Desenho mecânico II;2025/2;Aprovado;14;77.780 %
Campus Cachoeiro de Itapemirim;Engenharia Mecânica;Superior;Desenho mecânico II;2025/2;Aprovado;8;53.330 %
Campus Cachoeiro de Itapemirim;Engenharia Mecânica;Superior;Física I;2025/2;Aprovado;8;34.780 %
Campus Cachoeiro de Itapemirim;Engenharia Mecânica;Superior;Física I;2025/2;Rep. Falta;5;21.740 %
Campus Cachoeiro de Itapemirim;Engenharia Mecânica;Superior;Física I;2025/2;Reprovado;10;43.480 %
Campus Cachoeiro de Itapemirim;Engenharia Mecânica;Superior;Física I;2026/1;Rep. Falta;1;10.000 %
Campus Cachoeiro de Itapemirim;Engenharia Mecânica;Superior;Física I;2026/1;Reprovado;1;10.000 %
Campus Cachoeiro de Itapemirim;Engenharia Mecânica;Superior;Física I;2026/1;Aprovado;8;80.000 %
Campus Cachoeiro de Itapemirim;Engenharia Mecânica;Superior;Física I;2025/1;Aprovado;4;57.140 %
Campus Cachoeiro de Itapemirim;Engenharia Mecânica;Superior;Física I;2025/1;Rep. Falta;3;42.860 %
Campus Cachoeiro de Itapemirim;Engenharia Mecânica;Superior;Linguagem de programação;2025/2;Reprovado;4;16.670 %
Campus Cachoeiro de Itapemirim;Engenharia Mecânica;Superior;Linguagem de programação;2025/2;Aprovado;20;83.330 %
Campus Cachoeiro de Itapemirim;Engenharia Mecânica;Superior;Cálculo II;2026/1;Reprovado;2;13.330 %
Campus Cachoeiro de Itapemirim;Engenharia Mecânica;Superior;Cálculo II;2026/1;Aprovado;5;33.330 %
Campus Cachoeiro de Itapemirim;Engenharia Mecânica;Superior;Ciências do ambiente;2026/1;Aprovado;21;95.450 %
Campus Cachoeiro de Itapemirim;Engenharia Mecânica;Superior;Ensaios dos materiais;2026/1;Aprovado;24;96.000 %
Campus Cachoeiro de Itapemirim;Engenharia Mecânica;Superior;Ensaios dos materiais;2026/1;Rep. Falta;1;4.000 %
Campus Cachoeiro de Itapemirim;Engenharia Mecânica;Superior;Equações diferenciais ordinárias;2026/1;Reprovado;10;66.670 %
Campus Cachoeiro de Itapemirim;Engenharia Mecânica;Superior;Equações diferenciais ordinárias;2026/1;Aprovado;5;33.330 %
Campus Cachoeiro de Itapemirim;Engenharia Mecânica;Superior;Probabilidade e estatística;2026/1;Aprovado;19;86.360 %
Campus Cachoeiro de Itapemirim;Engenharia Mecânica;Superior;Probabilidade e estatística;2026/1;Rep. Falta;2;9.090 %
Campus Cachoeiro de Itapemirim;Engenharia Mecânica;Superior;Materiais de construção mecânica I;2026/1;Reprovado;6;35.290 %
Campus Cachoeiro de Itapemirim;Engenharia Mecânica;Superior;Materiais de construção mecânica I;2026/1;Rep. Falta;1;5.880 %
Campus Cachoeiro de Itapemirim;Engenharia Mecânica;Superior;Materiais de construção mecânica I;2026/1;Aprovado;10;58.820 %
Campus Cachoeiro de Itapemirim;Engenharia Mecânica;Superior;Cálculo numérico;2026/1;Aprovado;4;100.000 %
Campus Cachoeiro de Itapemirim;Engenharia Mecânica;Superior;Controle dimensional;2026/1;Rep. Falta;1;4.550 %
Campus Cachoeiro de Itapemirim;Engenharia Mecânica;Superior;Controle dimensional;2026/1;Aprovado;21;95.450 %
Campus Cachoeiro de Itapemirim;Engenharia Mecânica;Superior;Sociologia e cidadania;2026/1;Rep. Falta;1;4.000 %
Campus Cachoeiro de Itapemirim;Engenharia Mecânica;Superior;Sociologia e cidadania;2026/1;Aprovado;24;96.000 %
Campus Cachoeiro de Itapemirim;Engenharia Mecânica;Superior;Ergonomia;2023/2;Aprovado;1;100.000 %
Campus Cachoeiro de Itapemirim;Engenharia Mecânica;Superior;Fontes alternativas de energia;2024/1;Rep. Falta;1;50.000 %
Campus Cachoeiro de Itapemirim;Engenharia Mecânica;Superior;Fontes alternativas de energia;2024/1;Aprovado;1;50.000 %
Campus Cachoeiro de Itapemirim;Engenharia Mecânica;Superior;Fontes alternativas de energia;2025/1;Aprovado;6;100.000 %
Campus Cachoeiro de Itapemirim;Engenharia Mecânica;Superior;Fontes alternativas de energia;2026/1;Aprovado;6;75.000 %
Campus Cachoeiro de Itapemirim;Engenharia Mecânica;Superior;Fontes alternativas de energia;2026/1;Reprovado;2;25.000 %
Campus Cachoeiro de Itapemirim;Engenharia Mecânica;Superior;Cálculo I;2019/2;Aprovado;1;33.330 %
Campus Cachoeiro de Itapemirim;Engenharia Mecânica;Superior;Cálculo I;2019/2;Reprovado;1;33.330 %
Campus Cachoeiro de Itapemirim;Engenharia Mecânica;Superior;Cálculo I;2019/2;Rep. Falta;1;33.330 %
Campus Cachoeiro de Itapemirim;Engenharia Mecânica;Superior;Cálculo I;2019/1;Reprovado;2;66.670 %
Campus Cachoeiro de Itapemirim;Engenharia Mecânica;Superior;Cálculo I;2019/1;Aprovado;1;33.330 %
Campus Cachoeiro de Itapemirim;Engenharia Mecânica;Superior;Expressão gráfica;2019/1;Aprovado;1;100.000 %
Campus Cachoeiro de Itapemirim;Engenharia Mecânica;Superior;Expressão gráfica;2019/1;Rep. Falta;1;50.000 %
Campus Cachoeiro de Itapemirim;Engenharia Mecânica;Superior;Expressão gráfica;2019/1;Aprovado;1;50.000 %
Campus Cachoeiro de Itapemirim;Engenharia Mecânica;Superior;Expressão gráfica;2018/1;Aprovado;1;100.000 %
Campus Cachoeiro de Itapemirim;Engenharia Mecânica;Superior;Expressão gráfica;2021/1;Aprovado;2;100.000 %
Campus Cachoeiro de Itapemirim;Engenharia Mecânica;Superior;Expressão gráfica;2021/1;Aprovado;1;50.000 %
Campus Cachoeiro de Itapemirim;Engenharia Mecânica;Superior;Expressão gráfica;2021/1;Reprovado;1;50.000 %
Campus Cachoeiro de Itapemirim;Engenharia Mecânica;Superior;Expressão gráfica;2021/2;Aprovado;1;25.000 %
Campus Cachoeiro de Itapemirim;Engenharia Mecânica;Superior;Expressão gráfica;2021/2;Reprovado;1;100.000 %
Campus Cachoeiro de Itapemirim;Engenharia Mecânica;Superior;Expressão gráfica;2021/2;Reprovado;3;75.000 %
Campus Cachoeiro de Itapemirim;Engenharia Mecânica;Superior;Expressão gráfica;2022/1;Aprovado;6;100.000 %
Campus Cachoeiro de Itapemirim;Engenharia Mecânica;Superior;Expressão gráfica;2022/1;Aprovado;8;88.890 %
Campus Cachoeiro de Itapemirim;Engenharia Mecânica;Superior;Expressão gráfica;2022/1;Rep. Falta;1;11.110 %
Campus Cachoeiro de Itapemirim;Engenharia Mecânica;Superior;Expressão gráfica;2024/1;Aprovado;8;72.730 %
Campus Cachoeiro de Itapemirim;Engenharia Mecânica;Superior;Expressão gráfica;2024/1;Aprovado;10;90.910 %
Campus Cachoeiro de Itapemirim;Engenharia Mecânica;Superior;Expressão gráfica;2024/1;Rep. Falta;3;27.270 %
Campus Cachoeiro de Itapemirim;Engenharia Mecânica;Superior;Expressão gráfica;2024/1;Aproveit. Disciplina;1;9.090 %
Campus Cachoeiro de Itapemirim;Engenharia Mecânica;Superior;Expressão gráfica;2023/1;Aprovado;8;100.000 %
Campus Cachoeiro de Itapemirim;Engenharia Mecânica;Superior;Expressão gráfica;2023/1;Aprovado;8;80.000 %
Campus Cachoeiro de Itapemirim;Engenharia Mecânica;Superior;Expressão gráfica;2023/1;Rep. Falta;1;10.000 %
Campus Cachoeiro de Itapemirim;Engenharia Mecânica;Superior;Expressão gráfica;2023/1;Reprovado;1;10.000 %
Campus Cachoeiro de Itapemirim;Engenharia Mecânica;Superior;Química geral e experimental;2023/1;Reprovado;3;20.000 %
Campus Cachoeiro de Itapemirim;Engenharia Mecânica;Superior;Química geral e experimental;2023/1;Aprovado;12;80.000 %
Campus Cachoeiro de Itapemirim;Engenharia Mecânica;Superior;Química geral e experimental;2024/1;Reprovado;6;31.580 %
Campus Cachoeiro de Itapemirim;Engenharia Mecânica;Superior;Química geral e experimental;2024/1;Rep. Falta;2;10.530 %
Campus Cachoeiro de Itapemirim;Engenharia Mecânica;Superior;Química geral e experimental;2024/1;Aprovado;11;57.890 %
Campus Cachoeiro de Itapemirim;Engenharia Mecânica;Superior;Química geral e experimental;2022/1;Aproveit. Disciplina;1;7.140 %
Campus Cachoeiro de Itapemirim;Engenharia Mecânica;Superior;Química geral e experimental;2022/1;Aprovado;7;50.000 %
Campus Cachoeiro de Itapemirim;Engenharia Mecânica;Superior;Química geral e experimental;2022/1;Reprovado;6;42.860 %
Campus Cachoeiro de Itapemirim;Engenharia Mecânica;Superior;Química geral e experimental;2021/1;Aprovado;4;80.000 %
Campus Cachoeiro de Itapemirim;Engenharia Mecânica;Superior;Química geral e experimental;2021/1;Reprovado;1;20.000 %
Campus Cachoeiro de Itapemirim;Engenharia Mecânica;Superior;Química geral e experimental;2020/1;Aprovado;5;100.000 %
Campus Cachoeiro de Itapemirim;Engenharia Mecânica;Superior;Química geral e experimental;2018/1;Aprovado;2;100.000 %
Campus Cachoeiro de Itapemirim;Engenharia Mecânica;Superior;Química geral e experimental;2019/1;Reprovado;2;66.670 %
Campus Cachoeiro de Itapemirim;Engenharia Mecânica;Superior;Química geral e experimental;2019/1;Aprovado;1;33.330 %
Campus Cachoeiro de Itapemirim;Engenharia Mecânica;Superior;Geometria analítica;2019/1;Reprovado;2;50.000 %
Campus Cachoeiro de Itapemirim;Engenharia Mecânica;Superior;Geometria analítica;2019/1;Aprovado;2;50.000 %
Campus Cachoeiro de Itapemirim;Engenharia Mecânica;Superior;Geometria analítica;2019/2;Rep. Falta;2;100.000 %
Campus Cachoeiro de Itapemirim;Engenharia Mecânica;Superior;Geometria analítica;2020/1;Aprovado;6;85.710 %
Campus Cachoeiro de Itapemirim;Engenharia Mecânica;Superior;Geometria analítica;2020/1;Reprovado;1;14.290 %
Campus Cachoeiro de Itapemirim;Engenharia Mecânica;Superior;Geometria analítica;2021/1;Aprovado;4;80.000 %
Campus Cachoeiro de Itapemirim;Engenharia Mecânica;Superior;Geometria analítica;2021/1;Reprovado;1;20.000 %
Campus Cachoeiro de Itapemirim;Engenharia Mecânica;Superior;Geometria analítica;2022/1;Reprovado;8;61.540 %
Campus Cachoeiro de Itapemirim;Engenharia Mecânica;Superior;Geometria analítica;2022/1;Aprovado;4;30.770 %
Campus Cachoeiro de Itapemirim;Engenharia Mecânica;Superior;Geometria analítica;2022/1;Aproveit. Disciplina;1;7.690 %
Campus Cachoeiro de Itapemirim;Engenharia Mecânica;Superior;Geometria analítica;2021/2;Reprovado;1;100.000 %
Campus Cachoeiro de Itapemirim;Engenharia Mecânica;Superior;Geometria analítica;2024/1;Aprovado;1;11.110 %
Campus Cachoeiro de Itapemirim;Engenharia Mecânica;Superior;Geometria analítica;2024/1;Aprovado;17;68.000 %
Campus Cachoeiro de Itapemirim;Engenharia Mecânica;Superior;Geometria analítica;2024/1;Reprovado;7;28.000 %
Campus Cachoeiro de Itapemirim;Engenharia Mecânica;Superior;Geometria analítica;2024/1;Reprovado;8;88.890 %
Campus Cachoeiro de Itapemirim;Engenharia Mecânica;Superior;Geometria analítica;2024/1;Rep. Falta;1;4.000 %
Campus Cachoeiro de Itapemirim;Engenharia Mecânica;Superior;Geometria analítica;2024/2;Aprovado;7;77.780 %
Campus Cachoeiro de Itapemirim;Engenharia Mecânica;Superior;Geometria analítica;2024/2;Reprovado;2;22.220 %
Campus Cachoeiro de Itapemirim;Engenharia Mecânica;Superior;Geometria analítica;2023/1;Aprovado;3;14.290 %
Campus Cachoeiro de Itapemirim;Engenharia Mecânica;Superior;Geometria analítica;2023/1;Reprovado;18;85.710 %
Campus Cachoeiro de Itapemirim;Engenharia Mecânica;Superior;Geometria analítica;2025/2;Aprovado;2;28.570 %
Campus Cachoeiro de Itapemirim;Engenharia Mecânica;Superior;Geometria analítica;2025/2;Reprovado;5;71.430 %
Campus Cachoeiro de Itapemirim;Engenharia Mecânica;Superior;Comunicação e expressão;2023/1;Aprovado;16;100.000 %
Campus Cachoeiro de Itapemirim;Engenharia Mecânica;Superior;Comunicação e expressão;2024/1;Aproveit. Disciplina;1;5.260 %
Campus Cachoeiro de Itapemirim;Engenharia Mecânica;Superior;Comunicação e expressão;2024/1;Aprovado;18;94.740 %
Campus Cachoeiro de Itapemirim;Engenharia Mecânica;Superior;Comunicação e expressão;2022/1;Aproveit. Disciplina;1;6.670 %
Campus Cachoeiro de Itapemirim;Engenharia Mecânica;Superior;Comunicação e expressão;2022/1;Aprovado;13;86.670 %
Campus Cachoeiro de Itapemirim;Engenharia Mecânica;Superior;Comunicação e expressão;2022/1;Rep. Falta;1;6.670 %
Campus Cachoeiro de Itapemirim;Engenharia Mecânica;Superior;Comunicação e expressão;2021/1;Aprovado;5;100.000 %
Campus Cachoeiro de Itapemirim;Engenharia Mecânica;Superior;Comunicação e expressão;2020/1;Reprovado;1;14.290 %
Campus Cachoeiro de Itapemirim;Engenharia Mecânica;Superior;Comunicação e expressão;2020/1;Aprovado;6;85.710 %
Campus Cachoeiro de Itapemirim;Engenharia Mecânica;Superior;Comunicação e expressão;2019/1;Aprovado;1;33.330 %
Campus Cachoeiro de Itapemirim;Engenharia Mecânica;Superior;Comunicação e expressão;2019/1;Rep. Falta;1;33.330 %
Campus Cachoeiro de Itapemirim;Engenharia Mecânica;Superior;Comunicação e expressão;2019/1;Aproveit. Disciplina;1;33.330 %
Campus Cachoeiro de Itapemirim;Engenharia Mecânica;Superior;Comunicação e expressão;2018/1;Aprovado;2;100.000 %
Campus Cachoeiro de Itapemirim;Engenharia Mecânica;Superior;Introdução à engenharia mecânica;2018/1;Aprovado;2;100.000 %
Campus Cachoeiro de Itapemirim;Engenharia Mecânica;Superior;Introdução à engenharia mecânica;2019/1;Reprovado;1;33.330 %
Campus Cachoeiro de Itapemirim;Engenharia Mecânica;Superior;Introdução à engenharia mecânica;2019/1;Aprovado;2;66.670 %
Campus Cachoeiro de Itapemirim;Engenharia Mecânica;Superior;Introdução à engenharia mecânica;2020/1;Aprovado;6;85.710 %
Campus Cachoeiro de Itapemirim;Engenharia Mecânica;Superior;Introdução à engenharia mecânica;2021/1;Aprovado;6;100.000 %
Campus Cachoeiro de Itapemirim;Engenharia Mecânica;Superior;Introdução à engenharia mecânica;2022/1;Aprovado;15;100.000 %
Campus Cachoeiro de Itapemirim;Engenharia Mecânica;Superior;Introdução à engenharia mecânica;2024/1;Aprovado;18;94.740 %
Campus Cachoeiro de Itapemirim;Engenharia Mecânica;Superior;Introdução à engenharia mecânica;2024/1;Aproveit. Disciplina;1;5.260 %
Campus Cachoeiro de Itapemirim;Engenharia Mecânica;Superior;Introdução à engenharia mecânica;2023/1;Aprovado;15;100.000 %
Campus Cachoeiro de Itapemirim;Engenharia Mecânica;Superior;Algoritmos e Estrutura de Dados;2023/1;Aprovado;14;70.000 %
Campus Cachoeiro de Itapemirim;Engenharia Mecânica;Superior;Algoritmos e Estrutura de Dados;2023/1;Reprovado;6;30.000 %
Campus Cachoeiro de Itapemirim;Engenharia Mecânica;Superior;Algoritmos e Estrutura de Dados;2024/1;Reprovado;7;30.430 %
Campus Cachoeiro de Itapemirim;Engenharia Mecânica;Superior;Algoritmos e Estrutura de Dados;2024/1;Rep. Falta;1;4.350 %
Campus Cachoeiro de Itapemirim;Engenharia Mecânica;Superior;Algoritmos e Estrutura de Dados;2024/1;Aprovado;15;65.220 %
Campus Cachoeiro de Itapemirim;Engenharia Mecânica;Superior;Algoritmos e Estrutura de Dados;2022/1;Aprovado;11;73.330 %
Campus Cachoeiro de Itapemirim;Engenharia Mecânica;Superior;Algoritmos e Estrutura de Dados;2022/1;Reprovado;4;26.670 %
Campus Cachoeiro de Itapemirim;Engenharia Mecânica;Superior;Algoritmos e Estrutura de Dados;2021/1;Aprovado;4;80.000 %
Campus Cachoeiro de Itapemirim;Engenharia Mecânica;Superior;Algoritmos e Estrutura de Dados;2021/1;Reprovado;1;20.000 %
Campus Cachoeiro de Itapemirim;Engenharia Mecânica;Superior;Algoritmos e Estrutura de Dados;2020/1;Aprovado;6;85.710 %
Campus Cachoeiro de Itapemirim;Engenharia Mecânica;Superior;Algoritmos e Estrutura de Dados;2020/1;Reprovado;1;14.290 %
Campus Cachoeiro de Itapemirim;Engenharia Mecânica;Superior;Algoritmos e Estrutura de Dados;2019/1;Reprovado;4;100.000 %
Campus Cachoeiro de Itapemirim;Engenharia Mecânica;Superior;Algoritmos e Estrutura de Dados;2018/1;Aprovado;1;100.000 %
Campus Cachoeiro de Itapemirim;Engenharia Mecânica;Superior;Fundamentos da mecânica clássica;2018/2;Aprovado;1;50.000 %
Campus Cachoeiro de Itapemirim;Engenharia Mecânica;Superior;Fundamentos da mecânica clássica;2018/2;Reprovado;1;50.000 %
Campus Cachoeiro de Itapemirim;Engenharia Mecânica;Superior;Fundamentos da mecânica clássica;2019/2;Rep. Falta;1;50.000 %
Campus Cachoeiro de Itapemirim;Engenharia Mecânica;Superior;Fundamentos da mecânica clássica;2019/2;Reprovado;1;50.000 %
Campus Cachoeiro de Itapemirim;Engenharia Mecânica;Superior;Fundamentos da mecânica clássica;2020/2;Aprovado;6;100.000 %
Campus Cachoeiro de Itapemirim;Engenharia Mecânica;Superior;Fundamentos da mecânica clássica;2021/2;Reprovado;1;25.000 %
Campus Cachoeiro de Itapemirim;Engenharia Mecânica;Superior;Fundamentos da mecânica clássica;2021/2;Aprovado;3;75.000 %
Campus Cachoeiro de Itapemirim;Engenharia Mecânica;Superior;Fundamentos da mecânica clássica;2022/2;Aprovado;4;100.000 %
Campus Cachoeiro de Itapemirim;Engenharia Mecânica;Superior;Fundamentos da mecânica clássica;2024/2;Reprovado;6;26.090 %
Campus Cachoeiro de Itapemirim;Engenharia Mecânica;Superior;Fundamentos da mecânica clássica;2024/2;Aprovado;14;60.870 %
Campus Cachoeiro de Itapemirim;Engenharia Mecânica;Superior;Fundamentos da mecânica clássica;2024/2;Rep. Falta;2;8.700 %
Campus Cachoeiro de Itapemirim;Engenharia Mecânica;Superior;Fundamentos da mecânica clássica;2023/2;Aprovado;13;56.520 %
Campus Cachoeiro de Itapemirim;Engenharia Mecânica;Superior;Fundamentos da mecânica clássica;2023/2;Reprovado;7;30.430 %
Campus Cachoeiro de Itapemirim;Engenharia Mecânica;Superior;Cálculo II;2023/2;Reprovado;5;38.460 %
Campus Cachoeiro de Itapemirim;Engenharia Mecânica;Superior;Cálculo II;2023/2;Aprovado;8;61.540 %
Campus Cachoeiro de Itapemirim;Engenharia Mecânica;Superior;Cálculo II;2024/2;Aprovado;7;36.840 %
Campus Cachoeiro de Itapemirim;Engenharia Mecânica;Superior;Cálculo II;2024/2;Reprovado;11;57.890 %
Campus Cachoeiro de Itapemirim;Engenharia Mecânica;Superior;Cálculo II;2022/2;Reprovado;3;50.000 %
Campus Cachoeiro de Itapemirim;Engenharia Mecânica;Superior;Cálculo II;2022/2;Aprovado;3;50.000 %
Campus Cachoeiro de Itapemirim;Engenharia Mecânica;Superior;Cálculo II;2021/2;Aprovado;4;80.000 %
Campus Cachoeiro de Itapemirim;Engenharia Mecânica;Superior;Cálculo II;2021/2;Reprovado;1;20.000 %
Campus Cachoeiro de Itapemirim;Engenharia Mecânica;Superior;Cálculo II;2020/2;Aprovado;6;100.000 %
Campus Cachoeiro de Itapemirim;Engenharia Mecânica;Superior;Cálculo II;2019/2;Reprovado;1;100.000 %
Campus Cachoeiro de Itapemirim;Engenharia Mecânica;Superior;Cálculo II;2025/2;Aprovado;5;27.780 %
Campus Cachoeiro de Itapemirim;Engenharia Mecânica;Superior;Cálculo II;2025/2;Reprovado;12;66.670 %
Campus Cachoeiro de Itapemirim;Engenharia Mecânica;Superior;Álgebra Linear;2019/2;Reprovado;1;100.000 %
Campus Cachoeiro de Itapemirim;Engenharia Mecânica;Superior;Álgebra Linear;2020/2;Reprovado;1;16.670 %
Campus Cachoeiro de Itapemirim;Engenharia Mecânica;Superior;Álgebra Linear;2020/2;Aprovado;5;83.330 %
Campus Cachoeiro de Itapemirim;Engenharia Mecânica;Superior;Álgebra Linear;2021/2;Reprovado;1;14.290 %
Campus Cachoeiro de Itapemirim;Engenharia Mecânica;Superior;Álgebra Linear;2021/2;Aprovado;6;85.710 %
Campus Cachoeiro de Itapemirim;Engenharia Mecânica;Superior;Álgebra Linear;2022/2;Reprovado;5;50.000 %
Campus Cachoeiro de Itapemirim;Engenharia Mecânica;Superior;Álgebra Linear;2022/2;Aprovado;5;50.000 %
Campus Cachoeiro de Itapemirim;Engenharia Mecânica;Superior;Álgebra Linear;2024/2;Aprovado;9;34.620 %
Campus Cachoeiro de Itapemirim;Engenharia Mecânica;Superior;Álgebra Linear;2024/2;Reprovado;13;50.000 %
Campus Cachoeiro de Itapemirim;Engenharia Mecânica;Superior;Álgebra Linear;2024/2;Rep. Falta;3;11.540 %
Campus Cachoeiro de Itapemirim;Engenharia Mecânica;Superior;Álgebra Linear;2023/2;Reprovado;4;21.050 %
Campus Cachoeiro de Itapemirim;Engenharia Mecânica;Superior;Álgebra Linear;2023/2;Aprovado;6;31.580 %
Campus Cachoeiro de Itapemirim;Engenharia Mecânica;Superior;Metodologia científica;2023/2;Aprovado;10;58.820 %
Campus Cachoeiro de Itapemirim;Engenharia Mecânica;Superior;Metodologia científica;2023/2;Reprovado;7;41.180 %
Campus Cachoeiro de Itapemirim;Engenharia Mecânica;Superior;Metodologia científica;2024/2;Reprovado;8;32.000 %
Campus Cachoeiro de Itapemirim;Engenharia Mecânica;Superior;Metodologia científica;2024/2;Aprovado;16;64.000 %
Campus Cachoeiro de Itapemirim;Engenharia Mecânica;Superior;Metodologia científica;2024/1;Aprovado;1;25.000 %
Campus Cachoeiro de Itapemirim;Engenharia Mecânica;Superior;Metodologia científica;2024/1;Aproveit. Disciplina;1;25.000 %
Campus Cachoeiro de Itapemirim;Engenharia Mecânica;Superior;Metodologia científica;2024/1;Reprovado;2;50.000 %
Campus Cachoeiro de Itapemirim;Engenharia Mecânica;Superior;Metodologia científica;2022/2;Aprovado;16;100.000 %
Campus Cachoeiro de Itapemirim;Engenharia Mecânica;Superior;Metodologia científica;2021/2;Aprovado;3;33.330 %
Campus Cachoeiro de Itapemirim;Engenharia Mecânica;Superior;Metodologia científica;2021/2;Reprovado;6;66.670 %
Campus Cachoeiro de Itapemirim;Engenharia Mecânica;Superior;Metodologia científica;2020/2;Reprovado;3;42.860 %
Campus Cachoeiro de Itapemirim;Engenharia Mecânica;Superior;Metodologia científica;2020/2;Aprovado;4;57.140 %
Campus Cachoeiro de Itapemirim;Engenharia Mecânica;Superior;Metodologia científica;2019/2;Rep. Falta;1;50.000 %
Campus Cachoeiro de Itapemirim;Engenharia Mecânica;Superior;Metodologia científica;2019/2;Reprovado;1;50.000 %
Campus Cachoeiro de Itapemirim;Engenharia Mecânica;Superior;Metodologia científica;2018/2;Aprovado;2;100.000 %
Campus Cachoeiro de Itapemirim;Engenharia Mecânica;Superior;Estatística I;2018/2;Aprovado;1;100.000 %
Campus Cachoeiro de Itapemirim;Engenharia Mecânica;Superior;Estatística I;2019/2;Aprovado;1;33.330 %
Campus Cachoeiro de Itapemirim;Engenharia Mecânica;Superior;Estatística I;2019/2;Reprovado;2;66.670 %
Campus Cachoeiro de Itapemirim;Engenharia Mecânica;Superior;Estatística I;2020/2;Aprovado;5;71.430 %
Campus Cachoeiro de Itapemirim;Engenharia Mecânica;Superior;Estatística I;2020/2;Reprovado;2;28.570 %
Campus Cachoeiro de Itapemirim;Engenharia Mecânica;Superior;Estatística I;2021/2;Aprovado;6;85.710 %
Campus Cachoeiro de Itapemirim;Engenharia Mecânica;Superior;Estatística I;2021/2;Reprovado;1;14.290 %
Campus Cachoeiro de Itapemirim;Engenharia Mecânica;Superior;Estatística I;2022/2;Aprovado;13;92.860 %
Campus Cachoeiro de Itapemirim;Engenharia Mecânica;Superior;Estatística I;2022/2;Reprovado;1;7.140 %
Campus Cachoeiro de Itapemirim;Engenharia Mecânica;Superior;Estatística I;2024/2;Aprovado;15;83.330 %
Campus Cachoeiro de Itapemirim;Engenharia Mecânica;Superior;Estatística I;2024/2;Reprovado;1;5.560 %
Campus Cachoeiro de Itapemirim;Engenharia Mecânica;Superior;Estatística I;2024/2;Rep. Falta;2;11.110 %
Campus Cachoeiro de Itapemirim;Engenharia Mecânica;Superior;Estatística I;2023/2;Aprovado;16;100.000 %
Campus Cachoeiro de Itapemirim;Engenharia Mecânica;Superior;Linguagem de programação;2023/2;Aprovado;5;35.710 %
Campus Cachoeiro de Itapemirim;Engenharia Mecânica;Superior;Linguagem de programação;2024/2;Rep. Falta;2;9.090 %
Campus Cachoeiro de Itapemirim;Engenharia Mecânica;Superior;Linguagem de programação;2024/2;Aprovado;9;40.910 %
Campus Cachoeiro de Itapemirim;Engenharia Mecânica;Superior;Linguagem de programação;2024/2;Reprovado;4;18.180 %
Campus Cachoeiro de Itapemirim;Engenharia Mecânica;Superior;Linguagem de programação;2022/2;Reprovado;2;20.000 %
Campus Cachoeiro de Itapemirim;Engenharia Mecânica;Superior;Linguagem de programação;2022/2;Aprovado;8;80.000 %
Campus Cachoeiro de Itapemirim;Engenharia Mecânica;Superior;Linguagem de programação;2021/2;Aprovado;2;50.000 %
Campus Cachoeiro de Itapemirim;Engenharia Mecânica;Superior;Linguagem de programação;2021/2;Reprovado;2;50.000 %
Campus Cachoeiro de Itapemirim;Engenharia Mecânica;Superior;Linguagem de programação;2020/2;Aprovado;6;100.000 %
Campus Cachoeiro de Itapemirim;Engenharia Mecânica;Superior;Ensaio dos materiais;2020/1;Aprovado;1;50.000 %
Campus Cachoeiro de Itapemirim;Engenharia Mecânica;Superior;Ensaio dos materiais;2021/1;Reprovado;1;14.290 %
Campus Cachoeiro de Itapemirim;Engenharia Mecânica;Superior;Ensaio dos materiais;2021/1;Aprovado;6;85.710 %
Campus Cachoeiro de Itapemirim;Engenharia Mecânica;Superior;Ensaio dos materiais;2019/1;Aprovado;2;100.000 %
Campus Cachoeiro de Itapemirim;Engenharia Mecânica;Superior;Ensaio dos materiais;2022/1;Aprovado;6;100.000 %
Campus Cachoeiro de Itapemirim;Engenharia Mecânica;Superior;Ensaio dos materiais;2024/1;Aproveit. Disciplina;1;6.250 %
Campus Cachoeiro de Itapemirim;Engenharia Mecânica;Superior;Ensaio dos materiais;2024/1;Aprovado;15;93.750 %
Campus Cachoeiro de Itapemirim;Engenharia Mecânica;Superior;Ensaio dos materiais;2023/1;Aprovado;13;92.860 %
Campus Cachoeiro de Itapemirim;Engenharia Mecânica;Superior;Ensaio dos materiais;2025/1;Rep. Falta;2;11.760 %
Campus Cachoeiro de Itapemirim;Engenharia Mecânica;Superior;Ensaio dos materiais;2025/1;Aprovado;14;82.350 %
Campus Cachoeiro de Itapemirim;Engenharia Mecânica;Superior;Ciência e tecnologia dos materiais;2025/2;Reprovado;3;25.000 %
Campus Cachoeiro de Itapemirim;Engenharia Mecânica;Superior;Ciência e tecnologia dos materiais;2025/2;Aprovado;9;75.000 %
Campus Cachoeiro de Itapemirim;Engenharia Mecânica;Superior;Ciência e tecnologia dos materiais;2023/2;Aprovado;8;50.000 %
Campus Cachoeiro de Itapemirim;Engenharia Mecânica;Superior;Ciência e tecnologia dos materiais;2023/2;Reprovado;8;50.000 %
Campus Cachoeiro de Itapemirim;Engenharia Mecânica;Superior;Ciência e tecnologia dos materiais;2024/2;Reprovado;15;65.220 %
Campus Cachoeiro de Itapemirim;Engenharia Mecânica;Superior;Ciência e tecnologia dos materiais;2024/2;Aprovado;7;30.430 %
Campus Cachoeiro de Itapemirim;Engenharia Mecânica;Superior;Ciência e tecnologia dos materiais;2021/2;Reprovado;1;20.000 %
Campus Cachoeiro de Itapemirim;Engenharia Mecânica;Superior;Ciência e tecnologia dos materiais;2021/2;Aprovado;6;100.000 %
Campus Cachoeiro de Itapemirim;Engenharia Mecânica;Superior;Ciência e tecnologia dos materiais;2021/2;Aprovado;4;80.000 %
Campus Cachoeiro de Itapemirim;Engenharia Mecânica;Superior;Ciência e tecnologia dos materiais;2022/2;Rep. Falta;1;6.250 %
Campus Cachoeiro de Itapemirim;Engenharia Mecânica;Superior;Ciência e tecnologia dos materiais;2022/2;Aprovado;15;93.750 %
Campus Cachoeiro de Itapemirim;Engenharia Mecânica;Superior;Ciência e tecnologia dos materiais;2019/2;Aprovado;1;50.000 %
Campus Cachoeiro de Itapemirim;Engenharia Mecânica;Superior;Ciência e tecnologia dos materiais;2019/2;Reprovado;1;50.000 %
Campus Cachoeiro de Itapemirim;Engenharia Mecânica;Superior;Ciência e tecnologia dos materiais;2018/2;Aprovado;1;100.000 %
Campus Cachoeiro de Itapemirim;Engenharia Mecânica;Superior;Ciência e tecnologia dos materiais;2020/2;Reprovado;1;100.000 %
Campus Cachoeiro de Itapemirim;Engenharia Mecânica;Superior;Cálculo III;2021/1;Reprovado;2;33.330 %
Campus Cachoeiro de Itapemirim;Engenharia Mecânica;Superior;Cálculo III;2021/1;Aprovado;4;66.670 %
Campus Cachoeiro de Itapemirim;Engenharia Mecânica;Superior;Cálculo III;2022/2;Reprovado;3;100.000 %
Campus Cachoeiro de Itapemirim;Engenharia Mecânica;Superior;Cálculo III;2022/1;Aprovado;2;25.000 %
Campus Cachoeiro de Itapemirim;Engenharia Mecânica;Superior;Cálculo III;2022/1;Reprovado;4;50.000 %
Campus Cachoeiro de Itapemirim;Engenharia Mecânica;Superior;Cálculo III;2022/1;Aproveit. Disciplina;1;12.500 %
Campus Cachoeiro de Itapemirim;Engenharia Mecânica;Superior;Cálculo III;2024/1;Aprovado;11;91.670 %
Campus Cachoeiro de Itapemirim;Engenharia Mecânica;Superior;Cálculo III;2024/1;Reprovado;1;8.330 %
Campus Cachoeiro de Itapemirim;Engenharia Mecânica;Superior;Cálculo III;2023/1;Reprovado;8;72.730 %
Campus Cachoeiro de Itapemirim;Engenharia Mecânica;Superior;Cálculo III;2023/1;Aprovado;3;27.270 %
Campus Cachoeiro de Itapemirim;Engenharia Mecânica;Superior;Cálculo III;2025/1;Aprovado;7;28.000 %
Campus Cachoeiro de Itapemirim;Engenharia Mecânica;Superior;Cálculo III;2025/1;Reprovado;17;68.000 %
Campus Cachoeiro de Itapemirim;Engenharia Mecânica;Superior;Ciência do ambiente;2025/1;Rep. Falta;2;8.330 %
Campus Cachoeiro de Itapemirim;Engenharia Mecânica;Superior;Ciência do ambiente;2025/1;Aprovado;20;83.330 %
Campus Cachoeiro de Itapemirim;Engenharia Mecânica;Superior;Ciência do ambiente;2023/1;Aprovado;14;100.000 %
Campus Cachoeiro de Itapemirim;Engenharia Mecânica;Superior;Ciência do ambiente;2024/1;Aproveit. Disciplina;1;9.090 %
Campus Cachoeiro de Itapemirim;Engenharia Mecânica;Superior;Ciência do ambiente;2024/1;Aprovado;10;90.910 %
Campus Cachoeiro de Itapemirim;Engenharia Mecânica;Superior;Ciência do ambiente;2022/1;Aproveit. Disciplina;1;16.670 %
Campus Cachoeiro de Itapemirim;Engenharia Mecânica;Superior;Ciência do ambiente;2022/1;Aprovado;5;83.330 %
Campus Cachoeiro de Itapemirim;Engenharia Mecânica;Superior;Ciência do ambiente;2021/1;Aprovado;6;100.000 %
Campus Cachoeiro de Itapemirim;Engenharia Mecânica;Superior;Ciência do ambiente;2020/1;Aprovado;2;100.000 %
Campus Cachoeiro de Itapemirim;Engenharia Mecânica;Superior;Ciência do ambiente;2019/1;Aprovado;2;100.000 %
Campus Cachoeiro de Itapemirim;Engenharia Mecânica;Superior;Eletromagnetismo;2021/1;Aprovado;7;100.000 %
Campus Cachoeiro de Itapemirim;Engenharia Mecânica;Superior;Eletromagnetismo;2022/1;Aproveit. Disciplina;1;20.000 %
Campus Cachoeiro de Itapemirim;Engenharia Mecânica;Superior;Eletromagnetismo;2022/1;Reprovado;2;40.000 %
Campus Cachoeiro de Itapemirim;Engenharia Mecânica;Superior;Eletromagnetismo;2022/1;Aprovado;2;40.000 %
Campus Cachoeiro de Itapemirim;Engenharia Mecânica;Superior;Eletromagnetismo;2024/1;Aprovado;12;80.000 %
Campus Cachoeiro de Itapemirim;Engenharia Mecânica;Superior;Eletromagnetismo;2024/1;Reprovado;1;6.670 %
Campus Cachoeiro de Itapemirim;Engenharia Mecânica;Superior;Eletromagnetismo;2024/1;Rep. Falta;2;13.330 %
Campus Cachoeiro de Itapemirim;Engenharia Mecânica;Superior;Eletromagnetismo;2023/1;Reprovado;2;18.180 %
Campus Cachoeiro de Itapemirim;Engenharia Mecânica;Superior;Eletromagnetismo;2023/1;Aprovado;9;81.820 %
Campus Cachoeiro de Itapemirim;Engenharia Mecânica;Superior;Eletromagnetismo;2025/1;Aprovado;11;55.000 %
Campus Cachoeiro de Itapemirim;Engenharia Mecânica;Superior;Eletromagnetismo;2025/1;Reprovado;5;25.000 %
Campus Cachoeiro de Itapemirim;Engenharia Mecânica;Superior;Eletromagnetismo;2025/1;Rep. Falta;4;20.000 %
Campus Cachoeiro de Itapemirim;Engenharia Mecânica;Superior;Estatística II;2025/1;Rep. Falta;2;13.330 %
Campus Cachoeiro de Itapemirim;Engenharia Mecânica;Superior;Estatística II;2025/1;Reprovado;2;13.330 %
Campus Cachoeiro de Itapemirim;Engenharia Mecânica;Superior;Estatística II;2025/1;Aprovado;10;66.670 %
Campus Cachoeiro de Itapemirim;Engenharia Mecânica;Superior;Estatística II;2023/1;Aprovado;13;76.470 %
Campus Cachoeiro de Itapemirim;Engenharia Mecânica;Superior;Estatística II;2023/1;Rep. Falta;1;5.880 %
Campus Cachoeiro de Itapemirim;Engenharia Mecânica;Superior;Estatística II;2023/1;Reprovado;2;11.760 %
Campus Cachoeiro de Itapemirim;Engenharia Mecânica;Superior;Estatística II;2024/1;Rep. Falta;1;5.880 %
Campus Cachoeiro de Itapemirim;Engenharia Mecânica;Superior;Estatística II;2024/1;Reprovado;2;11.760 %
Campus Cachoeiro de Itapemirim;Engenharia Mecânica;Superior;Estatística II;2024/1;Aprovado;14;82.350 %
Campus Cachoeiro de Itapemirim;Engenharia Mecânica;Superior;Estatística II;2022/1;Reprovado;4;66.670 %
Campus Cachoeiro de Itapemirim;Engenharia Mecânica;Superior;Estatística II;2022/1;Aprovado;2;33.330 %
Campus Cachoeiro de Itapemirim;Engenharia Mecânica;Superior;Estatística II;2021/1;Aprovado;6;100.000 %
Campus Cachoeiro de Itapemirim;Engenharia Mecânica;Superior;Cálculo numérico;2021/1;Aprovado;4;57.140 %
Campus Cachoeiro de Itapemirim;Engenharia Mecânica;Superior;Cálculo numérico;2021/1;Reprovado;3;42.860 %
Campus Cachoeiro de Itapemirim;Engenharia Mecânica;Superior;Cálculo numérico;2022/1;Reprovado;6;85.710 %
Campus Cachoeiro de Itapemirim;Engenharia Mecânica;Superior;Cálculo numérico;2022/1;Aprovado;1;14.290 %
Campus Cachoeiro de Itapemirim;Engenharia Mecânica;Superior;Cálculo numérico;2024/1;Aprovado;9;52.940 %
Campus Cachoeiro de Itapemirim;Engenharia Mecânica;Superior;Cálculo numérico;2024/1;Rep. Falta;6;35.290 %
Campus Cachoeiro de Itapemirim;Engenharia Mecânica;Superior;Cálculo numérico;2024/1;Reprovado;1;5.880 %
Campus Cachoeiro de Itapemirim;Engenharia Mecânica;Superior;Cálculo numérico;2024/2;Aprovado;5;100.000 %
Campus Cachoeiro de Itapemirim;Engenharia Mecânica;Superior;Cálculo numérico;2023/1;Aprovado;7;87.500 %
Campus Cachoeiro de Itapemirim;Engenharia Mecânica;Superior;Cálculo numérico;2023/1;Reprovado;1;12.500 %
Campus Cachoeiro de Itapemirim;Engenharia Mecânica;Superior;Cálculo numérico;2025/1;Aprovado;16;61.540 %
Campus Cachoeiro de Itapemirim;Engenharia Mecânica;Superior;Cálculo numérico;2025/1;Rep. Falta;3;11.540 %
Campus Cachoeiro de Itapemirim;Engenharia Mecânica;Superior;Cálculo numérico;2025/1;Reprovado;6;23.080 %
Campus Cachoeiro de Itapemirim;Engenharia Mecânica;Superior;Mecânica I;2025/1;Reprovado;10;35.710 %
Campus Cachoeiro de Itapemirim;Engenharia Mecânica;Superior;Mecânica I;2025/1;Aprovado;14;50.000 %
Campus Cachoeiro de Itapemirim;Engenharia Mecânica;Superior;Mecânica I;2023/1;Reprovado;2;25.000 %
Campus Cachoeiro de Itapemirim;Engenharia Mecânica;Superior;Mecânica I;2023/1;Aprovado;6;75.000 %
Campus Cachoeiro de Itapemirim;Engenharia Mecânica;Superior;Mecânica I;2024/1;Reprovado;3;50.000 %
Campus Cachoeiro de Itapemirim;Engenharia Mecânica;Superior;Mecânica I;2024/1;Aprovado;3;50.000 %
Campus Cachoeiro de Itapemirim;Engenharia Mecânica;Superior;Mecânica I;2022/1;Aprovado;1;12.500 %
Campus Cachoeiro de Itapemirim;Engenharia Mecânica;Superior;Mecânica I;2022/1;Reprovado;6;75.000 %
Campus Cachoeiro de Itapemirim;Engenharia Mecânica;Superior;Mecânica I;2022/1;Aproveit. Disciplina;1;12.500 %
Campus Cachoeiro de Itapemirim;Engenharia Mecânica;Superior;Mecânica I;2022/2;Reprovado;5;100.000 %
Campus Cachoeiro de Itapemirim;Engenharia Mecânica;Superior;Mecânica I;2021/1;Aprovado;4;66.670 %
Campus Cachoeiro de Itapemirim;Engenharia Mecânica;Superior;Mecânica I;2021/1;Reprovado;2;33.330 %
Campus Cachoeiro de Itapemirim;Engenharia Mecânica;Superior;Mecânica I;2019/2;Aprovado;1;100.000 %
Campus Cachoeiro de Itapemirim;Engenharia Mecânica;Superior;Ótica e introdução à física moderna;2019/2;Aprovado;1;100.000 %
Campus Cachoeiro de Itapemirim;Engenharia Mecânica;Superior;Ótica e introdução à física moderna;2022/2;Aprovado;5;100.000 %
Campus Cachoeiro de Itapemirim;Engenharia Mecânica;Superior;Ótica e introdução à física moderna;2021/2;Aprovado;6;100.000 %
Campus Cachoeiro de Itapemirim;Engenharia Mecânica;Superior;Ótica e introdução à física moderna;2024/2;Aprovado;12;92.310 %
Campus Cachoeiro de Itapemirim;Engenharia Mecânica;Superior;Ótica e introdução à física moderna;2023/2;Reprovado;1;9.090 %
Campus Cachoeiro de Itapemirim;Engenharia Mecânica;Superior;Ótica e introdução à física moderna;2023/2;Aprovado;8;72.730 %
Campus Cachoeiro de Itapemirim;Engenharia Mecânica;Superior;Ótica e introdução à física moderna;2025/2;Aprovado;12;75.000 %
Campus Cachoeiro de Itapemirim;Engenharia Mecânica;Superior;Ótica e introdução à física moderna;2025/2;Rep. Falta;1;6.250 %
Campus Cachoeiro de Itapemirim;Engenharia Mecânica;Superior;Ótica e introdução à física moderna;2025/2;Reprovado;3;18.750 %
Campus Cachoeiro de Itapemirim;Engenharia Mecânica;Superior;Desenho mecânico;2025/2;Aprovado;15;93.750 %
Campus Cachoeiro de Itapemirim;Engenharia Mecânica;Superior;Desenho mecânico;2025/2;Rep. Falta;1;6.250 %
Campus Cachoeiro de Itapemirim;Engenharia Mecânica;Superior;Desenho mecânico;2023/2;Aprovado;10;83.330 %
Campus Cachoeiro de Itapemirim;Engenharia Mecânica;Superior;Desenho mecânico;2024/2;Aprovado;13;72.220 %
Campus Cachoeiro de Itapemirim;Engenharia Mecânica;Superior;Desenho mecânico;2024/2;Reprovado;2;11.110 %
Campus Cachoeiro de Itapemirim;Engenharia Mecânica;Superior;Desenho mecânico;2021/2;Aprovado;1;100.000 %
Campus Cachoeiro de Itapemirim;Engenharia Mecânica;Superior;Desenho mecânico;2022/1;Aprovado;1;100.000 %
Campus Cachoeiro de Itapemirim;Engenharia Mecânica;Superior;Desenho mecânico;2022/2;Aprovado;6;100.000 %
Campus Cachoeiro de Itapemirim;Engenharia Mecânica;Superior;Desenho mecânico;2019/2;Aprovado;1;100.000 %
Campus Cachoeiro de Itapemirim;Engenharia Mecânica;Superior;Materiais de construção mecânica I;2020/2;Aprovado;1;100.000 %
Campus Cachoeiro de Itapemirim;Engenharia Mecânica;Superior;Materiais de construção mecânica I;2022/2;Aprovado;10;100.000 %
Campus Cachoeiro de Itapemirim;Engenharia Mecânica;Superior;Materiais de construção mecânica I;2024/2;Aprovado;9;100.000 %
Campus Cachoeiro de Itapemirim;Engenharia Mecânica;Superior;Materiais de construção mecânica I;2023/2;Aprovado;9;81.820 %
Campus Cachoeiro de Itapemirim;Engenharia Mecânica;Superior;Materiais de construção mecânica I;2023/2;Reprovado;1;9.090 %
Campus Cachoeiro de Itapemirim;Engenharia Mecânica;Superior;Materiais de construção mecânica I;2025/2;Aprovado;12;100.000 %
Campus Cachoeiro de Itapemirim;Engenharia Mecânica;Superior;Mecânica dos fluidos I;2025/2;Reprovado;6;28.570 %
Campus Cachoeiro de Itapemirim;Engenharia Mecânica;Superior;Mecânica dos fluidos I;2025/2;Aprovado;15;71.430 %
Campus Cachoeiro de Itapemirim;Engenharia Mecânica;Superior;Mecânica dos fluidos I;2023/2;Reprovado;2;15.380 %
Campus Cachoeiro de Itapemirim;Engenharia Mecânica;Superior;Mecânica dos fluidos I;2023/2;Aprovado;10;76.920 %
Campus Cachoeiro de Itapemirim;Engenharia Mecânica;Superior;Mecânica dos fluidos I;2024/2;Aprovado;10;100.000 %
Campus Cachoeiro de Itapemirim;Engenharia Mecânica;Superior;Mecânica dos fluidos I;2022/2;Aprovado;2;50.000 %
Campus Cachoeiro de Itapemirim;Engenharia Mecânica;Superior;Mecânica dos fluidos I;2022/2;Reprovado;2;50.000 %
Campus Cachoeiro de Itapemirim;Engenharia Mecânica;Superior;Mecânica dos fluidos I;2021/2;Aprovado;4;66.670 %
Campus Cachoeiro de Itapemirim;Engenharia Mecânica;Superior;Mecânica dos fluidos I;2021/2;Reprovado;2;33.330 %
Campus Cachoeiro de Itapemirim;Engenharia Mecânica;Superior;Mecânica dos fluidos I;2019/2;Reprovado;1;100.000 %
Campus Cachoeiro de Itapemirim;Engenharia Mecânica;Superior;Termodinâmica I;2020/1;Reprovado;1;100.000 %
Campus Cachoeiro de Itapemirim;Engenharia Mecânica;Superior;Termodinâmica I;2021/2;Reprovado;2;33.330 %
Campus Cachoeiro de Itapemirim;Engenharia Mecânica;Superior;Termodinâmica I;2021/2;Aprovado;4;66.670 %
Campus Cachoeiro de Itapemirim;Engenharia Mecânica;Superior;Termodinâmica I;2022/2;Reprovado;2;25.000 %
Campus Cachoeiro de Itapemirim;Engenharia Mecânica;Superior;Termodinâmica I;2022/2;Rep. Falta;3;37.500 %
Campus Cachoeiro de Itapemirim;Engenharia Mecânica;Superior;Termodinâmica I;2022/2;Aprovado;3;37.500 %
Campus Cachoeiro de Itapemirim;Engenharia Mecânica;Superior;Termodinâmica I;2024/2;Aprovado;11;84.620 %
Campus Cachoeiro de Itapemirim;Engenharia Mecânica;Superior;Termodinâmica I;2024/2;Rep. Falta;1;7.690 %
Campus Cachoeiro de Itapemirim;Engenharia Mecânica;Superior;Termodinâmica I;2024/2;Reprovado;1;7.690 %
Campus Cachoeiro de Itapemirim;Engenharia Mecânica;Superior;Termodinâmica I;2023/2;Reprovado;7;53.850 %
Campus Cachoeiro de Itapemirim;Engenharia Mecânica;Superior;Termodinâmica I;2023/2;Aprovado;4;30.770 %
Campus Cachoeiro de Itapemirim;Engenharia Mecânica;Superior;Termodinâmica I;2023/2;Rep. Falta;1;7.690 %
Campus Cachoeiro de Itapemirim;Engenharia Mecânica;Superior;Termodinâmica I;2025/2;Rep. Falta;1;3.700 %
Campus Cachoeiro de Itapemirim;Engenharia Mecânica;Superior;Termodinâmica I;2025/2;Reprovado;8;29.630 %
Campus Cachoeiro de Itapemirim;Engenharia Mecânica;Superior;Termodinâmica I;2025/2;Aprovado;18;66.670 %
Campus Cachoeiro de Itapemirim;Engenharia Mecânica;Superior;Mecânica II;2025/2;Aprovado;5;62.500 %
Campus Cachoeiro de Itapemirim;Engenharia Mecânica;Superior;Mecânica II;2025/2;Reprovado;2;25.000 %
Campus Cachoeiro de Itapemirim;Engenharia Mecânica;Superior;Mecânica II;2025/2;Rep. Falta;1;12.500 %
Campus Cachoeiro de Itapemirim;Engenharia Mecânica;Superior;Mecânica II;2023/2;Aprovado;2;100.000 %
Campus Cachoeiro de Itapemirim;Engenharia Mecânica;Superior;Mecânica II;2024/2;Reprovado;3;37.500 %
Campus Cachoeiro de Itapemirim;Engenharia Mecânica;Superior;Mecânica II;2024/2;Aprovado;5;62.500 %
Campus Cachoeiro de Itapemirim;Engenharia Mecânica;Superior;Mecânica II;2022/2;Aprovado;2;66.670 %
Campus Cachoeiro de Itapemirim;Engenharia Mecânica;Superior;Mecânica II;2022/2;Reprovado;1;33.330 %
Campus Cachoeiro de Itapemirim;Engenharia Mecânica;Superior;Mecânica II;2021/2;Aprovado;5;100.000 %
Campus Cachoeiro de Itapemirim;Engenharia Mecânica;Superior;Circuitos elétricos;2021/2;Rep. Falta;1;16.670 %
Campus Cachoeiro de Itapemirim;Engenharia Mecânica;Superior;Circuitos elétricos;2021/2;Aprovado;1;16.670 %
Campus Cachoeiro de Itapemirim;Engenharia Mecânica;Superior;Circuitos elétricos;2021/2;Reprovado;4;66.670 %
Campus Cachoeiro de Itapemirim;Engenharia Mecânica;Superior;Circuitos elétricos;2022/2;Reprovado;3;30.000 %
Campus Cachoeiro de Itapemirim;Engenharia Mecânica;Superior;Circuitos elétricos;2022/2;Rep. Falta;1;10.000 %
Campus Cachoeiro de Itapemirim;Engenharia Mecânica;Superior;Circuitos elétricos;2022/2;Aprovado;6;60.000 %
Campus Cachoeiro de Itapemirim;Engenharia Mecânica;Superior;Circuitos elétricos;2020/2;Aprovado;1;100.000 %
Campus Cachoeiro de Itapemirim;Engenharia Mecânica;Superior;Circuitos elétricos;2024/2;Aprovado;11;55.000 %
Campus Cachoeiro de Itapemirim;Engenharia Mecânica;Superior;Circuitos elétricos;2023/2;Aprovado;1;6.250 %
Campus Cachoeiro de Itapemirim;Engenharia Mecânica;Superior;Circuitos elétricos;2023/2;Reprovado;13;81.250 %
Campus Cachoeiro de Itapemirim;Engenharia Mecânica;Superior;Circuitos elétricos;2025/2;Rep. Falta;1;4.170 %
Campus Cachoeiro de Itapemirim;Engenharia Mecânica;Superior;Circuitos elétricos;2025/2;Reprovado;15;62.500 %
Campus Cachoeiro de Itapemirim;Engenharia Mecânica;Superior;Circuitos elétricos;2025/2;Aprovado;8;33.330 %
Campus Cachoeiro de Itapemirim;Engenharia Mecânica;Superior;Introdução à eletrônica;2026/1;Aprovado;9;81.820 %
Campus Cachoeiro de Itapemirim;Engenharia Mecânica;Superior;Introdução à eletrônica;2026/1;Rep. Falta;2;18.180 %
Campus Cachoeiro de Itapemirim;Engenharia Mecânica;Superior;Introdução à eletrônica;2025/1;Aprovado;17;89.470 %
Campus Cachoeiro de Itapemirim;Engenharia Mecânica;Superior;Introdução à eletrônica;2025/1;Reprovado;1;5.260 %
Campus Cachoeiro de Itapemirim;Engenharia Mecânica;Superior;Introdução à eletrônica;2023/1;Aprovado;6;100.000 %
Campus Cachoeiro de Itapemirim;Engenharia Mecânica;Superior;Introdução à eletrônica;2024/1;Aprovado;7;70.000 %
Campus Cachoeiro de Itapemirim;Engenharia Mecânica;Superior;Introdução à eletrônica;2024/1;Aproveit. Disciplina;1;10.000 %
Campus Cachoeiro de Itapemirim;Engenharia Mecânica;Superior;Introdução à eletrônica;2024/1;Reprovado;2;20.000 %
Campus Cachoeiro de Itapemirim;Engenharia Mecânica;Superior;Introdução à eletrônica;2021/1;Reprovado;1;100.000 %
Campus Cachoeiro de Itapemirim;Engenharia Mecânica;Superior;Introdução à eletrônica;2022/1;Aprovado;6;100.000 %
Campus Cachoeiro de Itapemirim;Engenharia Mecânica;Superior;Resistência de materiais I;2022/1;Reprovado;4;80.000 %
Campus Cachoeiro de Itapemirim;Engenharia Mecânica;Superior;Resistência de materiais I;2022/1;Rep. Falta;1;20.000 %
Campus Cachoeiro de Itapemirim;Engenharia Mecânica;Superior;Resistência de materiais I;2022/2;Aprovado;1;100.000 %
Campus Cachoeiro de Itapemirim;Engenharia Mecânica;Superior;Resistência de materiais I;2024/1;Reprovado;6;54.550 %
Campus Cachoeiro de Itapemirim;Engenharia Mecânica;Superior;Resistência de materiais I;2024/1;Rep. Falta;2;18.180 %
Campus Cachoeiro de Itapemirim;Engenharia Mecânica;Superior;Resistência de materiais I;2024/1;Aprovado;3;27.270 %
Campus Cachoeiro de Itapemirim;Engenharia Mecânica;Superior;Resistência de materiais I;2024/2;Aprovado;2;50.000 %
Campus Cachoeiro de Itapemirim;Engenharia Mecânica;Superior;Resistência de materiais I;2023/1;Reprovado;1;100.000 %
Campus Cachoeiro de Itapemirim;Engenharia Mecânica;Superior;Resistência de materiais I;2025/1;Rep. Falta;1;12.500 %
Campus Cachoeiro de Itapemirim;Engenharia Mecânica;Superior;Resistência de materiais I;2025/1;Reprovado;3;37.500 %
Campus Cachoeiro de Itapemirim;Engenharia Mecânica;Superior;Resistência de materiais I;2025/1;Aprovado;4;50.000 %
Campus Cachoeiro de Itapemirim;Engenharia Mecânica;Superior;Resistência de materiais I;2026/1;Reprovado;8;53.330 %
Campus Cachoeiro de Itapemirim;Engenharia Mecânica;Superior;Resistência de materiais I;2026/1;Aprovado;6;40.000 %
Campus Cachoeiro de Itapemirim;Engenharia Mecânica;Superior;Resistência de materiais I;2026/1;Rep. Falta;1;6.670 %
Campus Cachoeiro de Itapemirim;Engenharia Mecânica;Superior;Materiais de construção mecânica II;2026/1;Rep. Falta;2;11.110 %
Campus Cachoeiro de Itapemirim;Engenharia Mecânica;Superior;Materiais de construção mecânica II;2026/1;Aprovado;16;88.890 %
Campus Cachoeiro de Itapemirim;Engenharia Mecânica;Superior;Materiais de construção mecânica II;2025/1;Aprovado;10;100.000 %
Campus Cachoeiro de Itapemirim;Engenharia Mecânica;Superior;Materiais de construção mecânica II;2023/1;Aprovado;19;100.000 %
Campus Cachoeiro de Itapemirim;Engenharia Mecânica;Superior;Materiais de construção mecânica II;2024/1;Aprovado;3;100.000 %
Campus Cachoeiro de Itapemirim;Engenharia Mecânica;Superior;Materiais de construção mecânica II;2022/1;Aprovado;2;40.000 %
Campus Cachoeiro de Itapemirim;Engenharia Mecânica;Superior;Materiais de construção mecânica II;2022/1;Reprovado;3;60.000 %
Campus Cachoeiro de Itapemirim;Engenharia Mecânica;Superior;Materiais de construção mecânica II;2021/1;Aprovado;2;100.000 %
Campus Cachoeiro de Itapemirim;Engenharia Mecânica;Superior;Materiais de construção mecânica II;2019/1;Aprovado;1;100.000 %
Campus Cachoeiro de Itapemirim;Engenharia Mecânica;Superior;Transferência de calor I;2022/1;Reprovado;2;100.000 %
Campus Cachoeiro de Itapemirim;Engenharia Mecânica;Superior;Transferência de calor I;2024/1;Aprovado;2;50.000 %
Campus Cachoeiro de Itapemirim;Engenharia Mecânica;Superior;Transferência de calor I;2024/1;Reprovado;2;50.000 %
Campus Cachoeiro de Itapemirim;Engenharia Mecânica;Superior;Transferência de calor I;2023/1;Reprovado;2;40.000 %
Campus Cachoeiro de Itapemirim;Engenharia Mecânica;Superior;Transferência de calor I;2023/1;Aprovado;2;40.000 %
Campus Cachoeiro de Itapemirim;Engenharia Mecânica;Superior;Transferência de calor I;2023/1;Rep. Falta;1;20.000 %
Campus Cachoeiro de Itapemirim;Engenharia Mecânica;Superior;Transferência de calor I;2023/2;Aprovado;1;100.000 %
Campus Cachoeiro de Itapemirim;Engenharia Mecânica;Superior;Transferência de calor I;2025/1;Aprovado;10;76.920 %
Campus Cachoeiro de Itapemirim;Engenharia Mecânica;Superior;Transferência de calor I;2025/1;Reprovado;3;23.080 %
Campus Cachoeiro de Itapemirim;Engenharia Mecânica;Superior;Transferência de calor I;2026/1;Reprovado;2;18.180 %
Campus Cachoeiro de Itapemirim;Engenharia Mecânica;Superior;Transferência de calor I;2026/1;Aprovado;9;81.820 %
Campus Cachoeiro de Itapemirim;Engenharia Mecânica;Superior;Mecânica de fluidos II;2026/1;Reprovado;1;8.330 %
Campus Cachoeiro de Itapemirim;Engenharia Mecânica;Superior;Mecânica de fluidos II;2026/1;Aprovado;11;91.670 %
Campus Cachoeiro de Itapemirim;Engenharia Mecânica;Superior;Mecânica de fluidos II;2025/1;Aprovado;10;100.000 %
Campus Cachoeiro de Itapemirim;Engenharia Mecânica;Superior;Mecânica de fluidos II;2023/1;Reprovado;1;25.000 %
Campus Cachoeiro de Itapemirim;Engenharia Mecânica;Superior;Mecânica de fluidos II;2023/1;Aprovado;3;75.000 %
Campus Cachoeiro de Itapemirim;Engenharia Mecânica;Superior;Mecânica de fluidos II;2024/1;Aprovado;6;100.000 %
Campus Cachoeiro de Itapemirim;Engenharia Mecânica;Superior;Mecânica de fluidos II;2022/1;Aprovado;1;25.000 %
Campus Cachoeiro de Itapemirim;Engenharia Mecânica;Superior;Mecânica de fluidos II;2022/1;Reprovado;3;75.000 %
Campus Cachoeiro de Itapemirim;Engenharia Mecânica;Superior;Termodinâmica II;2022/1;Reprovado;4;80.000 %
Campus Cachoeiro de Itapemirim;Engenharia Mecânica;Superior;Termodinâmica II;2022/1;Aprovado;1;20.000 %
Campus Cachoeiro de Itapemirim;Engenharia Mecânica;Superior;Termodinâmica II;2021/1;Aprovado;1;100.000 %
Campus Cachoeiro de Itapemirim;Engenharia Mecânica;Superior;Termodinâmica II;2020/1;Reprovado;1;100.000 %
Campus Cachoeiro de Itapemirim;Engenharia Mecânica;Superior;Termodinâmica II;2024/1;Aprovado;6;100.000 %
Campus Cachoeiro de Itapemirim;Engenharia Mecânica;Superior;Termodinâmica II;2023/1;Aprovado;7;87.500 %
Campus Cachoeiro de Itapemirim;Engenharia Mecânica;Superior;Termodinâmica II;2023/1;Reprovado;1;12.500 %
Campus Cachoeiro de Itapemirim;Engenharia Mecânica;Superior;Termodinâmica II;2025/1;Aprovado;11;91.670 %
Campus Cachoeiro de Itapemirim;Engenharia Mecânica;Superior;Termodinâmica II;2026/1;Aprovado;15;93.750 %
Campus Cachoeiro de Itapemirim;Engenharia Mecânica;Superior;Termodinâmica II;2026/1;Rep. Falta;1;6.250 %
Campus Cachoeiro de Itapemirim;Engenharia Mecânica;Superior;Mecanismos;2026/1;Rep. Falta;1;9.090 %
Campus Cachoeiro de Itapemirim;Engenharia Mecânica;Superior;Mecanismos;2026/1;Reprovado;2;18.180 %
Campus Cachoeiro de Itapemirim;Engenharia Mecânica;Superior;Mecanismos;2026/1;Aprovado;8;72.730 %
Campus Cachoeiro de Itapemirim;Engenharia Mecânica;Superior;Mecanismos;2025/2;Reprovado;1;16.670 %
Campus Cachoeiro de Itapemirim;Engenharia Mecânica;Superior;Mecanismos;2025/2;Rep. Falta;1;16.670 %
Campus Cachoeiro de Itapemirim;Engenharia Mecânica;Superior;Mecanismos;2025/2;Aprovado;3;50.000 %
Campus Cachoeiro de Itapemirim;Engenharia Mecânica;Superior;Mecanismos;2025/1;Aprovado;5;71.430 %
Campus Cachoeiro de Itapemirim;Engenharia Mecânica;Superior;Mecanismos;2025/1;Reprovado;2;28.570 %
Campus Cachoeiro de Itapemirim;Engenharia Mecânica;Superior;Mecanismos;2024/1;Aprovado;3;30.000 %
Campus Cachoeiro de Itapemirim;Engenharia Mecânica;Superior;Mecanismos;2024/1;Rep. Falta;1;10.000 %
Campus Cachoeiro de Itapemirim;Engenharia Mecânica;Superior;Mecanismos;2024/1;Reprovado;6;60.000 %
Campus Cachoeiro de Itapemirim;Engenharia Mecânica;Superior;Mecanismos;2024/2;Aprovado;2;100.000 %
Campus Cachoeiro de Itapemirim;Engenharia Mecânica;Superior;Mecanismos;2022/1;Reprovado;2;50.000 %
Campus Cachoeiro de Itapemirim;Engenharia Mecânica;Superior;Mecanismos;2022/1;Aprovado;1;25.000 %
Campus Cachoeiro de Itapemirim;Engenharia Mecânica;Superior;Segurança do trabalho;2022/2;Aprovado;6;100.000 %
Campus Cachoeiro de Itapemirim;Engenharia Mecânica;Superior;Segurança do trabalho;2021/1;Reprovado;1;50.000 %
Campus Cachoeiro de Itapemirim;Engenharia Mecânica;Superior;Segurança do trabalho;2021/1;Aprovado;1;50.000 %
Campus Cachoeiro de Itapemirim;Engenharia Mecânica;Superior;Segurança do trabalho;2024/2;Aprovado;7;87.500 %
Campus Cachoeiro de Itapemirim;Engenharia Mecânica;Superior;Segurança do trabalho;2023/2;Aprovado;9;81.820 %
Campus Cachoeiro de Itapemirim;Engenharia Mecânica;Superior;Segurança do trabalho;2023/2;Rep. Falta;1;9.090 %
Campus Cachoeiro de Itapemirim;Engenharia Mecânica;Superior;Segurança do trabalho;2025/2;Aprovado;15;88.240 %
Campus Cachoeiro de Itapemirim;Engenharia Mecânica;Superior;Segurança do trabalho;2025/2;Rep. Falta;1;5.880 %
Campus Cachoeiro de Itapemirim;Engenharia Mecânica;Superior;Processos de fabricação I;2025/2;Aprovado;7;100.000 %
Campus Cachoeiro de Itapemirim;Engenharia Mecânica;Superior;Processos de fabricação I;2023/2;Aprovado;15;83.330 %
Campus Cachoeiro de Itapemirim;Engenharia Mecânica;Superior;Processos de fabricação I;2024/2;Aprovado;6;100.000 %
Campus Cachoeiro de Itapemirim;Engenharia Mecânica;Superior;Processos de fabricação I;2022/2;Aprovado;5;100.000 %
Campus Cachoeiro de Itapemirim;Engenharia Mecânica;Superior;Controle dimensional;2022/2;Aprovado;2;100.000 %
Campus Cachoeiro de Itapemirim;Engenharia Mecânica;Superior;Controle dimensional;2022/1;Aprovado;2;50.000 %
Campus Cachoeiro de Itapemirim;Engenharia Mecânica;Superior;Controle dimensional;2021/2;Aprovado;1;100.000 %
Campus Cachoeiro de Itapemirim;Engenharia Mecânica;Superior;Controle dimensional;2019/2;Aprovado;1;100.000 %
Campus Cachoeiro de Itapemirim;Engenharia Mecânica;Superior;Controle dimensional;2024/2;Aprovado;7;77.780 %
Campus Cachoeiro de Itapemirim;Engenharia Mecânica;Superior;Controle dimensional;2023/2;Aprovado;5;83.330 %
Campus Cachoeiro de Itapemirim;Engenharia Mecânica;Superior;Controle dimensional;2023/2;Rep. Falta;1;16.670 %
Campus Cachoeiro de Itapemirim;Engenharia Mecânica;Superior;Controle dimensional;2023/1;Aproveit. Disciplina;1;16.670 %
Campus Cachoeiro de Itapemirim;Engenharia Mecânica;Superior;Controle dimensional;2023/1;Aprovado;5;83.330 %
Campus Cachoeiro de Itapemirim;Engenharia Mecânica;Superior;Controle dimensional;2025/2;Aprovado;14;100.000 %
Campus Cachoeiro de Itapemirim;Engenharia Mecânica;Superior;Eletrotécnica industrial;2025/2;Aprovado;8;100.000 %
Campus Cachoeiro de Itapemirim;Engenharia Mecânica;Superior;Eletrotécnica industrial;2023/2;Aprovado;6;100.000 %
Campus Cachoeiro de Itapemirim;Engenharia Mecânica;Superior;Eletrotécnica industrial;2024/2;Aprovado;1;100.000 %
Campus Cachoeiro de Itapemirim;Engenharia Mecânica;Superior;Eletrotécnica industrial;2022/2;Aprovado;1;100.000 %
Campus Cachoeiro de Itapemirim;Engenharia Mecânica;Superior;Transferência de calor II;2024/2;Aprovado;5;71.430 %
Campus Cachoeiro de Itapemirim;Engenharia Mecânica;Superior;Transferência de calor II;2024/2;Rep. Falta;1;14.290 %
Campus Cachoeiro de Itapemirim;Engenharia Mecânica;Superior;Transferência de calor II;2023/2;Reprovado;3;60.000 %
Campus Cachoeiro de Itapemirim;Engenharia Mecânica;Superior;Transferência de calor II;2023/2;Aprovado;2;40.000 %
Campus Cachoeiro de Itapemirim;Engenharia Mecânica;Superior;Transferência de calor II;2025/2;Aprovado;9;90.000 %
Campus Cachoeiro de Itapemirim;Engenharia Mecânica;Superior;Transferência de calor II;2025/2;Rep. Falta;1;10.000 %
Campus Cachoeiro de Itapemirim;Engenharia Mecânica;Superior;Elementos de máquinas I;2025/2;Aprovado;7;100.000 %
Campus Cachoeiro de Itapemirim;Engenharia Mecânica;Superior;Elementos de máquinas I;2023/2;Rep. Falta;1;20.000 %
Campus Cachoeiro de Itapemirim;Engenharia Mecânica;Superior;Elementos de máquinas I;2023/2;Aprovado;4;80.000 %
Campus Cachoeiro de Itapemirim;Engenharia Mecânica;Superior;Elementos de máquinas I;2024/2;Aprovado;1;100.000 %
Campus Cachoeiro de Itapemirim;Engenharia Mecânica;Superior;Elementos de máquinas I;2022/2;Aprovado;3;100.000 %
Campus Cachoeiro de Itapemirim;Engenharia Mecânica;Superior;Resistência de materiais II;2024/2;Rep. Falta;1;16.670 %
Campus Cachoeiro de Itapemirim;Engenharia Mecânica;Superior;Resistência de materiais II;2024/2;Aprovado;2;33.330 %
Campus Cachoeiro de Itapemirim;Engenharia Mecânica;Superior;Resistência de materiais II;2024/2;Reprovado;3;50.000 %
Campus Cachoeiro de Itapemirim;Engenharia Mecânica;Superior;Resistência de materiais II;2023/2;Reprovado;1;100.000 %
Campus Cachoeiro de Itapemirim;Engenharia Mecânica;Superior;Resistência de materiais II;2025/2;Aprovado;7;63.640 %
Campus Cachoeiro de Itapemirim;Engenharia Mecânica;Superior;Resistência de materiais II;2025/2;Reprovado;4;36.360 %
Campus Cachoeiro de Itapemirim;Engenharia Mecânica;Superior;Máquinas de fluxo;2025/2;Aprovado;7;100.000 %
Campus Cachoeiro de Itapemirim;Engenharia Mecânica;Superior;Máquinas de fluxo;2023/2;Aprovado;4;80.000 %
Campus Cachoeiro de Itapemirim;Engenharia Mecânica;Superior;Máquinas de fluxo;2023/2;Reprovado;1;20.000 %
Campus Cachoeiro de Itapemirim;Engenharia Mecânica;Superior;Máquinas de fluxo;2024/2;Aprovado;12;100.000 %
Campus Cachoeiro de Itapemirim;Engenharia Mecânica;Superior;Máquinas de fluxo;2022/2;Aprovado;3;100.000 %
Campus Cachoeiro de Itapemirim;Engenharia Mecânica;Superior;Máquinas de fluxo;2019/2;Aprovado;1;100.000 %
Campus Cachoeiro de Itapemirim;Engenharia Mecânica;Superior;Sociologia e cidadania;2020/1;Aprovado;1;100.000 %
Campus Cachoeiro de Itapemirim;Engenharia Mecânica;Superior;Sociologia e cidadania;2022/1;Aprovado;1;50.000 %
Campus Cachoeiro de Itapemirim;Engenharia Mecânica;Superior;Sociologia e cidadania;2024/1;Aproveit. Disciplina;1;9.090 %
Campus Cachoeiro de Itapemirim;Engenharia Mecânica;Superior;Sociologia e cidadania;2024/1;Aprovado;10;90.910 %
Campus Cachoeiro de Itapemirim;Engenharia Mecânica;Superior;Sociologia e cidadania;2023/1;Aprovado;3;100.000 %
Campus Cachoeiro de Itapemirim;Engenharia Mecânica;Superior;Sociologia e cidadania;2025/1;Aprovado;12;80.000 %
Campus Cachoeiro de Itapemirim;Engenharia Mecânica;Superior;Sociologia e cidadania;2026/1;Rep. Falta;2;10.000 %
Campus Cachoeiro de Itapemirim;Engenharia Mecânica;Superior;Sociologia e cidadania;2026/1;Aprovado;18;90.000 %
Campus Cachoeiro de Itapemirim;Engenharia Mecânica;Superior;Máquinas térmicas;2026/1;Aprovado;15;100.000 %
Campus Cachoeiro de Itapemirim;Engenharia Mecânica;Superior;Máquinas térmicas;2025/1;Aprovado;3;100.000 %
Campus Cachoeiro de Itapemirim;Engenharia Mecânica;Superior;Máquinas térmicas;2023/1;Aprovado;3;100.000 %
Campus Cachoeiro de Itapemirim;Engenharia Mecânica;Superior;Máquinas térmicas;2024/1;Aprovado;6;100.000 %
Campus Cachoeiro de Itapemirim;Engenharia Mecânica;Superior;Seleção de materiais;2024/1;Aprovado;5;83.330 %
Campus Cachoeiro de Itapemirim;Engenharia Mecânica;Superior;Seleção de materiais;2024/1;Reprovado;1;16.670 %
Campus Cachoeiro de Itapemirim;Engenharia Mecânica;Superior;Seleção de materiais;2023/1;Aprovado;2;100.000 %
Campus Cachoeiro de Itapemirim;Engenharia Mecânica;Superior;Seleção de materiais;2025/1;Rep. Falta;1;14.290 %
Campus Cachoeiro de Itapemirim;Engenharia Mecânica;Superior;Seleção de materiais;2025/1;Aprovado;6;85.710 %
Campus Cachoeiro de Itapemirim;Engenharia Mecânica;Superior;Seleção de materiais;2026/1;Rep. Falta;1;6.670 %
Campus Cachoeiro de Itapemirim;Engenharia Mecânica;Superior;Seleção de materiais;2026/1;Aprovado;14;93.330 %
Campus Cachoeiro de Itapemirim;Engenharia Mecânica;Superior;Sistemas hidráulicos e pneumáticos;2026/1;Aprovado;12;92.310 %
Campus Cachoeiro de Itapemirim;Engenharia Mecânica;Superior;Sistemas hidráulicos e pneumáticos;2026/1;Rep. Falta;1;7.690 %
Campus Cachoeiro de Itapemirim;Engenharia Mecânica;Superior;Sistemas hidráulicos e pneumáticos;2025/1;Aprovado;5;100.000 %
Campus Cachoeiro de Itapemirim;Engenharia Mecânica;Superior;Sistemas hidráulicos e pneumáticos;2023/1;Aprovado;3;100.000 %
Campus Cachoeiro de Itapemirim;Engenharia Mecânica;Superior;Sistemas hidráulicos e pneumáticos;2024/1;Aprovado;13;100.000 %
Campus Cachoeiro de Itapemirim;Engenharia Mecânica;Superior;Controle de sistemas dinâmicos;2024/1;Reprovado;3;100.000 %
Campus Cachoeiro de Itapemirim;Engenharia Mecânica;Superior;Controle de sistemas dinâmicos;2023/1;Rep. Falta;1;50.000 %
Campus Cachoeiro de Itapemirim;Engenharia Mecânica;Superior;Controle de sistemas dinâmicos;2023/1;Reprovado;1;50.000 %
Campus Cachoeiro de Itapemirim;Engenharia Mecânica;Superior;Controle de sistemas dinâmicos;2025/1;Aprovado;7;70.000 %
Campus Cachoeiro de Itapemirim;Engenharia Mecânica;Superior;Controle de sistemas dinâmicos;2025/1;Rep. Falta;2;20.000 %
Campus Cachoeiro de Itapemirim;Engenharia Mecânica;Superior;Controle de sistemas dinâmicos;2026/1;Aprovado;10;76.920 %
Campus Cachoeiro de Itapemirim;Engenharia Mecânica;Superior;Controle de sistemas dinâmicos;2026/1;Rep. Falta;3;23.080 %
Campus Cachoeiro de Itapemirim;Engenharia Mecânica;Superior;Instrumentação;2026/1;Aprovado;16;88.890 %
Campus Cachoeiro de Itapemirim;Engenharia Mecânica;Superior;Instrumentação;2026/1;Rep. Falta;1;5.560 %
Campus Cachoeiro de Itapemirim;Engenharia Mecânica;Superior;Instrumentação;2025/1;Aprovado;3;100.000 %
Campus Cachoeiro de Itapemirim;Engenharia Mecânica;Superior;Instrumentação;2025/1;Aprovado;2;66.670 %
Campus Cachoeiro de Itapemirim;Engenharia Mecânica;Superior;Instrumentação;2023/1;Aprovado;2;66.670 %
Campus Cachoeiro de Itapemirim;Engenharia Mecânica;Superior;Instrumentação;2023/1;Aprovado;2;100.000 %
Campus Cachoeiro de Itapemirim;Engenharia Mecânica;Superior;Instrumentação;2023/1;Aproveit. Disciplina;1;33.330 %
Campus Cachoeiro de Itapemirim;Engenharia Mecânica;Superior;Instrumentação;2024/1;Aprovado;10;100.000 %
Campus Cachoeiro de Itapemirim;Engenharia Mecânica;Superior;Processos de fabricação II;2024/1;Aprovado;9;100.000 %
Campus Cachoeiro de Itapemirim;Engenharia Mecânica;Superior;Processos de fabricação II;2023/1;Aprovado;4;100.000 %
Campus Cachoeiro de Itapemirim;Engenharia Mecânica;Superior;Processos de fabricação II;2022/1;Aprovado;1;100.000 %
Campus Cachoeiro de Itapemirim;Engenharia Mecânica;Superior;Processos de fabricação II;2019/1;Aprovado;1;100.000 %
Campus Cachoeiro de Itapemirim;Engenharia Mecânica;Superior;Processos de fabricação II;2025/1;Aprovado;8;100.000 %
Campus Cachoeiro de Itapemirim;Engenharia Mecânica;Superior;Processos de fabricação II;2026/1;Aprovado;14;100.000 %
Campus Cachoeiro de Itapemirim;Engenharia Mecânica;Superior;Elementos de máquinas II;2026/1;Aprovado;12;100.000 %
Campus Cachoeiro de Itapemirim;Engenharia Mecânica;Superior;Elementos de máquinas II;2025/1;Aprovado;4;100.000 %
Campus Cachoeiro de Itapemirim;Engenharia Mecânica;Superior;Elementos de máquinas II;2024/1;Aprovado;2;100.000 %
Campus Cachoeiro de Itapemirim;Engenharia Mecânica;Superior;Introdução à administração;2024/2;Rep. Falta;2;16.670 %
Campus Cachoeiro de Itapemirim;Engenharia Mecânica;Superior;Introdução à administração;2024/2;Aprovado;9;75.000 %
Campus Cachoeiro de Itapemirim;Engenharia Mecânica;Superior;Introdução à administração;2023/2;Aprovado;5;83.330 %
Campus Cachoeiro de Itapemirim;Engenharia Mecânica;Superior;Introdução à administração;2023/2;Rep. Falta;1;16.670 %
Campus Cachoeiro de Itapemirim;Engenharia Mecânica;Superior;Introdução à administração;2020/2;Aprovado;3;100.000 %
Campus Cachoeiro de Itapemirim;Engenharia Mecânica;Superior;Introdução à administração;2022/2;Aprovado;1;100.000 %
Campus Cachoeiro de Itapemirim;Engenharia Mecânica;Superior;Introdução à administração;2025/2;Rep. Falta;1;20.000 %
Campus Cachoeiro de Itapemirim;Engenharia Mecânica;Superior;Introdução à administração;2025/2;Aprovado;4;80.000 %
Campus Cachoeiro de Itapemirim;Engenharia Mecânica;Superior;Engenharia econômica;2025/2;Aprovado;5;83.330 %
Campus Cachoeiro de Itapemirim;Engenharia Mecânica;Superior;Engenharia econômica;2022/2;Aprovado;4;100.000 %
Campus Cachoeiro de Itapemirim;Engenharia Mecânica;Superior;Engenharia econômica;2021/2;Aprovado;1;50.000 %
Campus Cachoeiro de Itapemirim;Engenharia Mecânica;Superior;Engenharia econômica;2021/2;Rep. Falta;1;50.000 %
Campus Cachoeiro de Itapemirim;Engenharia Mecânica;Superior;Engenharia econômica;2023/2;Aprovado;4;100.000 %
Campus Cachoeiro de Itapemirim;Engenharia Mecânica;Superior;Engenharia econômica;2024/2;Aprovado;6;85.710 %
Campus Cachoeiro de Itapemirim;Engenharia Mecânica;Superior;Vibrações de sistemas mecânicos;2024/2;Aprovado;3;100.000 %
Campus Cachoeiro de Itapemirim;Engenharia Mecânica;Superior;Vibrações de sistemas mecânicos;2023/2;Aprovado;1;50.000 %
Campus Cachoeiro de Itapemirim;Engenharia Mecânica;Superior;Vibrações de sistemas mecânicos;2023/2;Reprovado;1;50.000 %
Campus Cachoeiro de Itapemirim;Engenharia Mecânica;Superior;Vibrações de sistemas mecânicos;2025/2;Reprovado;1;12.500 %
Campus Cachoeiro de Itapemirim;Engenharia Mecânica;Superior;Vibrações de sistemas mecânicos;2025/2;Aprovado;7;87.500 %
Campus Cachoeiro de Itapemirim;Engenharia Mecânica;Superior;Usinagem;2025/2;Aprovado;2;100.000 %
Campus Cachoeiro de Itapemirim;Engenharia Mecânica;Superior;Usinagem;2023/2;Aprovado;10;100.000 %
Campus Cachoeiro de Itapemirim;Engenharia Mecânica;Superior;Usinagem;2024/2;Aprovado;13;92.860 %
Campus Cachoeiro de Itapemirim;Engenharia Mecânica;Superior;Refrigeração e ar condicionado;2024/2;Aprovado;3;75.000 %
Campus Cachoeiro de Itapemirim;Engenharia Mecânica;Superior;Refrigeração e ar condicionado;2024/2;Reprovado;1;25.000 %
Campus Cachoeiro de Itapemirim;Engenharia Mecânica;Superior;Refrigeração e ar condicionado;2023/2;Aprovado;3;100.000 %
Campus Cachoeiro de Itapemirim;Engenharia Mecânica;Superior;Refrigeração e ar condicionado;2025/2;Aprovado;7;100.000 %
Campus Cachoeiro de Itapemirim;Engenharia Mecânica;Superior;Manutenção industrial;2025/2;Aprovado;8;88.890 %
Campus Cachoeiro de Itapemirim;Engenharia Mecânica;Superior;Manutenção industrial;2023/2;Aprovado;4;100.000 %
Campus Cachoeiro de Itapemirim;Engenharia Mecânica;Superior;Manutenção industrial;2024/2;Reprovado;1;16.670 %
Campus Cachoeiro de Itapemirim;Engenharia Mecânica;Superior;Manutenção industrial;2024/2;Aprovado;5;83.330 %
Campus Cachoeiro de Itapemirim;Engenharia Mecânica;Superior;Manutenção industrial;2022/2;Aproveit. Disciplina;1;100.000 %
Campus Cachoeiro de Itapemirim;Engenharia Mecânica;Superior;Empreendedorismo;2022/2;Aprovado;1;100.000 %
Campus Cachoeiro de Itapemirim;Engenharia Mecânica;Superior;Empreendedorismo;2021/2;Rep. Falta;1;100.000 %
Campus Cachoeiro de Itapemirim;Engenharia Mecânica;Superior;Empreendedorismo;2020/2;Aprovado;3;100.000 %
Campus Cachoeiro de Itapemirim;Engenharia Mecânica;Superior;Empreendedorismo;2019/2;Aprovado;1;100.000 %
Campus Cachoeiro de Itapemirim;Engenharia Mecânica;Superior;Empreendedorismo;2024/2;Aprovado;9;90.000 %
Campus Cachoeiro de Itapemirim;Engenharia Mecânica;Superior;Empreendedorismo;2023/2;Aprovado;3;100.000 %
Campus Cachoeiro de Itapemirim;Engenharia Mecânica;Superior;Empreendedorismo;2025/2;Aprovado;7;87.500 %
Campus Cachoeiro de Itapemirim;Engenharia Mecânica;Superior;Empreendedorismo;2025/2;Reprovado;1;12.500 %
Campus Cachoeiro de Itapemirim;Engenharia Mecânica;Superior;Direito e ética aplicados;2025/1;Reprovado;1;11.110 %
Campus Cachoeiro de Itapemirim;Engenharia Mecânica;Superior;Direito e ética aplicados;2025/1;Aprovado;7;77.780 %
Campus Cachoeiro de Itapemirim;Engenharia Mecânica;Superior;Direito e ética aplicados;2026/1;Aprovado;6;75.000 %
Campus Cachoeiro de Itapemirim;Engenharia Mecânica;Superior;Direito e ética aplicados;2023/1;Aprovado;6;100.000 %
Campus Cachoeiro de Itapemirim;Engenharia Mecânica;Superior;Direito e ética aplicados;2024/1;Aprovado;4;100.000 %
Campus Cachoeiro de Itapemirim;Engenharia Mecânica;Superior;Direito e ética aplicados;2019/1;Aprovado;1;100.000 %
Campus Cachoeiro de Itapemirim;Engenharia Mecânica;Superior;Direito e ética aplicados;2021/1;Aprovado;1;100.000 %
Campus Cachoeiro de Itapemirim;Engenharia Mecânica;Superior;Planejamento e controle de produção;2024/1;Aprovado;3;100.000 %
Campus Cachoeiro de Itapemirim;Engenharia Mecânica;Superior;Planejamento e controle de produção;2026/1;Aprovado;8;88.890 %
Campus Cachoeiro de Itapemirim;Engenharia Mecânica;Superior;Planejamento e controle de produção;2026/1;Rep. Falta;1;11.110 %
Campus Cachoeiro de Itapemirim;Engenharia Mecânica;Superior;Planejamento e controle de produção;2025/1;Aprovado;9;100.000 %
Campus Cachoeiro de Itapemirim;Engenharia Mecânica;Superior;Equipamentos mecânicos industriais;2025/1;Aprovado;6;85.710 %
Campus Cachoeiro de Itapemirim;Engenharia Mecânica;Superior;Equipamentos mecânicos industriais;2026/1;Aprovado;9;90.000 %
Campus Cachoeiro de Itapemirim;Engenharia Mecânica;Superior;Equipamentos mecânicos industriais;2024/1;Aprovado;5;100.000 %
Campus Cachoeiro de Itapemirim;Engenharia Mecânica;Superior;Equipamentos mecânicos industriais;2023/1;Aprovado;3;100.000 %
Campus Cachoeiro de Itapemirim;Engenharia Mecânica;Superior;Equipamentos mecânicos industriais;2019/1;Aprovado;1;100.000 %
Campus Cachoeiro de Itapemirim;Engenharia Mecânica;Superior;Administração da produção;2023/1;Aprovado;3;60.000 %
Campus Cachoeiro de Itapemirim;Engenharia Mecânica;Superior;Administração da produção;2024/1;Aprovado;4;100.000 %
Campus Cachoeiro de Itapemirim;Engenharia Mecânica;Superior;Administração da produção;2026/1;Aprovado;6;54.550 %
Campus Cachoeiro de Itapemirim;Engenharia Mecânica;Superior;Administração da produção;2025/1;Aprovado;13;81.250 %
Campus Cachoeiro de Itapemirim;Engenharia Mecânica;Superior;Administração da produção;2025/1;Rep. Falta;2;12.500 %
Campus Cachoeiro de Itapemirim;Engenharia Mecânica;Superior;Lubrificação;2025/1;Aprovado;7;87.500 %
Campus Cachoeiro de Itapemirim;Engenharia Mecânica;Superior;Lubrificação;2026/1;Aprovado;9;100.000 %
Campus Cachoeiro de Itapemirim;Engenharia Mecânica;Superior;Lubrificação;2024/1;Aprovado;5;83.330 %
Campus Cachoeiro de Itapemirim;Engenharia Mecânica;Superior;Lubrificação;2023/1;Aprovado;2;100.000 %
Campus Cachoeiro de Itapemirim;Engenharia Mecânica;Superior;Lubrificação;2022/1;Aprovado;1;100.000 %
Campus Cachoeiro de Itapemirim;Engenharia Mecânica;Superior;Metodologia da pesquisa;2026/1;Aprovado;3;100.000 %
Campus Cachoeiro de Itapemirim;Engenharia Mecânica;Superior;Metodologia da pesquisa;2026/1;Aprovado;4;100.000 %
Campus Cachoeiro de Itapemirim;Engenharia Mecânica;Superior;Metodologia da pesquisa;2026/1;Aprovado;1;100.000 %
Campus Cachoeiro de Itapemirim;Engenharia Mecânica;Superior;Metodologia da pesquisa;2025/1;Aprovado;1;50.000 %
Campus Cachoeiro de Itapemirim;Engenharia Mecânica;Superior;Metodologia da pesquisa;2025/1;Aprovado;1;100.000 %
Campus Cachoeiro de Itapemirim;Engenharia Mecânica;Superior;Metodologia da pesquisa;2025/1;Rep. Falta;1;50.000 %
Campus Cachoeiro de Itapemirim;Engenharia Mecânica;Superior;Metodologia da pesquisa;2025/1;Reprovado;1;100.000 %
Campus Cachoeiro de Itapemirim;Engenharia Mecânica;Superior;Metodologia da pesquisa;2025/2;Aprovado;1;50.000 %
Campus Cachoeiro de Itapemirim;Engenharia Mecânica;Superior;Metodologia da pesquisa;2025/2;Aprovado;1;100.000 %
Campus Cachoeiro de Itapemirim;Engenharia Mecânica;Superior;Metodologia da pesquisa;2025/2;Reprovado;1;50.000 %
Campus Cachoeiro de Itapemirim;Engenharia Mecânica;Superior;Metodologia da pesquisa;2025/2;Rep. Falta;1;100.000 %
Campus Cachoeiro de Itapemirim;Engenharia Mecânica;Superior;Metodologia da pesquisa;2025/2;Reprovado;1;25.000 %
Campus Cachoeiro de Itapemirim;Engenharia Mecânica;Superior;Metodologia da pesquisa;2025/2;Aprovado;2;50.000 %
Campus Cachoeiro de Itapemirim;Engenharia Mecânica;Superior;Metodologia da pesquisa;2025/2;Aprovado;1;100.000 %
Campus Cachoeiro de Itapemirim;Engenharia Mecânica;Superior;Metodologia da pesquisa;2025/2;Aprovado;2;100.000 %
Campus Cachoeiro de Itapemirim;Engenharia Mecânica;Superior;Pesquisa aplicada;2025/2;Aprovado;1;100.000 %
Campus Cachoeiro de Itapemirim;Engenharia Mecânica;Superior;Pesquisa aplicada;2025/2;Aprovado;1;100.000 %
Campus Cachoeiro de Itapemirim;Engenharia Mecânica;Superior;Pesquisa aplicada;2026/1;Reprovado;2;100.000 %
Campus Cachoeiro de Itapemirim;Engenharia Mecânica;Superior;Pesquisa aplicada;2026/1;Reprovado;1;100.000 %
Campus Cachoeiro de Itapemirim;Engenharia Mecânica;Superior;Pesquisa aplicada;2026/1;Aprovado;1;100.000 %
Campus Cachoeiro de Itapemirim;Engenharia Mecânica;Superior;TCE;2026/1;Aprovado;2;100.000 %
Campus Cachoeiro de Itapemirim;Engenharia Mecânica;Superior;TCE;2025/2;Aprovado;4;80.000 %
Campus Cachoeiro de Itapemirim;Engenharia Mecânica;Superior;TCE;2024/2;Aprovado;2;66.670 %
Campus Cachoeiro de Itapemirim;Sistemas de Informação;Superior;Cálculo I;2024/1;Aprovado;11;78.570 %
Campus Cachoeiro de Itapemirim;Sistemas de Informação;Superior;Cálculo I;2024/1;Aprovado;16;94.120 %
Campus Cachoeiro de Itapemirim;Sistemas de Informação;Superior;Cálculo I;2024/1;Reprovado;3;21.430 %
Campus Cachoeiro de Itapemirim;Sistemas de Informação;Superior;Cálculo I;2024/1;Reprovado;1;5.880 %
Campus Cachoeiro de Itapemirim;Sistemas de Informação;Superior;Cálculo I;2023/1;Aprovado;16;88.890 %
Campus Cachoeiro de Itapemirim;Sistemas de Informação;Superior;Cálculo I;2023/1;Aprovado;14;100.000 %
Campus Cachoeiro de Itapemirim;Sistemas de Informação;Superior;Cálculo I;2023/1;Reprovado;1;5.560 %
Campus Cachoeiro de Itapemirim;Sistemas de Informação;Superior;Cálculo I;2023/1;Aproveit. Disciplina;1;5.560 %
Campus Cachoeiro de Itapemirim;Sistemas de Informação;Superior;Cálculo I;2022/1;Aprovado;7;87.500 %
Campus Cachoeiro de Itapemirim;Sistemas de Informação;Superior;Cálculo I;2022/1;Aprovado;5;83.330 %
Campus Cachoeiro de Itapemirim;Sistemas de Informação;Superior;Cálculo I;2022/1;Reprovado;1;12.500 %
Campus Cachoeiro de Itapemirim;Sistemas de Informação;Superior;Cálculo I;2022/1;Aproveit. Disciplina;1;16.670 %
Campus Cachoeiro de Itapemirim;Sistemas de Informação;Superior;Cálculo I;2019/1;Aprovado;2;100.000 %
Campus Cachoeiro de Itapemirim;Sistemas de Informação;Superior;Cálculo I;2019/2;Aproveit. Disciplina;1;100.000 %
Campus Cachoeiro de Itapemirim;Sistemas de Informação;Superior;Cálculo I;2018/1;Reprovado;1;50.000 %
Campus Cachoeiro de Itapemirim;Sistemas de Informação;Superior;Cálculo I;2018/1;Aprovado;1;50.000 %
Campus Cachoeiro de Itapemirim;Sistemas de Informação;Superior;Cálculo I;2015/1;Aprovado;1;100.000 %
Campus Cachoeiro de Itapemirim;Sistemas de Informação;Superior;Cálculo I;2021/1;Reprovado;1;33.330 %
Campus Cachoeiro de Itapemirim;Sistemas de Informação;Superior;Cálculo I;2021/1;Aprovado;2;66.670 %
Campus Cachoeiro de Itapemirim;Sistemas de Informação;Superior;Cálculo I;2020/1;Reprovado;1;100.000 %
Campus Cachoeiro de Itapemirim;Sistemas de Informação;Superior;Cálculo I;2020/1;Reprovado;1;50.000 %
Campus Cachoeiro de Itapemirim;Sistemas de Informação;Superior;Cálculo I;2020/1;Aprovado;1;50.000 %
Campus Cachoeiro de Itapemirim;Sistemas de Informação;Superior;Cálculo I;2025/1;Reprovado;1;5.880 %
Campus Cachoeiro de Itapemirim;Sistemas de Informação;Superior;Cálculo I;2025/1;Rep. Falta;1;5.000 %
Campus Cachoeiro de Itapemirim;Sistemas de Informação;Superior;Cálculo I;2025/1;Aprovado;17;85.000 %
Campus Cachoeiro de Itapemirim;Sistemas de Informação;Superior;Cálculo I;2025/1;Aprovado;16;94.120 %
Campus Cachoeiro de Itapemirim;Sistemas de Informação;Superior;Cálculo I;2026/1;Aprovado;26;59.090 %
Campus Cachoeiro de Itapemirim;Sistemas de Informação;Superior;Cálculo I;2026/1;Reprovado;12;27.270 %
Campus Cachoeiro de Itapemirim;Sistemas de Informação;Superior;Cálculo I;2026/1;Rep. Falta;6;13.640 %
Campus Cachoeiro de Itapemirim;Sistemas de Informação;Superior;Lógica;2026/1;Rep. Falta;4;10.000 %
Campus Cachoeiro de Itapemirim;Sistemas de Informação;Superior;Lógica;2026/1;Aprovado;36;90.000 %
Campus Cachoeiro de Itapemirim;Sistemas de Informação;Superior;Lógica;2025/1;Aprovado;35;94.590 %
Campus Cachoeiro de Itapemirim;Sistemas de Informação;Superior;Lógica;2020/1;Aprovado;2;40.000 %
Campus Cachoeiro de Itapemirim;Sistemas de Informação;Superior;Lógica;2020/1;Reprovado;3;60.000 %
Campus Cachoeiro de Itapemirim;Sistemas de Informação;Superior;Lógica;2021/1;Reprovado;2;50.000 %
Campus Cachoeiro de Itapemirim;Sistemas de Informação;Superior;Lógica;2021/1;Aprovado;2;50.000 %
Campus Cachoeiro de Itapemirim;Sistemas de Informação;Superior;Lógica;2015/1;Aprovado;1;100.000 %
Campus Cachoeiro de Itapemirim;Sistemas de Informação;Superior;Lógica;2018/1;Aprovado;1;50.000 %
Campus Cachoeiro de Itapemirim;Sistemas de Informação;Superior;Lógica;2018/1;Reprovado;1;50.000 %
Campus Cachoeiro de Itapemirim;Sistemas de Informação;Superior;Lógica;2019/1;Aprovado;1;100.000 %
Campus Cachoeiro de Itapemirim;Sistemas de Informação;Superior;Lógica;2022/1;Aprovado;15;100.000 %
Campus Cachoeiro de Itapemirim;Sistemas de Informação;Superior;Lógica;2023/1;Rep. Falta;1;3.130 %
Campus Cachoeiro de Itapemirim;Sistemas de Informação;Superior;Lógica;2023/1;Aprovado;31;96.880 %
Campus Cachoeiro de Itapemirim;Sistemas de Informação;Superior;Lógica;2024/1;Reprovado;2;6.670 %
Campus Cachoeiro de Itapemirim;Sistemas de Informação;Superior;Lógica;2024/1;Aprovado;27;90.000 %
Campus Cachoeiro de Itapemirim;Sistemas de Informação;Superior;Programação I;2024/1;Aprovado;8;47.060 %
Campus Cachoeiro de Itapemirim;Sistemas de Informação;Superior;Programação I;2024/2;Aprovado;12;85.710 %
Campus Cachoeiro de Itapemirim;Sistemas de Informação;Superior;Programação I;2024/2;Reprovado;1;7.140 %
Campus Cachoeiro de Itapemirim;Sistemas de Informação;Superior;Programação I;2024/2;Rep. Falta;1;7.140 %
Campus Cachoeiro de Itapemirim;Sistemas de Informação;Superior;Programação I;2024/1;Reprovado;7;46.670 %
Campus Cachoeiro de Itapemirim;Sistemas de Informação;Superior;Programação I;2024/1;Reprovado;8;47.060 %
Campus Cachoeiro de Itapemirim;Sistemas de Informação;Superior;Programação I;2024/1;Aprovado;7;46.670 %
Campus Cachoeiro de Itapemirim;Sistemas de Informação;Superior;Programação I;2024/1;Rep. Falta;1;5.880 %
Campus Cachoeiro de Itapemirim;Sistemas de Informação;Superior;Programação I;2024/1;Aproveit. Disciplina;1;6.670 %
Campus Cachoeiro de Itapemirim;Sistemas de Informação;Superior;Programação I;2023/1;Reprovado;1;5.260 %
Campus Cachoeiro de Itapemirim;Sistemas de Informação;Superior;Programação I;2023/1;Aprovado;17;89.470 %
Campus Cachoeiro de Itapemirim;Sistemas de Informação;Superior;Programação I;2023/1;Aprovado;15;100.000 %
Campus Cachoeiro de Itapemirim;Sistemas de Informação;Superior;Programação I;2023/1;Aproveit. Disciplina;1;5.260 %
Campus Cachoeiro de Itapemirim;Sistemas de Informação;Superior;Programação I;2022/1;Aprovado;6;100.000 %
Campus Cachoeiro de Itapemirim;Sistemas de Informação;Superior;Programação I;2022/1;Aprovado;7;87.500 %
Campus Cachoeiro de Itapemirim;Sistemas de Informação;Superior;Programação I;2022/1;Reprovado;1;12.500 %
Campus Cachoeiro de Itapemirim;Sistemas de Informação;Superior;Programação I;2019/1;Aprovado;2;100.000 %
Campus Cachoeiro de Itapemirim;Sistemas de Informação;Superior;Programação I;2018/1;Aprovado;1;50.000 %
Campus Cachoeiro de Itapemirim;Sistemas de Informação;Superior;Programação I;2018/1;Reprovado;1;50.000 %
Campus Cachoeiro de Itapemirim;Sistemas de Informação;Superior;Programação I;2015/1;Aprovado;1;100.000 %
Campus Cachoeiro de Itapemirim;Sistemas de Informação;Superior;Programação I;2021/1;Reprovado;1;33.330 %
Campus Cachoeiro de Itapemirim;Sistemas de Informação;Superior;Programação I;2021/1;Aprovado;2;66.670 %
Campus Cachoeiro de Itapemirim;Sistemas de Informação;Superior;Programação I;2020/1;Aprovado;1;50.000 %
Campus Cachoeiro de Itapemirim;Sistemas de Informação;Superior;Programação I;2020/1;Reprovado;1;50.000 %
Campus Cachoeiro de Itapemirim;Sistemas de Informação;Superior;Programação I;2020/1;Reprovado;1;100.000 %
Campus Cachoeiro de Itapemirim;Sistemas de Informação;Superior;Programação I;2025/1;Aprovado;14;93.330 %
Campus Cachoeiro de Itapemirim;Sistemas de Informação;Superior;Programação I;2025/1;Reprovado;1;6.670 %
Campus Cachoeiro de Itapemirim;Sistemas de Informação;Superior;Programação I;2025/1;Aprovado;18;90.000 %
Campus Cachoeiro de Itapemirim;Sistemas de Informação;Superior;Programação I;2026/1;Rep. Falta;3;13.640 %
Campus Cachoeiro de Itapemirim;Sistemas de Informação;Superior;Programação I;2026/1;Reprovado;2;9.090 %
Campus Cachoeiro de Itapemirim;Sistemas de Informação;Superior;Programação I;2026/1;Aprovado;17;77.270 %
Campus Cachoeiro de Itapemirim;Sistemas de Informação;Superior;Programação I;2026/1;Aprovado;22;95.650 %
Campus Cachoeiro de Itapemirim;Sistemas de Informação;Superior;Programação I;2026/1;Rep. Falta;1;4.350 %
Campus Cachoeiro de Itapemirim;Sistemas de Informação;Superior;Fundamentos de sistemas de informação;2025/1;Aprovado;34;94.440 %
Campus Cachoeiro de Itapemirim;Sistemas de Informação;Superior;Fundamentos de sistemas de informação;2020/1;Aprovado;3;75.000 %
Campus Cachoeiro de Itapemirim;Sistemas de Informação;Superior;Fundamentos de sistemas de informação;2020/1;Reprovado;1;25.000 %
Campus Cachoeiro de Itapemirim;Sistemas de Informação;Superior;Fundamentos de sistemas de informação;2021/1;Aprovado;2;66.670 %
Campus Cachoeiro de Itapemirim;Sistemas de Informação;Superior;Fundamentos de sistemas de informação;2021/1;Reprovado;1;33.330 %
Campus Cachoeiro de Itapemirim;Sistemas de Informação;Superior;Fundamentos de sistemas de informação;2015/1;Aprovado;1;100.000 %
Campus Cachoeiro de Itapemirim;Sistemas de Informação;Superior;Fundamentos de sistemas de informação;2018/1;Aprovado;2;100.000 %
Campus Cachoeiro de Itapemirim;Sistemas de Informação;Superior;Fundamentos de sistemas de informação;2019/1;Aprovado;1;100.000 %
Campus Cachoeiro de Itapemirim;Sistemas de Informação;Superior;Fundamentos de sistemas de informação;2022/1;Aprovado;14;100.000 %
Campus Cachoeiro de Itapemirim;Sistemas de Informação;Superior;Fundamentos de sistemas de informação;2023/1;Aprovado;30;96.770 %
Campus Cachoeiro de Itapemirim;Sistemas de Informação;Superior;Fundamentos de sistemas de informação;2023/1;Aproveit. Disciplina;1;3.230 %
Campus Cachoeiro de Itapemirim;Sistemas de Informação;Superior;Fundamentos de sistemas de informação;2024/1;Aprovado;29;96.670 %
Campus Cachoeiro de Itapemirim;Sistemas de Informação;Superior;Metodologia de pesquisa;2024/1;Aprovado;28;96.550 %
Campus Cachoeiro de Itapemirim;Sistemas de Informação;Superior;Metodologia de pesquisa;2023/1;Aprovado;29;96.670 %
Campus Cachoeiro de Itapemirim;Sistemas de Informação;Superior;Metodologia de pesquisa;2023/1;Aproveit. Disciplina;1;3.330 %
Campus Cachoeiro de Itapemirim;Sistemas de Informação;Superior;Metodologia de pesquisa;2022/1;Aprovado;14;93.330 %
Campus Cachoeiro de Itapemirim;Sistemas de Informação;Superior;Metodologia de pesquisa;2022/1;Aproveit. Disciplina;1;6.670 %
Campus Cachoeiro de Itapemirim;Sistemas de Informação;Superior;Metodologia de pesquisa;2019/1;Aprovado;1;100.000 %
Campus Cachoeiro de Itapemirim;Sistemas de Informação;Superior;Metodologia de pesquisa;2018/1;Reprovado;1;50.000 %
Campus Cachoeiro de Itapemirim;Sistemas de Informação;Superior;Metodologia de pesquisa;2018/1;Aprovado;1;50.000 %
Campus Cachoeiro de Itapemirim;Sistemas de Informação;Superior;Metodologia de pesquisa;2015/1;Aprovado;1;100.000 %
Campus Cachoeiro de Itapemirim;Sistemas de Informação;Superior;Metodologia de pesquisa;2021/1;Reprovado;2;50.000 %
Campus Cachoeiro de Itapemirim;Sistemas de Informação;Superior;Metodologia de pesquisa;2021/1;Aprovado;2;50.000 %
Campus Cachoeiro de Itapemirim;Sistemas de Informação;Superior;Metodologia de pesquisa;2020/1;Reprovado;2;50.000 %
Campus Cachoeiro de Itapemirim;Sistemas de Informação;Superior;Metodologia de pesquisa;2020/1;Aprovado;2;50.000 %
Campus Cachoeiro de Itapemirim;Sistemas de Informação;Superior;Metodologia de pesquisa;2025/1;Aprovado;34;97.140 %
Campus Cachoeiro de Itapemirim;Sistemas de Informação;Superior;Metodologia de pesquisa;2026/1;Rep. Falta;4;10.000 %
Campus Cachoeiro de Itapemirim;Sistemas de Informação;Superior;Metodologia de pesquisa;2026/1;Aprovado;33;82.500 %
Campus Cachoeiro de Itapemirim;Sistemas de Informação;Superior;Metodologia de pesquisa;2026/1;Reprovado;3;7.500 %
Campus Cachoeiro de Itapemirim;Sistemas de Informação;Superior;Comunicação empresarial;2026/1;Aprovado;37;92.500 %
Campus Cachoeiro de Itapemirim;Sistemas de Informação;Superior;Comunicação empresarial;2026/1;Rep. Falta;2;5.000 %
Campus Cachoeiro de Itapemirim;Sistemas de Informação;Superior;Comunicação empresarial;2026/1;Reprovado;1;2.500 %
Campus Cachoeiro de Itapemirim;Sistemas de Informação;Superior;Comunicação empresarial;2025/1;Aprovado;32;94.120 %
Campus Cachoeiro de Itapemirim;Sistemas de Informação;Superior;Comunicação empresarial;2025/1;Aproveit. Disciplina;1;2.940 %
Campus Cachoeiro de Itapemirim;Sistemas de Informação;Superior;Comunicação empresarial;2020/1;Aprovado;1;50.000 %
Campus Cachoeiro de Itapemirim;Sistemas de Informação;Superior;Comunicação empresarial;2020/1;Reprovado;1;50.000 %
Campus Cachoeiro de Itapemirim;Sistemas de Informação;Superior;Comunicação empresarial;2021/1;Reprovado;1;33.330 %
Campus Cachoeiro de Itapemirim;Sistemas de Informação;Superior;Comunicação empresarial;2021/1;Aprovado;2;66.670 %
Campus Cachoeiro de Itapemirim;Sistemas de Informação;Superior;Comunicação empresarial;2015/1;Aprovado;1;100.000 %
Campus Cachoeiro de Itapemirim;Sistemas de Informação;Superior;Comunicação empresarial;2018/1;Aprovado;2;100.000 %
Campus Cachoeiro de Itapemirim;Sistemas de Informação;Superior;Comunicação empresarial;2019/1;Aprovado;1;100.000 %
Campus Cachoeiro de Itapemirim;Sistemas de Informação;Superior;Comunicação empresarial;2022/1;Aproveit. Disciplina;1;7.690 %
Campus Cachoeiro de Itapemirim;Sistemas de Informação;Superior;Comunicação empresarial;2022/1;Aprovado;11;84.620 %
Campus Cachoeiro de Itapemirim;Sistemas de Informação;Superior;Comunicação empresarial;2022/1;Reprovado;1;7.690 %
Campus Cachoeiro de Itapemirim;Sistemas de Informação;Superior;Comunicação empresarial;2023/1;Aproveit. Disciplina;1;3.130 %
Campus Cachoeiro de Itapemirim;Sistemas de Informação;Superior;Comunicação empresarial;2023/1;Aprovado;31;96.880 %
Campus Cachoeiro de Itapemirim;Sistemas de Informação;Superior;Comunicação empresarial;2024/1;Aprovado;28;96.550 %
Campus Cachoeiro de Itapemirim;Sistemas de Informação;Superior;Cálculo II;2023/2;Reprovado;4;23.530 %
Campus Cachoeiro de Itapemirim;Sistemas de Informação;Superior;Cálculo II;2023/2;Reprovado;3;15.790 %
Campus Cachoeiro de Itapemirim;Sistemas de Informação;Superior;Cálculo II;2023/2;Aprovado;13;76.470 %
Campus Cachoeiro de Itapemirim;Sistemas de Informação;Superior;Cálculo II;2023/2;Aprovado;16;84.210 %
Campus Cachoeiro de Itapemirim;Sistemas de Informação;Superior;Cálculo II;2022/2;Aprovado;6;75.000 %
Campus Cachoeiro de Itapemirim;Sistemas de Informação;Superior;Cálculo II;2022/2;Aprovado;3;50.000 %
Campus Cachoeiro de Itapemirim;Sistemas de Informação;Superior;Cálculo II;2022/2;Reprovado;2;25.000 %
Campus Cachoeiro de Itapemirim;Sistemas de Informação;Superior;Cálculo II;2022/2;Reprovado;3;50.000 %
Campus Cachoeiro de Itapemirim;Sistemas de Informação;Superior;Cálculo II;2021/2;Rep. Falta;1;25.000 %
Campus Cachoeiro de Itapemirim;Sistemas de Informação;Superior;Cálculo II;2021/2;Aprovado;3;75.000 %
Campus Cachoeiro de Itapemirim;Sistemas de Informação;Superior;Cálculo II;2019/2;Reprovado;2;100.000 %
Campus Cachoeiro de Itapemirim;Sistemas de Informação;Superior;Cálculo II;2018/2;Aprovado;1;100.000 %
Campus Cachoeiro de Itapemirim;Sistemas de Informação;Superior;Cálculo II;2015/2;Aprovado;1;100.000 %
Campus Cachoeiro de Itapemirim;Sistemas de Informação;Superior;Cálculo II;2020/2;Aprovado;1;33.330 %
Campus Cachoeiro de Itapemirim;Sistemas de Informação;Superior;Cálculo II;2020/2;Reprovado;1;33.330 %
Campus Cachoeiro de Itapemirim;Sistemas de Informação;Superior;Cálculo II;2024/2;Reprovado;4;13.790 %
Campus Cachoeiro de Itapemirim;Sistemas de Informação;Superior;Cálculo II;2024/2;Reprovado;5;19.230 %
Campus Cachoeiro de Itapemirim;Sistemas de Informação;Superior;Cálculo II;2024/2;Aprovado;8;30.770 %
Campus Cachoeiro de Itapemirim;Sistemas de Informação;Superior;Cálculo II;2024/2;Aprovado;17;58.620 %
Campus Cachoeiro de Itapemirim;Sistemas de Informação;Superior;Cálculo II;2025/2;Aprovado;11;68.750 %
Campus Cachoeiro de Itapemirim;Sistemas de Informação;Superior;Cálculo II;2025/2;Aprovado;22;95.650 %
Campus Cachoeiro de Itapemirim;Sistemas de Informação;Superior;Cálculo II;2025/2;Rep. Falta;2;12.500 %
Campus Cachoeiro de Itapemirim;Sistemas de Informação;Superior;Cálculo II;2025/2;Reprovado;3;18.750 %
Campus Cachoeiro de Itapemirim;Sistemas de Informação;Superior;Cálculo II;2025/2;Reprovado;1;4.350 %
Campus Cachoeiro de Itapemirim;Sistemas de Informação;Superior;Matemática discreta;2025/2;Reprovado;6;15.380 %
Campus Cachoeiro de Itapemirim;Sistemas de Informação;Superior;Matemática discreta;2025/2;Aprovado;32;82.050 %
Campus Cachoeiro de Itapemirim;Sistemas de Informação;Superior;Matemática discreta;2024/2;Aprovado;19;55.880 %
Campus Cachoeiro de Itapemirim;Sistemas de Informação;Superior;Matemática discreta;2025/1;Reprovado;2;15.380 %
Campus Cachoeiro de Itapemirim;Sistemas de Informação;Superior;Matemática discreta;2025/1;Aprovado;11;84.620 %
Campus Cachoeiro de Itapemirim;Sistemas de Informação;Superior;Matemática discreta;2020/2;Aprovado;1;50.000 %
Campus Cachoeiro de Itapemirim;Sistemas de Informação;Superior;Matemática discreta;2015/2;Aprovado;1;100.000 %
Campus Cachoeiro de Itapemirim;Sistemas de Informação;Superior;Matemática discreta;2018/2;Aprovado;1;100.000 %
Campus Cachoeiro de Itapemirim;Sistemas de Informação;Superior;Matemática discreta;2019/2;Aprovado;1;100.000 %
Campus Cachoeiro de Itapemirim;Sistemas de Informação;Superior;Matemática discreta;2021/2;Aprovado;2;100.000 %
Campus Cachoeiro de Itapemirim;Sistemas de Informação;Superior;Matemática discreta;2022/2;Reprovado;14;87.500 %
Campus Cachoeiro de Itapemirim;Sistemas de Informação;Superior;Matemática discreta;2022/2;Aprovado;2;12.500 %
Campus Cachoeiro de Itapemirim;Sistemas de Informação;Superior;Matemática discreta;2023/2;Reprovado;14;43.750 %
Campus Cachoeiro de Itapemirim;Sistemas de Informação;Superior;Matemática discreta;2023/2;Aprovado;18;56.250 %
Campus Cachoeiro de Itapemirim;Sistemas de Informação;Superior;Matemática discreta;2024/1;Reprovado;3;37.500 %
Campus Cachoeiro de Itapemirim;Sistemas de Informação;Superior;Matemática discreta;2024/1;Aprovado;5;62.500 %
Campus Cachoeiro de Itapemirim;Sistemas de Informação;Superior;Matemática discreta;2024/2;Reprovado;14;41.180 %
Campus Cachoeiro de Itapemirim;Sistemas de Informação;Superior;Programação II;2023/2;Aprovado;14;82.350 %
Campus Cachoeiro de Itapemirim;Sistemas de Informação;Superior;Programação II;2023/2;Reprovado;1;5.560 %
Campus Cachoeiro de Itapemirim;Sistemas de Informação;Superior;Programação II;2023/2;Reprovado;3;17.650 %
Campus Cachoeiro de Itapemirim;Sistemas de Informação;Superior;Programação II;2023/2;Aprovado;17;94.440 %
Campus Cachoeiro de Itapemirim;Sistemas de Informação;Superior;Programação II;2022/2;Aprovado;5;83.330 %
Campus Cachoeiro de Itapemirim;Sistemas de Informação;Superior;Programação II;2022/2;Aprovado;5;62.500 %
Campus Cachoeiro de Itapemirim;Sistemas de Informação;Superior;Programação II;2022/2;Reprovado;3;37.500 %
Campus Cachoeiro de Itapemirim;Sistemas de Informação;Superior;Programação II;2022/2;Reprovado;1;16.670 %
Campus Cachoeiro de Itapemirim;Sistemas de Informação;Superior;Programação II;2021/2;Rep. Falta;1;50.000 %
Campus Cachoeiro de Itapemirim;Sistemas de Informação;Superior;Programação II;2021/2;Aprovado;1;50.000 %
Campus Cachoeiro de Itapemirim;Sistemas de Informação;Superior;Programação II;2021/2;Aprovado;1;100.000 %
Campus Cachoeiro de Itapemirim;Sistemas de Informação;Superior;Programação II;2019/2;Reprovado;1;33.330 %
Campus Cachoeiro de Itapemirim;Sistemas de Informação;Superior;Programação II;2019/2;Aprovado;2;66.670 %
Campus Cachoeiro de Itapemirim;Sistemas de Informação;Superior;Programação II;2018/2;Aprovado;1;100.000 %
Campus Cachoeiro de Itapemirim;Sistemas de Informação;Superior;Programação II;2015/2;Reprovado;1;100.000 %
Campus Cachoeiro de Itapemirim;Sistemas de Informação;Superior;Programação II;2016/2;Reprovado;1;100.000 %
Campus Cachoeiro de Itapemirim;Sistemas de Informação;Superior;Programação II;2017/2;Aprovado;1;100.000 %
Campus Cachoeiro de Itapemirim;Sistemas de Informação;Superior;Programação II;2020/2;Reprovado;1;50.000 %
Campus Cachoeiro de Itapemirim;Sistemas de Informação;Superior;Programação II;2020/2;Aprovado;1;50.000 %
Campus Cachoeiro de Itapemirim;Sistemas de Informação;Superior;Programação II;2024/2;Aprovado;21;91.300 %
Campus Cachoeiro de Itapemirim;Sistemas de Informação;Superior;Programação II;2025/2;Aprovado;17;94.440 %
Campus Cachoeiro de Itapemirim;Sistemas de Informação;Superior;Programação II;2025/2;Aprovado;24;96.000 %
Campus Cachoeiro de Itapemirim;Sistemas de Informação;Superior;Programação II;2025/2;Rep. Falta;1;5.560 %
Campus Cachoeiro de Itapemirim;Sistemas de Informação;Superior;Organização e arquitetura de computadores;2025/2;Aprovado;32;88.890 %
Campus Cachoeiro de Itapemirim;Sistemas de Informação;Superior;Organização e arquitetura de computadores;2025/2;Rep. Falta;2;5.560 %
Campus Cachoeiro de Itapemirim;Sistemas de Informação;Superior;Organização e arquitetura de computadores;2024/2;Aprovado;30;100.000 %
Campus Cachoeiro de Itapemirim;Sistemas de Informação;Superior;Organização e arquitetura de computadores;2020/2;Aprovado;3;100.000 %
Campus Cachoeiro de Itapemirim;Sistemas de Informação;Superior;Organização e arquitetura de computadores;2015/2;Aprovado;1;100.000 %
Campus Cachoeiro de Itapemirim;Sistemas de Informação;Superior;Organização e arquitetura de computadores;2018/2;Aprovado;1;100.000 %
Campus Cachoeiro de Itapemirim;Sistemas de Informação;Superior;Organização e arquitetura de computadores;2019/2;Aproveit. Disciplina;1;33.330 %
Campus Cachoeiro de Itapemirim;Sistemas de Informação;Superior;Organização e arquitetura de computadores;2019/2;Aprovado;2;66.670 %
Campus Cachoeiro de Itapemirim;Sistemas de Informação;Superior;Organização e arquitetura de computadores;2021/2;Aprovado;1;100.000 %
Campus Cachoeiro de Itapemirim;Sistemas de Informação;Superior;Organização e arquitetura de computadores;2021/2;Aprovado;2;100.000 %
Campus Cachoeiro de Itapemirim;Sistemas de Informação;Superior;Organização e arquitetura de computadores;2022/2;Aprovado;13;100.000 %
Campus Cachoeiro de Itapemirim;Sistemas de Informação;Superior;Organização e arquitetura de computadores;2023/2;Aprovado;30;100.000 %
Campus Cachoeiro de Itapemirim;Sistemas de Informação;Superior;Teoria geral da administração;2023/2;Aprovado;33;100.000 %
Campus Cachoeiro de Itapemirim;Sistemas de Informação;Superior;Teoria geral da administração;2022/2;Aprovado;10;76.920 %
Campus Cachoeiro de Itapemirim;Sistemas de Informação;Superior;Teoria geral da administração;2022/2;Reprovado;3;23.080 %
Campus Cachoeiro de Itapemirim;Sistemas de Informação;Superior;Teoria geral da administração;2021/2;Aprovado;2;66.670 %
Campus Cachoeiro de Itapemirim;Sistemas de Informação;Superior;Teoria geral da administração;2021/2;Reprovado;1;33.330 %
Campus Cachoeiro de Itapemirim;Sistemas de Informação;Superior;Teoria geral da administração;2019/2;Aprovado;2;66.670 %
Campus Cachoeiro de Itapemirim;Sistemas de Informação;Superior;Teoria geral da administração;2019/2;Aproveit. Disciplina;1;33.330 %
Campus Cachoeiro de Itapemirim;Sistemas de Informação;Superior;Teoria geral da administração;2018/2;Aprovado;2;100.000 %
Campus Cachoeiro de Itapemirim;Sistemas de Informação;Superior;Teoria geral da administração;2015/2;Aprovado;1;100.000 %
Campus Cachoeiro de Itapemirim;Sistemas de Informação;Superior;Teoria geral da administração;2020/2;Aprovado;1;50.000 %
Campus Cachoeiro de Itapemirim;Sistemas de Informação;Superior;Teoria geral da administração;2020/2;Reprovado;1;50.000 %
Campus Cachoeiro de Itapemirim;Sistemas de Informação;Superior;Teoria geral da administração;2024/2;Aprovado;31;100.000 %
Campus Cachoeiro de Itapemirim;Sistemas de Informação;Superior;Teoria geral da administração;2025/2;Rep. Falta;1;2.700 %
Campus Cachoeiro de Itapemirim;Sistemas de Informação;Superior;Teoria geral da administração;2025/2;Aprovado;35;94.590 %
Campus Cachoeiro de Itapemirim;Sistemas de Informação;Superior;Sistemas operacionais;2025/1;Aprovado;8;66.670 %
Campus Cachoeiro de Itapemirim;Sistemas de Informação;Superior;Sistemas operacionais;2025/1;Reprovado;3;25.000 %
Campus Cachoeiro de Itapemirim;Sistemas de Informação;Superior;Sistemas operacionais;2025/1;Reprovado;2;11.110 %
Campus Cachoeiro de Itapemirim;Sistemas de Informação;Superior;Sistemas operacionais;2025/1;Aprovado;16;88.890 %
Campus Cachoeiro de Itapemirim;Sistemas de Informação;Superior;Sistemas operacionais;2026/1;Rep. Falta;2;11.760 %
Campus Cachoeiro de Itapemirim;Sistemas de Informação;Superior;Sistemas operacionais;2026/1;Aprovado;15;88.240 %
Campus Cachoeiro de Itapemirim;Sistemas de Informação;Superior;Sistemas operacionais;2026/1;Aprovado;15;93.750 %
Campus Cachoeiro de Itapemirim;Sistemas de Informação;Superior;Sistemas operacionais;2026/1;Reprovado;1;6.250 %
Campus Cachoeiro de Itapemirim;Sistemas de Informação;Superior;Sistemas operacionais;2020/1;Reprovado;1;50.000 %
Campus Cachoeiro de Itapemirim;Sistemas de Informação;Superior;Sistemas operacionais;2020/1;Aprovado;1;50.000 %
Campus Cachoeiro de Itapemirim;Sistemas de Informação;Superior;Sistemas operacionais;2021/1;Aprovado;1;33.330 %
Campus Cachoeiro de Itapemirim;Sistemas de Informação;Superior;Sistemas operacionais;2021/1;Reprovado;2;66.670 %
Campus Cachoeiro de Itapemirim;Sistemas de Informação;Superior;Sistemas operacionais;2016/1;Aprovado;1;100.000 %
Campus Cachoeiro de Itapemirim;Sistemas de Informação;Superior;Sistemas operacionais;2019/1;Aprovado;1;100.000 %
Campus Cachoeiro de Itapemirim;Sistemas de Informação;Superior;Sistemas operacionais;2022/1;Rep. Falta;1;25.000 %
Campus Cachoeiro de Itapemirim;Sistemas de Informação;Superior;Sistemas operacionais;2022/1;Reprovado;1;25.000 %
Campus Cachoeiro de Itapemirim;Sistemas de Informação;Superior;Sistemas operacionais;2022/1;Aprovado;1;100.000 %
Campus Cachoeiro de Itapemirim;Sistemas de Informação;Superior;Sistemas operacionais;2022/1;Aprovado;2;50.000 %
Campus Cachoeiro de Itapemirim;Sistemas de Informação;Superior;Sistemas operacionais;2023/1;Reprovado;7;46.670 %
Campus Cachoeiro de Itapemirim;Sistemas de Informação;Superior;Sistemas operacionais;2023/1;Aprovado;8;53.330 %
Campus Cachoeiro de Itapemirim;Sistemas de Informação;Superior;Sistemas operacionais;2024/1;Aprovado;19;100.000 %
Campus Cachoeiro de Itapemirim;Sistemas de Informação;Superior;Sistemas operacionais;2024/1;Aprovado;19;100.000 %
Campus Cachoeiro de Itapemirim;Sistemas de Informação;Superior;Teoria geral de sistemas;2024/1;Aprovado;31;100.000 %
Campus Cachoeiro de Itapemirim;Sistemas de Informação;Superior;Teoria geral de sistemas;2023/1;Aprovado;17;100.000 %
Campus Cachoeiro de Itapemirim;Sistemas de Informação;Superior;Teoria geral de sistemas;2022/1;Aprovado;2;66.670 %
Campus Cachoeiro de Itapemirim;Sistemas de Informação;Superior;Teoria geral de sistemas;2019/1;Aprovado;1;100.000 %
Campus Cachoeiro de Itapemirim;Sistemas de Informação;Superior;Teoria geral de sistemas;2016/1;Aprovado;1;100.000 %
Campus Cachoeiro de Itapemirim;Sistemas de Informação;Superior;Teoria geral de sistemas;2021/1;Aprovado;1;50.000 %
Campus Cachoeiro de Itapemirim;Sistemas de Informação;Superior;Teoria geral de sistemas;2021/1;Reprovado;1;50.000 %
Campus Cachoeiro de Itapemirim;Sistemas de Informação;Superior;Teoria geral de sistemas;2020/1;Reprovado;1;50.000 %
Campus Cachoeiro de Itapemirim;Sistemas de Informação;Superior;Teoria geral de sistemas;2020/1;Aprovado;1;50.000 %
Campus Cachoeiro de Itapemirim;Sistemas de Informação;Superior;Teoria geral de sistemas;2025/1;Aprovado;29;100.000 %
Campus Cachoeiro de Itapemirim;Sistemas de Informação;Superior;Administração financeira;2025/1;Aprovado;35;97.220 %
Campus Cachoeiro de Itapemirim;Sistemas de Informação;Superior;Administração financeira;2025/1;Rep. Falta;1;2.780 %
Campus Cachoeiro de Itapemirim;Sistemas de Informação;Superior;Administração financeira;2026/1;Reprovado;1;2.500 %
Campus Cachoeiro de Itapemirim;Sistemas de Informação;Superior;Administração financeira;2026/1;Aprovado;38;95.000 %
Campus Cachoeiro de Itapemirim;Sistemas de Informação;Superior;Administração financeira;2020/1;Aprovado;2;66.670 %
Campus Cachoeiro de Itapemirim;Sistemas de Informação;Superior;Administração financeira;2020/1;Rep. Falta;1;33.330 %
Campus Cachoeiro de Itapemirim;Sistemas de Informação;Superior;Administração financeira;2021/1;Reprovado;1;33.330 %
Campus Cachoeiro de Itapemirim;Sistemas de Informação;Superior;Administração financeira;2021/1;Aprovado;2;66.670 %
Campus Cachoeiro de Itapemirim;Sistemas de Informação;Superior;Administração financeira;2016/1;Aprovado;1;100.000 %
Campus Cachoeiro de Itapemirim;Sistemas de Informação;Superior;Administração financeira;2019/1;Aprovado;1;100.000 %
Campus Cachoeiro de Itapemirim;Sistemas de Informação;Superior;Administração financeira;2022/1;Aprovado;3;100.000 %
Campus Cachoeiro de Itapemirim;Sistemas de Informação;Superior;Administração financeira;2023/1;Aprovado;10;100.000 %
Campus Cachoeiro de Itapemirim;Sistemas de Informação;Superior;Administração financeira;2024/1;Reprovado;10;31.250 %
Campus Cachoeiro de Itapemirim;Sistemas de Informação;Superior;Administração financeira;2024/1;Rep. Falta;1;3.130 %
Campus Cachoeiro de Itapemirim;Sistemas de Informação;Superior;Administração financeira;2024/1;Aprovado;21;65.630 %
Campus Cachoeiro de Itapemirim;Sistemas de Informação;Superior;Estrutura de dados;2024/1;Reprovado;4;23.530 %
Campus Cachoeiro de Itapemirim;Sistemas de Informação;Superior;Estrutura de dados;2024/1;Aprovado;13;76.470 %
Campus Cachoeiro de Itapemirim;Sistemas de Informação;Superior;Estrutura de dados;2024/1;Aprovado;16;100.000 %
Campus Cachoeiro de Itapemirim;Sistemas de Informação;Superior;Estrutura de dados;2023/1;Reprovado;1;33.330 %
Campus Cachoeiro de Itapemirim;Sistemas de Informação;Superior;Estrutura de dados;2023/1;Aprovado;6;100.000 %
Campus Cachoeiro de Itapemirim;Sistemas de Informação;Superior;Estrutura de dados;2023/1;Aprovado;2;66.670 %
Campus Cachoeiro de Itapemirim;Sistemas de Informação;Superior;Estrutura de dados;2022/1;Aprovado;2;100.000 %
Campus Cachoeiro de Itapemirim;Sistemas de Informação;Superior;Estrutura de dados;2019/1;Aprovado;1;100.000 %
Campus Cachoeiro de Itapemirim;Sistemas de Informação;Superior;Estrutura de dados;2018/1;Aprovado;1;100.000 %
Campus Cachoeiro de Itapemirim;Sistemas de Informação;Superior;Estrutura de dados;2021/1;Aprovado;1;100.000 %
Campus Cachoeiro de Itapemirim;Sistemas de Informação;Superior;Estrutura de dados;2020/1;Aprovado;1;100.000 %
Campus Cachoeiro de Itapemirim;Sistemas de Informação;Superior;Estrutura de dados;2026/1;Aprovado;16;69.570 %
Campus Cachoeiro de Itapemirim;Sistemas de Informação;Superior;Estrutura de dados;2026/1;Aprovado;16;66.670 %
Campus Cachoeiro de Itapemirim;Sistemas de Informação;Superior;Estrutura de dados;2026/1;Rep. Falta;4;17.390 %
Campus Cachoeiro de Itapemirim;Sistemas de Informação;Superior;Estrutura de dados;2026/1;Reprovado;8;33.330 %
Campus Cachoeiro de Itapemirim;Sistemas de Informação;Superior;Estrutura de dados;2026/1;Reprovado;3;13.040 %
Campus Cachoeiro de Itapemirim;Sistemas de Informação;Superior;Estrutura de dados;2025/1;Reprovado;6;42.860 %
Campus Cachoeiro de Itapemirim;Sistemas de Informação;Superior;Estrutura de dados;2025/1;Reprovado;2;20.000 %
Campus Cachoeiro de Itapemirim;Sistemas de Informação;Superior;Estrutura de dados;2025/1;Aprovado;5;50.000 %
Campus Cachoeiro de Itapemirim;Sistemas de Informação;Superior;Estrutura de dados;2025/1;Rep. Falta;1;7.140 %
Campus Cachoeiro de Itapemirim;Sistemas de Informação;Superior;Estrutura de dados;2025/1;Rep. Falta;2;20.000 %
Campus Cachoeiro de Itapemirim;Sistemas de Informação;Superior;Estrutura de dados;2025/1;Aprovado;7;50.000 %
Campus Cachoeiro de Itapemirim;Sistemas de Informação;Superior;Probabilidade e estatística;2025/1;Reprovado;12;36.360 %
Campus Cachoeiro de Itapemirim;Sistemas de Informação;Superior;Probabilidade e estatística;2025/1;Aprovado;16;48.480 %
Campus Cachoeiro de Itapemirim;Sistemas de Informação;Superior;Probabilidade e estatística;2025/1;Rep. Falta;2;6.060 %
Campus Cachoeiro de Itapemirim;Sistemas de Informação;Superior;Probabilidade e estatística;2026/1;Aprovado;38;92.680 %
Campus Cachoeiro de Itapemirim;Sistemas de Informação;Superior;Probabilidade e estatística;2026/1;Rep. Falta;3;7.320 %
Campus Cachoeiro de Itapemirim;Sistemas de Informação;Superior;Probabilidade e estatística;2020/1;Aprovado;1;50.000 %
Campus Cachoeiro de Itapemirim;Sistemas de Informação;Superior;Probabilidade e estatística;2020/1;Rep. Falta;1;50.000 %
Campus Cachoeiro de Itapemirim;Sistemas de Informação;Superior;Probabilidade e estatística;2021/1;Reprovado;2;100.000 %
Campus Cachoeiro de Itapemirim;Sistemas de Informação;Superior;Probabilidade e estatística;2016/1;Aprovado;1;100.000 %
Campus Cachoeiro de Itapemirim;Sistemas de Informação;Superior;Probabilidade e estatística;2019/1;Aprovado;1;100.000 %
Campus Cachoeiro de Itapemirim;Sistemas de Informação;Superior;Probabilidade e estatística;2022/1;Aprovado;4;100.000 %
Campus Cachoeiro de Itapemirim;Sistemas de Informação;Superior;Probabilidade e estatística;2023/1;Aprovado;12;100.000 %
Campus Cachoeiro de Itapemirim;Sistemas de Informação;Superior;Probabilidade e estatística;2024/1;Aprovado;31;100.000 %
Campus Cachoeiro de Itapemirim;Sistemas de Informação;Superior;Programação orientada a objetos I;2023/2;Aprovado;9;100.000 %
Campus Cachoeiro de Itapemirim;Sistemas de Informação;Superior;Programação orientada a objetos I;2022/2;Aprovado;3;100.000 %
Campus Cachoeiro de Itapemirim;Sistemas de Informação;Superior;Programação orientada a objetos I;2021/2;Aprovado;1;50.000 %
Campus Cachoeiro de Itapemirim;Sistemas de Informação;Superior;Programação orientada a objetos I;2021/2;Rep. Falta;1;50.000 %
Campus Cachoeiro de Itapemirim;Sistemas de Informação;Superior;Programação orientada a objetos I;2019/2;Aprovado;1;100.000 %
Campus Cachoeiro de Itapemirim;Sistemas de Informação;Superior;Programação orientada a objetos I;2019/2;Aprovado;1;100.000 %
Campus Cachoeiro de Itapemirim;Sistemas de Informação;Superior;Programação orientada a objetos I;2018/2;Reprovado;1;100.000 %
Campus Cachoeiro de Itapemirim;Sistemas de Informação;Superior;Programação orientada a objetos I;2020/2;Reprovado;1;50.000 %
Campus Cachoeiro de Itapemirim;Sistemas de Informação;Superior;Programação orientada a objetos I;2024/2;Aprovado;17;60.710 %
Campus Cachoeiro de Itapemirim;Sistemas de Informação;Superior;Programação orientada a objetos I;2024/2;Reprovado;11;39.290 %
Campus Cachoeiro de Itapemirim;Sistemas de Informação;Superior;Programação orientada a objetos I;2025/2;Rep. Falta;1;4.550 %
Campus Cachoeiro de Itapemirim;Sistemas de Informação;Superior;Programação orientada a objetos I;2025/2;Aprovado;21;95.450 %
Campus Cachoeiro de Itapemirim;Sistemas de Informação;Superior;Análise de sistemas;2025/2;Aprovado;25;80.650 %
Campus Cachoeiro de Itapemirim;Sistemas de Informação;Superior;Análise de sistemas;2025/2;Reprovado;4;12.900 %
Campus Cachoeiro de Itapemirim;Sistemas de Informação;Superior;Análise de sistemas;2025/2;Rep. Falta;1;3.230 %
Campus Cachoeiro de Itapemirim;Sistemas de Informação;Superior;Análise de sistemas;2024/2;Aprovado;32;94.120 %
Campus Cachoeiro de Itapemirim;Sistemas de Informação;Superior;Análise de sistemas;2024/2;Rep. Falta;2;5.880 %
Campus Cachoeiro de Itapemirim;Sistemas de Informação;Superior;Análise de sistemas;2020/2;Reprovado;1;100.000 %
Campus Cachoeiro de Itapemirim;Sistemas de Informação;Superior;Análise de sistemas;2018/2;Aprovado;1;100.000 %
Campus Cachoeiro de Itapemirim;Sistemas de Informação;Superior;Análise de sistemas;2016/2;Aprovado;1;100.000 %
Campus Cachoeiro de Itapemirim;Sistemas de Informação;Superior;Análise de sistemas;2019/2;Aprovado;1;100.000 %
Campus Cachoeiro de Itapemirim;Sistemas de Informação;Superior;Análise de sistemas;2019/2;Aprovado;1;100.000 %
Campus Cachoeiro de Itapemirim;Sistemas de Informação;Superior;Análise de sistemas;2021/2;Rep. Falta;3;100.000 %
Campus Cachoeiro de Itapemirim;Sistemas de Informação;Superior;Análise de sistemas;2022/2;Aprovado;3;100.000 %
Campus Cachoeiro de Itapemirim;Sistemas de Informação;Superior;Análise de sistemas;2023/2;Aprovado;16;100.000 %
Campus Cachoeiro de Itapemirim;Sistemas de Informação;Superior;Banco de dados I;2023/2;Aprovado;14;93.330 %
Campus Cachoeiro de Itapemirim;Sistemas de Informação;Superior;Banco de dados I;2023/2;Reprovado;1;6.670 %
Campus Cachoeiro de Itapemirim;Sistemas de Informação;Superior;Banco de dados I;2022/2;Aproveit. Disciplina;1;25.000 %
Campus Cachoeiro de Itapemirim;Sistemas de Informação;Superior;Banco de dados I;2022/2;Aprovado;3;75.000 %
Campus Cachoeiro de Itapemirim;Sistemas de Informação;Superior;Banco de dados I;2021/2;Reprovado;2;100.000 %
Campus Cachoeiro de Itapemirim;Sistemas de Informação;Superior;Banco de dados I;2019/2;Rep. Falta;1;50.000 %
Campus Cachoeiro de Itapemirim;Sistemas de Informação;Superior;Banco de dados I;2019/2;Aprovado;1;50.000 %
Campus Cachoeiro de Itapemirim;Sistemas de Informação;Superior;Banco de dados I;2016/2;Aprovado;1;100.000 %
Campus Cachoeiro de Itapemirim;Sistemas de Informação;Superior;Banco de dados I;2018/2;Aprovado;1;100.000 %
Campus Cachoeiro de Itapemirim;Sistemas de Informação;Superior;Banco de dados I;2020/2;Reprovado;1;50.000 %
Campus Cachoeiro de Itapemirim;Sistemas de Informação;Superior;Banco de dados I;2024/2;Reprovado;1;2.780 %
Campus Cachoeiro de Itapemirim;Sistemas de Informação;Superior;Banco de dados I;2024/2;Aprovado;35;97.220 %
Campus Cachoeiro de Itapemirim;Sistemas de Informação;Superior;Sistemas de apoio à decisão;2024/2;Aprovado;34;97.140 %
Campus Cachoeiro de Itapemirim;Sistemas de Informação;Superior;Sistemas de apoio à decisão;2024/2;Rep. Falta;1;2.860 %
Campus Cachoeiro de Itapemirim;Sistemas de Informação;Superior;Sistemas de apoio à decisão;2025/2;Rep. Falta;1;3.130 %
Campus Cachoeiro de Itapemirim;Sistemas de Informação;Superior;Sistemas de apoio à decisão;2025/2;Aprovado;30;93.750 %
Campus Cachoeiro de Itapemirim;Sistemas de Informação;Superior;Sistemas de apoio à decisão;2020/2;Reprovado;1;33.330 %
Campus Cachoeiro de Itapemirim;Sistemas de Informação;Superior;Sistemas de apoio à decisão;2020/2;Aprovado;1;33.330 %
Campus Cachoeiro de Itapemirim;Sistemas de Informação;Superior;Sistemas de apoio à decisão;2016/2;Aprovado;1;100.000 %
Campus Cachoeiro de Itapemirim;Sistemas de Informação;Superior;Sistemas de apoio à decisão;2019/2;Aprovado;1;100.000 %
Campus Cachoeiro de Itapemirim;Sistemas de Informação;Superior;Sistemas de apoio à decisão;2021/2;Reprovado;2;100.000 %
Campus Cachoeiro de Itapemirim;Sistemas de Informação;Superior;Sistemas de apoio à decisão;2022/2;Aprovado;4;100.000 %
Campus Cachoeiro de Itapemirim;Sistemas de Informação;Superior;Sistemas de apoio à decisão;2023/2;Aprovado;16;100.000 %
Campus Cachoeiro de Itapemirim;Sistemas de Informação;Superior;Sociologia;2023/2;Aprovado;14;100.000 %
Campus Cachoeiro de Itapemirim;Sistemas de Informação;Superior;Sociologia;2022/2;Aprovado;6;85.710 %
Campus Cachoeiro de Itapemirim;Sistemas de Informação;Superior;Sociologia;2022/2;Reprovado;1;14.290 %
Campus Cachoeiro de Itapemirim;Sistemas de Informação;Superior;Sociologia;2021/2;Rep. Falta;4;80.000 %
Campus Cachoeiro de Itapemirim;Sistemas de Informação;Superior;Sociologia;2021/2;Aprovado;1;20.000 %
Campus Cachoeiro de Itapemirim;Sistemas de Informação;Superior;Sociologia;2019/2;Aprovado;1;100.000 %
Campus Cachoeiro de Itapemirim;Sistemas de Informação;Superior;Sociologia;2016/2;Aprovado;1;100.000 %
Campus Cachoeiro de Itapemirim;Sistemas de Informação;Superior;Sociologia;2018/2;Aprovado;1;100.000 %
Campus Cachoeiro de Itapemirim;Sistemas de Informação;Superior;Sociologia;2020/2;Reprovado;2;66.670 %
Campus Cachoeiro de Itapemirim;Sistemas de Informação;Superior;Sociologia;2025/2;Rep. Falta;2;5.000 %
Campus Cachoeiro de Itapemirim;Sistemas de Informação;Superior;Sociologia;2025/2;Aprovado;36;90.000 %
Campus Cachoeiro de Itapemirim;Sistemas de Informação;Superior;Sociologia;2024/2;Aprovado;36;100.000 %
Campus Cachoeiro de Itapemirim;Sistemas de Informação;Superior;Redes de computadores;2024/2;Reprovado;2;5.260 %
Campus Cachoeiro de Itapemirim;Sistemas de Informação;Superior;Redes de computadores;2024/2;Aprovado;34;89.470 %
Campus Cachoeiro de Itapemirim;Sistemas de Informação;Superior;Redes de computadores;2024/2;Rep. Falta;2;5.260 %
Campus Cachoeiro de Itapemirim;Sistemas de Informação;Superior;Redes de computadores;2025/2;Aprovado;24;96.000 %
Campus Cachoeiro de Itapemirim;Sistemas de Informação;Superior;Redes de computadores;2025/2;Reprovado;1;4.000 %
Campus Cachoeiro de Itapemirim;Sistemas de Informação;Superior;Redes de computadores;2020/2;Reprovado;1;100.000 %
Campus Cachoeiro de Itapemirim;Sistemas de Informação;Superior;Redes de computadores;2016/2;Aprovado;1;100.000 %
Campus Cachoeiro de Itapemirim;Sistemas de Informação;Superior;Redes de computadores;2019/2;Aprovado;1;100.000 %
Campus Cachoeiro de Itapemirim;Sistemas de Informação;Superior;Redes de computadores;2021/2;Aprovado;1;100.000 %
Campus Cachoeiro de Itapemirim;Sistemas de Informação;Superior;Redes de computadores;2022/2;Aprovado;3;75.000 %
Campus Cachoeiro de Itapemirim;Sistemas de Informação;Superior;Redes de computadores;2022/2;Aproveit. Disciplina;1;25.000 %
Campus Cachoeiro de Itapemirim;Sistemas de Informação;Superior;Redes de computadores;2023/2;Aprovado;8;100.000 %
Campus Cachoeiro de Itapemirim;Sistemas de Informação;Superior;Banco de dados II;2023/1;Aprovado;5;100.000 %
Campus Cachoeiro de Itapemirim;Sistemas de Informação;Superior;Banco de dados II;2024/1;Aprovado;13;92.860 %
Campus Cachoeiro de Itapemirim;Sistemas de Informação;Superior;Banco de dados II;2019/1;Aprovado;1;100.000 %
Campus Cachoeiro de Itapemirim;Sistemas de Informação;Superior;Banco de dados II;2017/1;Aprovado;1;100.000 %
Campus Cachoeiro de Itapemirim;Sistemas de Informação;Superior;Banco de dados II;2020/1;Aprovado;1;100.000 %
Campus Cachoeiro de Itapemirim;Sistemas de Informação;Superior;Banco de dados II;2025/1;Reprovado;1;2.940 %
Campus Cachoeiro de Itapemirim;Sistemas de Informação;Superior;Banco de dados II;2025/1;Aprovado;31;91.180 %
Campus Cachoeiro de Itapemirim;Sistemas de Informação;Superior;Banco de dados II;2025/1;Rep. Falta;2;5.880 %
Campus Cachoeiro de Itapemirim;Sistemas de Informação;Superior;Banco de dados II;2026/1;Aprovado;24;85.710 %
Campus Cachoeiro de Itapemirim;Sistemas de Informação;Superior;Banco de dados II;2026/1;Rep. Falta;4;14.290 %
Campus Cachoeiro de Itapemirim;Sistemas de Informação;Superior;Engenharia de software;2026/1;Reprovado;2;7.410 %
Campus Cachoeiro de Itapemirim;Sistemas de Informação;Superior;Engenharia de software;2026/1;Aprovado;25;92.590 %
Campus Cachoeiro de Itapemirim;Sistemas de Informação;Superior;Engenharia de software;2025/1;Reprovado;1;3.230 %
Campus Cachoeiro de Itapemirim;Sistemas de Informação;Superior;Engenharia de software;2025/1;Aprovado;30;96.770 %
Campus Cachoeiro de Itapemirim;Sistemas de Informação;Superior;Engenharia de software;2020/1;Aprovado;2;100.000 %
Campus Cachoeiro de Itapemirim;Sistemas de Informação;Superior;Engenharia de software;2017/1;Aprovado;1;100.000 %
Campus Cachoeiro de Itapemirim;Sistemas de Informação;Superior;Engenharia de software;2019/1;Aprovado;1;100.000 %
Campus Cachoeiro de Itapemirim;Sistemas de Informação;Superior;Engenharia de software;2024/1;Aprovado;13;100.000 %
Campus Cachoeiro de Itapemirim;Sistemas de Informação;Superior;Engenharia de software;2023/1;Aprovado;3;100.000 %
Campus Cachoeiro de Itapemirim;Sistemas de Informação;Superior;Projeto de sistemas;2023/1;Aprovado;2;100.000 %
Campus Cachoeiro de Itapemirim;Sistemas de Informação;Superior;Projeto de sistemas;2024/1;Aprovado;16;100.000 %
Campus Cachoeiro de Itapemirim;Sistemas de Informação;Superior;Projeto de sistemas;2019/1;Aprovado;1;100.000 %
Campus Cachoeiro de Itapemirim;Sistemas de Informação;Superior;Projeto de sistemas;2017/1;Aprovado;1;100.000 %
Campus Cachoeiro de Itapemirim;Sistemas de Informação;Superior;Projeto de sistemas;2020/1;Aprovado;1;50.000 %
Campus Cachoeiro de Itapemirim;Sistemas de Informação;Superior;Projeto de sistemas;2020/1;Reprovado;1;50.000 %
Campus Cachoeiro de Itapemirim;Sistemas de Informação;Superior;Projeto de sistemas;2022/1;Aprovado;1;100.000 %
Campus Cachoeiro de Itapemirim;Sistemas de Informação;Superior;Projeto de sistemas;2025/1;Aprovado;30;100.000 %
Campus Cachoeiro de Itapemirim;Sistemas de Informação;Superior;Projeto de sistemas;2026/1;Aprovado;24;100.000 %
Campus Cachoeiro de Itapemirim;Sistemas de Informação;Superior;Serviços de redes para internet;2026/1;Reprovado;1;4.170 %
Campus Cachoeiro de Itapemirim;Sistemas de Informação;Superior;Serviços de redes para internet;2026/1;Rep. Falta;1;4.170 %
Campus Cachoeiro de Itapemirim;Sistemas de Informação;Superior;Serviços de redes para internet;2026/1;Aprovado;22;91.670 %
Campus Cachoeiro de Itapemirim;Sistemas de Informação;Superior;Serviços de redes para internet;2025/1;Aprovado;33;100.000 %
Campus Cachoeiro de Itapemirim;Sistemas de Informação;Superior;Serviços de redes para internet;2022/1;Aprovado;1;100.000 %
Campus Cachoeiro de Itapemirim;Sistemas de Informação;Superior;Serviços de redes para internet;2020/1;Aprovado;1;100.000 %
Campus Cachoeiro de Itapemirim;Sistemas de Informação;Superior;Serviços de redes para internet;2017/1;Aprovado;1;100.000 %
Campus Cachoeiro de Itapemirim;Sistemas de Informação;Superior;Serviços de redes para internet;2024/1;Aprovado;8;100.000 %
Campus Cachoeiro de Itapemirim;Sistemas de Informação;Superior;Serviços de redes para internet;2023/1;Aprovado;5;100.000 %
Campus Cachoeiro de Itapemirim;Sistemas de Informação;Superior;Programação orientada a objetos II;2023/1;Aprovado;1;33.330 %
Campus Cachoeiro de Itapemirim;Sistemas de Informação;Superior;Programação orientada a objetos II;2023/1;Reprovado;2;66.670 %
Campus Cachoeiro de Itapemirim;Sistemas de Informação;Superior;Programação orientada a objetos II;2024/1;Aprovado;10;100.000 %
Campus Cachoeiro de Itapemirim;Sistemas de Informação;Superior;Programação orientada a objetos II;2020/1;Aprovado;2;100.000 %
Campus Cachoeiro de Itapemirim;Sistemas de Informação;Superior;Programação orientada a objetos II;2022/1;Aprovado;1;100.000 %
Campus Cachoeiro de Itapemirim;Sistemas de Informação;Superior;Programação orientada a objetos II;2025/1;Aprovado;18;100.000 %
Campus Cachoeiro de Itapemirim;Sistemas de Informação;Superior;Programação orientada a objetos II;2026/1;Reprovado;1;4.760 %
Campus Cachoeiro de Itapemirim;Sistemas de Informação;Superior;Programação orientada a objetos II;2026/1;Aprovado;20;95.240 %
Campus Cachoeiro de Itapemirim;Sistemas de Informação;Superior;Gerência de projetos de software;2025/2;Aprovado;28;100.000 %
Campus Cachoeiro de Itapemirim;Sistemas de Informação;Superior;Gerência de projetos de software;2024/2;Aprovado;13;100.000 %
Campus Cachoeiro de Itapemirim;Sistemas de Informação;Superior;Gerência de projetos de software;2021/2;Aprovado;1;100.000 %
Campus Cachoeiro de Itapemirim;Sistemas de Informação;Superior;Gerência de projetos de software;2020/2;Aprovado;1;100.000 %
Campus Cachoeiro de Itapemirim;Sistemas de Informação;Superior;Gerência de projetos de software;2017/2;Aprovado;1;100.000 %
Campus Cachoeiro de Itapemirim;Sistemas de Informação;Superior;Gerência de projetos de software;2019/2;Aprovado;1;100.000 %
Campus Cachoeiro de Itapemirim;Sistemas de Informação;Superior;Gerência de projetos de software;2023/2;Rep. Falta;1;33.330 %
Campus Cachoeiro de Itapemirim;Sistemas de Informação;Superior;Gerência de projetos de software;2023/2;Aprovado;2;66.670 %
Campus Cachoeiro de Itapemirim;Sistemas de Informação;Superior;Administração da produção e logística;2023/2;Aprovado;2;66.670 %
Campus Cachoeiro de Itapemirim;Sistemas de Informação;Superior;Administração da produção e logística;2023/2;Rep. Falta;1;33.330 %
Campus Cachoeiro de Itapemirim;Sistemas de Informação;Superior;Administração da produção e logística;2019/2;Aprovado;2;100.000 %
Campus Cachoeiro de Itapemirim;Sistemas de Informação;Superior;Administração da produção e logística;2017/2;Aprovado;1;100.000 %
Campus Cachoeiro de Itapemirim;Sistemas de Informação;Superior;Administração da produção e logística;2020/2;Aprovado;2;100.000 %
Campus Cachoeiro de Itapemirim;Sistemas de Informação;Superior;Administração da produção e logística;2021/2;Aprovado;1;50.000 %
Campus Cachoeiro de Itapemirim;Sistemas de Informação;Superior;Administração da produção e logística;2021/2;Rep. Falta;1;50.000 %
Campus Cachoeiro de Itapemirim;Sistemas de Informação;Superior;Administração da produção e logística;2024/2;Aprovado;12;100.000 %
Campus Cachoeiro de Itapemirim;Sistemas de Informação;Superior;Administração da produção e logística;2025/2;Aprovado;31;100.000 %
Campus Cachoeiro de Itapemirim;Sistemas de Informação;Superior;Sistemas distribuídos;2025/2;Aprovado;16;100.000 %
Campus Cachoeiro de Itapemirim;Sistemas de Informação;Superior;Sistemas distribuídos;2024/2;Aprovado;10;100.000 %
Campus Cachoeiro de Itapemirim;Sistemas de Informação;Superior;Sistemas distribuídos;2022/2;Aprovado;1;100.000 %
Campus Cachoeiro de Itapemirim;Sistemas de Informação;Superior;Sistemas distribuídos;2020/2;Aprovado;2;100.000 %
Campus Cachoeiro de Itapemirim;Sistemas de Informação;Superior;Sistemas distribuídos;2023/2;Rep. Falta;1;33.330 %
Campus Cachoeiro de Itapemirim;Sistemas de Informação;Superior;Sistemas distribuídos;2023/2;Aprovado;2;66.670 %
Campus Cachoeiro de Itapemirim;Sistemas de Informação;Superior;Técnicas de programação avançada;2023/2;Aprovado;2;100.000 %
Campus Cachoeiro de Itapemirim;Sistemas de Informação;Superior;Técnicas de programação avançada;2020/2;Aprovado;2;100.000 %
Campus Cachoeiro de Itapemirim;Sistemas de Informação;Superior;Técnicas de programação avançada;2022/2;Aprovado;1;100.000 %
Campus Cachoeiro de Itapemirim;Sistemas de Informação;Superior;Técnicas de programação avançada;2024/2;Aprovado;9;100.000 %
Campus Cachoeiro de Itapemirim;Sistemas de Informação;Superior;Técnicas de programação avançada;2025/2;Aprovado;18;100.000 %
Campus Cachoeiro de Itapemirim;Sistemas de Informação;Superior;Empreendedorismo;2025/2;Aprovado;27;100.000 %
Campus Cachoeiro de Itapemirim;Sistemas de Informação;Superior;Empreendedorismo;2024/2;Reprovado;2;15.380 %
Campus Cachoeiro de Itapemirim;Sistemas de Informação;Superior;Empreendedorismo;2024/2;Aprovado;11;84.620 %
Campus Cachoeiro de Itapemirim;Sistemas de Informação;Superior;Empreendedorismo;2021/2;Reprovado;1;50.000 %
Campus Cachoeiro de Itapemirim;Sistemas de Informação;Superior;Empreendedorismo;2021/2;Aprovado;1;50.000 %
Campus Cachoeiro de Itapemirim;Sistemas de Informação;Superior;Empreendedorismo;2020/2;Aprovado;1;100.000 %
Campus Cachoeiro de Itapemirim;Sistemas de Informação;Superior;Empreendedorismo;2017/2;Aprovado;1;100.000 %
Campus Cachoeiro de Itapemirim;Sistemas de Informação;Superior;Empreendedorismo;2018/2;Aprovado;1;100.000 %
Campus Cachoeiro de Itapemirim;Sistemas de Informação;Superior;Empreendedorismo;2019/2;Rep. Falta;1;50.000 %
Campus Cachoeiro de Itapemirim;Sistemas de Informação;Superior;Empreendedorismo;2019/2;Aprovado;1;50.000 %
Campus Cachoeiro de Itapemirim;Sistemas de Informação;Superior;Empreendedorismo;2023/2;Aprovado;1;100.000 %
Campus Cachoeiro de Itapemirim;Sistemas de Informação;Superior;Anteprojeto;2023/2;Rep. Falta;1;33.330 %
Campus Cachoeiro de Itapemirim;Sistemas de Informação;Superior;Anteprojeto;2023/2;Aprovado;2;66.670 %
Campus Cachoeiro de Itapemirim;Sistemas de Informação;Superior;Anteprojeto;2020/2;Aprovado;2;100.000 %
Campus Cachoeiro de Itapemirim;Sistemas de Informação;Superior;Anteprojeto;2022/2;Aprovado;1;100.000 %
Campus Cachoeiro de Itapemirim;Sistemas de Informação;Superior;Anteprojeto;2024/2;Aprovado;9;90.000 %
Campus Cachoeiro de Itapemirim;Sistemas de Informação;Superior;Anteprojeto;2024/2;Rep. Falta;1;10.000 %
Campus Cachoeiro de Itapemirim;Sistemas de Informação;Superior;Anteprojeto;2025/2;Aprovado;26;100.000 %
Campus Cachoeiro de Itapemirim;Sistemas de Informação;Superior;Laboratório de engenharia de software;2025/1;Aprovado;9;100.000 %
Campus Cachoeiro de Itapemirim;Sistemas de Informação;Superior;Laboratório de engenharia de software;2026/1;Aprovado;25;100.000 %
Campus Cachoeiro de Itapemirim;Sistemas de Informação;Superior;Laboratório de engenharia de software;2021/1;Aprovado;2;100.000 %
Campus Cachoeiro de Itapemirim;Sistemas de Informação;Superior;Laboratório de engenharia de software;2023/1;Aprovado;1;100.000 %
Campus Cachoeiro de Itapemirim;Sistemas de Informação;Superior;Laboratório de engenharia de software;2024/1;Aprovado;2;100.000 %
Campus Cachoeiro de Itapemirim;Sistemas de Informação;Superior;Projeto de diplomação I;2024/1;Aprovado;2;100.000 %
Campus Cachoeiro de Itapemirim;Sistemas de Informação;Superior;Projeto de diplomação I;2023/1;Aprovado;1;100.000 %
Campus Cachoeiro de Itapemirim;Sistemas de Informação;Superior;Projeto de diplomação I;2021/1;Aprovado;2;100.000 %
Campus Cachoeiro de Itapemirim;Sistemas de Informação;Superior;Projeto de diplomação I;2026/1;Aprovado;27;100.000 %
Campus Cachoeiro de Itapemirim;Sistemas de Informação;Superior;Projeto de diplomação I;2025/1;Rep. Falta;1;12.500 %
Campus Cachoeiro de Itapemirim;Sistemas de Informação;Superior;Projeto de diplomação I;2025/1;Aprovado;7;87.500 %
Campus Cachoeiro de Itapemirim;Sistemas de Informação;Superior;Comércio eletrônico;2025/1;Aprovado;15;100.000 %
Campus Cachoeiro de Itapemirim;Sistemas de Informação;Superior;Comércio eletrônico;2021/1;Reprovado;1;33.330 %
Campus Cachoeiro de Itapemirim;Sistemas de Informação;Superior;Comércio eletrônico;2021/1;Aprovado;2;66.670 %
Campus Cachoeiro de Itapemirim;Sistemas de Informação;Superior;Comércio eletrônico;2018/1;Aprovado;1;100.000 %
Campus Cachoeiro de Itapemirim;Sistemas de Informação;Superior;Comércio eletrônico;2022/1;Aprovado;1;100.000 %
Campus Cachoeiro de Itapemirim;Sistemas de Informação;Superior;Comércio eletrônico;2024/1;Aprovado;2;100.000 %
Campus Cachoeiro de Itapemirim;Sistemas de Informação;Superior;Gestão de sistemas de informação;2024/1;Aprovado;2;100.000 %
Campus Cachoeiro de Itapemirim;Sistemas de Informação;Superior;Gestão de sistemas de informação;2023/1;Aprovado;1;100.000 %
Campus Cachoeiro de Itapemirim;Sistemas de Informação;Superior;Gestão de sistemas de informação;2022/1;Rep. Falta;1;100.000 %
Campus Cachoeiro de Itapemirim;Sistemas de Informação;Superior;Gestão de sistemas de informação;2018/1;Aprovado;1;100.000 %
Campus Cachoeiro de Itapemirim;Sistemas de Informação;Superior;Gestão de sistemas de informação;2019/1;Rep. Falta;1;100.000 %
Campus Cachoeiro de Itapemirim;Sistemas de Informação;Superior;Gestão de sistemas de informação;2021/1;Aprovado;3;75.000 %
Campus Cachoeiro de Itapemirim;Sistemas de Informação;Superior;Gestão de sistemas de informação;2021/1;Reprovado;1;25.000 %
Campus Cachoeiro de Itapemirim;Sistemas de Informação;Superior;Gestão de sistemas de informação;2025/1;Aprovado;19;95.000 %
Campus Cachoeiro de Itapemirim;Sistemas de Informação;Superior;Gestão de sistemas de informação;2025/1;Rep. Falta;1;5.000 %
Campus Cachoeiro de Itapemirim;Sistemas de Informação;Superior;Gestão de sistemas de informação;2026/1;Aprovado;31;96.880 %
Campus Cachoeiro de Itapemirim;Sistemas de Informação;Superior;Desenvolvimento web;2026/1;Aprovado;24;96.000 %
Campus Cachoeiro de Itapemirim;Sistemas de Informação;Superior;Desenvolvimento web;2025/1;Aprovado;9;100.000 %
Campus Cachoeiro de Itapemirim;Sistemas de Informação;Superior;Desenvolvimento web;2021/1;Aprovado;2;100.000 %
Campus Cachoeiro de Itapemirim;Sistemas de Informação;Superior;Desenvolvimento web;2023/1;Aprovado;1;100.000 %
Campus Cachoeiro de Itapemirim;Sistemas de Informação;Superior;Desenvolvimento web;2024/1;Aprovado;2;100.000 %
Campus Cachoeiro de Itapemirim;Sistemas de Informação;Superior;Projeto de diplomação II;2023/1;Rep. Falta;1;100.000 %
Campus Cachoeiro de Itapemirim;Sistemas de Informação;Superior;Projeto de diplomação II;2023/2;Rep. Falta;2;100.000 %
Campus Cachoeiro de Itapemirim;Sistemas de Informação;Superior;Projeto de diplomação II;2022/2;Rep. Falta;1;100.000 %
Campus Cachoeiro de Itapemirim;Sistemas de Informação;Superior;Projeto de diplomação II;2021/2;Aprovado;1;100.000 %
Campus Cachoeiro de Itapemirim;Sistemas de Informação;Superior;Projeto de diplomação II;2021/2;Reprovado;1;100.000 %
Campus Cachoeiro de Itapemirim;Sistemas de Informação;Superior;Projeto de diplomação II;2025/1;Rep. Falta;2;100.000 %
Campus Cachoeiro de Itapemirim;Sistemas de Informação;Superior;Projeto de diplomação II;2025/2;Aprovado;2;22.220 %
Campus Cachoeiro de Itapemirim;Sistemas de Informação;Superior;Projeto de diplomação II;2024/2;Rep. Falta;1;100.000 %
Campus Cachoeiro de Itapemirim;Sistemas de Informação;Superior;Projeto de diplomação II;2024/2;Aprovado;1;100.000 %
Campus Cachoeiro de Itapemirim;Sistemas de Informação;Superior;Ética e legislação em informática;2024/2;Reprovado;2;14.290 %
Campus Cachoeiro de Itapemirim;Sistemas de Informação;Superior;Ética e legislação em informática;2024/2;Aprovado;12;85.710 %
Campus Cachoeiro de Itapemirim;Sistemas de Informação;Superior;Ética e legislação em informática;2025/2;Aprovado;21;80.770 %
Campus Cachoeiro de Itapemirim;Sistemas de Informação;Superior;Ética e legislação em informática;2025/2;Rep. Falta;1;3.850 %
Campus Cachoeiro de Itapemirim;Sistemas de Informação;Superior;Ética e legislação em informática;2021/2;Reprovado;2;66.670 %
Campus Cachoeiro de Itapemirim;Sistemas de Informação;Superior;Ética e legislação em informática;2021/2;Aprovado;1;33.330 %
Campus Cachoeiro de Itapemirim;Sistemas de Informação;Superior;Ética e legislação em informática;2022/2;Aprovado;1;50.000 %
Campus Cachoeiro de Itapemirim;Sistemas de Informação;Superior;Ética e legislação em informática;2022/2;Reprovado;1;50.000 %
Campus Cachoeiro de Itapemirim;Sistemas de Informação;Superior;Ética e legislação em informática;2018/2;Aprovado;1;100.000 %
Campus Cachoeiro de Itapemirim;Sistemas de Informação;Superior;Ética e legislação em informática;2023/2;Aprovado;1;100.000 %
Campus Cachoeiro de Itapemirim;Sistemas de Informação;Superior;Informática e sociedade;2023/2;Aprovado;1;100.000 %
Campus Cachoeiro de Itapemirim;Sistemas de Informação;Superior;Informática e sociedade;2018/2;Aprovado;1;100.000 %
Campus Cachoeiro de Itapemirim;Sistemas de Informação;Superior;Informática e sociedade;2019/2;Aprovado;1;100.000 %
Campus Cachoeiro de Itapemirim;Sistemas de Informação;Superior;Informática e sociedade;2022/2;Aprovado;1;100.000 %
Campus Cachoeiro de Itapemirim;Sistemas de Informação;Superior;Informática e sociedade;2021/2;Aprovado;1;100.000 %
Campus Cachoeiro de Itapemirim;Sistemas de Informação;Superior;Informática e sociedade;2025/2;Rep. Falta;1;4.760 %
Campus Cachoeiro de Itapemirim;Sistemas de Informação;Superior;Informática e sociedade;2025/2;Aprovado;17;80.950 %
Campus Cachoeiro de Itapemirim;Sistemas de Informação;Superior;Informática e sociedade;2024/2;Aprovado;4;100.000 %
Campus Cachoeiro de Itapemirim;Sistemas de Informação;Superior;Tópicos especiais em redes de computadores;2021/2;Aprovado;2;100.000 %
Campus Cachoeiro de Itapemirim;Sistemas de Informação;Superior;Tópicos especiais em redes de computadores;2020/2;Reprovado;1;100.000 %
Campus Cachoeiro de Itapemirim;Sistemas de Informação;Superior;Tópicos especiais em programação;2018/2;Aprovado;1;100.000 %
Campus Cachoeiro de Itapemirim;Sistemas de Informação;Superior;Tópicos especiais em programação;2023/2;Rep. Falta;1;50.000 %
Campus Cachoeiro de Itapemirim;Sistemas de Informação;Superior;Tópicos especiais em programação;2023/2;Aprovado;1;50.000 %
Campus Cachoeiro de Itapemirim;Sistemas de Informação;Superior;Tópicos especiais em programação;2024/2;Aprovado;5;83.330 %
Campus Cachoeiro de Itapemirim;Sistemas de Informação;Superior;Tópicos especiais em programação;2024/2;Rep. Falta;1;16.670 %
Campus Cachoeiro de Itapemirim;Sistemas de Informação;Superior;Tópicos especiais em programação;2025/2;Rep. Falta;1;9.090 %
Campus Cachoeiro de Itapemirim;Sistemas de Informação;Superior;Tópicos especiais em programação;2025/2;Aprovado;9;81.820 %
Campus Cachoeiro de Itapemirim;Sistemas de Informação;Superior;Inglês instrumental;2023/2;Aprovado;1;100.000 %
Campus Cachoeiro de Itapemirim;Sistemas de Informação;Superior;Inglês instrumental;2022/2;Aprovado;1;100.000 %
Campus Cachoeiro de Itapemirim;Sistemas de Informação;Superior;Inglês instrumental;2021/2;Aprovado;2;100.000 %
Campus Cachoeiro de Itapemirim;Sistemas de Informação;Superior;Inglês instrumental;2019/2;Aproveit. Disciplina;1;33.330 %
Campus Cachoeiro de Itapemirim;Sistemas de Informação;Superior;Inglês instrumental;2019/2;Aprovado;2;66.670 %
Campus Cachoeiro de Itapemirim;Sistemas de Informação;Superior;Tópicos especiais em banco de dados;2023/2;Aprovado;1;100.000 %
Campus Cachoeiro de Itapemirim;Sistemas de Informação;Superior;Tópicos especiais em banco de dados;2024/2;Aprovado;2;66.670 %
Campus Cachoeiro de Itapemirim;Sistemas de Informação;Superior;Tópicos especiais em banco de dados;2024/2;Rep. Falta;1;33.330 %
Campus Cachoeiro de Itapemirim;Sistemas de Informação;Superior;Tópicos especiais em banco de dados;2025/2;Aprovado;20;95.240 %
Campus Cachoeiro de Itapemirim;Sistemas de Informação;Superior;Laboratório de hardware;2018/2;Aprovado;1;100.000 %
Campus Cachoeiro de Itapemirim;Sistemas de Informação;Superior;Laboratório de redes de computadores;2018/2;Rep. Falta;1;100.000 %
Campus Cachoeiro de Itapemirim;Sistemas de Informação;Superior;Laboratório de redes de computadores;2021/2;Aprovado;1;100.000 %
Campus Cachoeiro de Itapemirim;Sistemas de Informação;Superior;Laboratório de redes de computadores;2025/2;Aprovado;9;81.820 %
Campus Cachoeiro de Itapemirim;Sistemas de Informação;Superior;Laboratório de redes de computadores;2024/2;Aprovado;1;100.000 %
Campus Cachoeiro de Itapemirim;Gênero e Diversidade na Escola;Superior;Fundamentos antropológicos;2014/2;Aprovado;1;100.000 %
Campus Cachoeiro de Itapemirim;Gênero e Diversidade na Escola;Superior;Fundamentos antropológicos;2014/2;Aprovado;1;50.000 %
Campus Cachoeiro de Itapemirim;Gênero e Diversidade na Escola;Superior;Antropologia da educação;2014/2;Aprovado;1;100.000 %
Campus Cachoeiro de Itapemirim;Gênero e Diversidade na Escola;Superior;Antropologia da educação;2014/2;Aprovado;1;50.000 %
Campus Cachoeiro de Itapemirim;Gênero e Diversidade na Escola;Superior;Políticas públicas e diversidade;2014/2;Rep. Falta;1;100.000 %
Campus Cachoeiro de Itapemirim;Gênero e Diversidade na Escola;Superior;Políticas públicas e diversidade;2014/2;Reprovado;1;50.000 %
Campus Cachoeiro de Itapemirim;Gênero e Diversidade na Escola;Superior;Gênero e educação escolar;2014/2;Aprovado;1;50.000 %
Campus Cachoeiro de Itapemirim;Gênero e Diversidade na Escola;Superior;Gênero e educação escolar;2014/2;Aprovado;1;100.000 %
Campus Cachoeiro de Itapemirim;Gênero e Diversidade na Escola;Superior;Relações étnico-raciais;2014/2;Aprovado;1;50.000 %
Campus Cachoeiro de Itapemirim;Gênero e Diversidade na Escola;Superior;Relações étnico-raciais;2014/2;Aprovado;1;100.000 %
Campus Cachoeiro de Itapemirim;Gênero e Diversidade na Escola;Superior;Projetos de ensino, instrumentos e organização da pesquisa científica;2014/2;Aprovado;1;100.000 %
Campus Cachoeiro de Itapemirim;Gênero e Diversidade na Escola;Superior;Projetos de ensino, instrumentos e organização da pesquisa científica;2014/2;Aprovado;1;50.000 %
Campus Cachoeiro de Itapemirim;Gênero e Diversidade na Escola;Superior;Educação em sexualidade e orientação sexual;2014/2;Aprovado;1;50.000 %
Campus Cachoeiro de Itapemirim;Gênero e Diversidade na Escola;Superior;Educação em sexualidade e orientação sexual;2014/2;Aprovado;1;100.000 %
Campus Cachoeiro de Itapemirim;Educação Especial;Extensão;Práticas pedagógicas e metodologias de ensino para alunos com necessidades educacionais específicas;2017/2;Reprovado;117;84.780 %
Campus Cachoeiro de Itapemirim;Educação Especial;Extensão;Práticas pedagógicas e metodologias de ensino para alunos com necessidades educacionais específicas;2017/2;Rep. Falta;21;15.220 %
Campus Cachoeiro de Itapemirim;Tecnologias de Produção de Rochas Ornamentais;Pós-Graduação;Trabalho de conclusão final;2025/1;Reprovado;4;44.440 %
Campus Cachoeiro de Itapemirim;Tecnologias de Produção de Rochas Ornamentais;Pós-Graduação;Trabalho de conclusão final;2025/1;Reprovado;8;66.670 %
Campus Cachoeiro de Itapemirim;Tecnologias de Produção de Rochas Ornamentais;Pós-Graduação;Trabalho de conclusão final;2025/1;Aprovado;5;55.560 %
Campus Cachoeiro de Itapemirim;Tecnologias de Produção de Rochas Ornamentais;Pós-Graduação;Trabalho de conclusão final;2025/1;Aprovado;4;33.330 %
Campus Cachoeiro de Itapemirim;Tecnologias de Produção de Rochas Ornamentais;Pós-Graduação;Metodologia de pesquisa;2024/2;Aprovado;12;92.310 %
Campus Cachoeiro de Itapemirim;Tecnologias de Produção de Rochas Ornamentais;Pós-Graduação;Metodologia de pesquisa;2024/2;Reprovado;1;7.690 %
Campus Cachoeiro de Itapemirim;Tecnologias de Produção de Rochas Ornamentais;Pós-Graduação;Métodos e processos de lavra;2024/1;Aprovado;13;100.000 %
Campus Cachoeiro de Itapemirim;Tecnologias de Produção de Rochas Ornamentais;Pós-Graduação;Mecânica das rochas;2024/2;Rep. Falta;1;7.690 %
Campus Cachoeiro de Itapemirim;Tecnologias de Produção de Rochas Ornamentais;Pós-Graduação;Mecânica das rochas;2024/2;Aprovado;12;92.310 %
Campus Cachoeiro de Itapemirim;Tecnologias de Produção de Rochas Ornamentais;Pós-Graduação;Desenvolvimento mineiro aplicado à lavra de rochas ornamentais;2025/1;Aprovado;10;83.330 %
Campus Cachoeiro de Itapemirim;Tecnologias de Produção de Rochas Ornamentais;Pós-Graduação;Desenvolvimento mineiro aplicado à lavra de rochas ornamentais;2025/1;Reprovado;2;16.670 %
Campus Cachoeiro de Itapemirim;Tecnologias de Produção de Rochas Ornamentais;Pós-Graduação;Processos de beneficiamento;2024/2;Rep. Falta;1;7.690 %
Campus Cachoeiro de Itapemirim;Tecnologias de Produção de Rochas Ornamentais;Pós-Graduação;Processos de beneficiamento;2024/2;Aprovado;12;92.310 %
Campus Cachoeiro de Itapemirim;Tecnologias de Produção de Rochas Ornamentais;Pós-Graduação;Caracterização tecnológica de rochas ornamentais;2024/2;Aprovado;12;92.310 %
Campus Cachoeiro de Itapemirim;Tecnologias de Produção de Rochas Ornamentais;Pós-Graduação;Caracterização tecnológica de rochas ornamentais;2024/2;Rep. Falta;1;7.690 %
Campus Cachoeiro de Itapemirim;Tecnologias de Produção de Rochas Ornamentais;Pós-Graduação;Seminários gerais;2024/1;Aprovado;13;100.000 %
Campus Cachoeiro de Itapemirim;Tecnologias de Produção de Rochas Ornamentais;Pós-Graduação;Gestão da produção;2025/1;Aprovado;12;100.000 %
Campus Cachoeiro de Itapemirim;Tecnologias de Produção de Rochas Ornamentais;Pós-Graduação;Segurança do trabalho;2024/1;Aprovado;13;100.000 %
Campus Cachoeiro de Itapemirim;Tecnologias de Produção de Rochas Ornamentais;Pós-Graduação;Geologia geral e aplicada;2024/1;Aprovado;13;100.000 %
Campus Cachoeiro de Itapemirim;Técnico em Mecânica Intercomplementar;Concomitante;Elementos de máquinas II;2022/2;Aprovado;1;100.000 %
Campus Cachoeiro de Itapemirim;Técnico em Mecânica Intercomplementar;Concomitante;Elementos de máquinas I;2023/1;Aprovado;1;100.000 %
Campus Cachoeiro de Itapemirim;Técnico em Mecânica Intercomplementar;Concomitante;Desenho mecânico I;2025/2;Aprovado;15;100.000 %
Campus Cachoeiro de Itapemirim;Técnico em Mecânica Intercomplementar;Concomitante;Desenho mecânico I;2024/2;Aprovado;3;100.000 %
Campus Cachoeiro de Itapemirim;Técnico em Mecânica Intercomplementar;Concomitante;Informática básica;2024/2;Aprovado;3;100.000 %
Campus Cachoeiro de Itapemirim;Técnico em Mecânica Intercomplementar;Concomitante;Informática básica;2025/2;Aprovado;15;100.000 %
Campus Cachoeiro de Itapemirim;Técnico em Mecânica Intercomplementar;Concomitante;Informática básica;2023/2;Aprovado;4;100.000 %
Campus Cachoeiro de Itapemirim;Técnico em Mecânica Intercomplementar;Concomitante;Processos de fabricação I;2024/1;Aprovado;4;100.000 %
Campus Cachoeiro de Itapemirim;Técnico em Mecânica Intercomplementar;Concomitante;Processos de fabricação I;2025/1;Aprovado;3;100.000 %
Campus Cachoeiro de Itapemirim;Técnico em Mecânica Intercomplementar;Concomitante;Processos de fabricação I;2026/1;Reprovado;1;6.670 %
Campus Cachoeiro de Itapemirim;Técnico em Mecânica Intercomplementar;Concomitante;Processos de fabricação I;2026/1;Aprovado;14;93.330 %
Campus Cachoeiro de Itapemirim;Técnico em Mecânica Intercomplementar;Concomitante;Resistência dos materiais;2026/1;Reprovado;6;40.000 %
Campus Cachoeiro de Itapemirim;Técnico em Mecânica Intercomplementar;Concomitante;Resistência dos materiais;2026/1;Aprovado;9;60.000 %
Campus Cachoeiro de Itapemirim;Técnico em Mecânica Intercomplementar;Concomitante;Resistência dos materiais;2025/1;Aprovado;3;100.000 %
Campus Cachoeiro de Itapemirim;Técnico em Mecânica Intercomplementar;Concomitante;Resistência dos materiais;2024/1;Aprovado;4;100.000 %
Campus Cachoeiro de Itapemirim;Técnico em Mecânica Intercomplementar;Concomitante;Máquinas térmicas;2024/1;Aprovado;4;100.000 %
Campus Cachoeiro de Itapemirim;Técnico em Mecânica Intercomplementar;Concomitante;Máquinas térmicas;2025/1;Aprovado;3;100.000 %
Campus Cachoeiro de Itapemirim;Técnico em Mecânica Intercomplementar;Concomitante;Máquinas térmicas;2026/1;Reprovado;1;6.670 %
Campus Cachoeiro de Itapemirim;Técnico em Mecânica Intercomplementar;Concomitante;Máquinas térmicas;2026/1;Aprovado;14;93.330 %
Campus Cachoeiro de Itapemirim;Técnico em Mecânica Intercomplementar;Concomitante;Elementos de máquinas I;2026/1;Aprovado;15;100.000 %
Campus Cachoeiro de Itapemirim;Técnico em Mecânica Intercomplementar;Concomitante;Elementos de máquinas I;2025/1;Aprovado;3;100.000 %
Campus Cachoeiro de Itapemirim;Técnico em Mecânica Intercomplementar;Concomitante;Elementos de máquinas I;2024/1;Aprovado;4;100.000 %
Campus Cachoeiro de Itapemirim;Técnico em Mecânica Intercomplementar;Concomitante;Hidráulica e pneumática;2025/2;Aprovado;2;66.670 %
Campus Cachoeiro de Itapemirim;Técnico em Mecânica Intercomplementar;Concomitante;Hidráulica e pneumática;2025/2;Reprovado;1;33.330 %
Campus Cachoeiro de Itapemirim;Técnico em Mecânica Intercomplementar;Concomitante;Hidráulica e pneumática;2024/2;Aprovado;4;100.000 %
Campus Cachoeiro de Itapemirim;Técnico em Mecânica Intercomplementar;Concomitante;Hidráulica e pneumática;2026/1;Reprovado;1;100.000 %
Campus Cachoeiro de Itapemirim;Técnico em Mecânica Intercomplementar;Concomitante;Processos de fabricação II;2024/2;Aprovado;4;100.000 %
Campus Cachoeiro de Itapemirim;Técnico em Mecânica Intercomplementar;Concomitante;Processos de fabricação II;2025/2;Aprovado;3;100.000 %
Campus Cachoeiro de Itapemirim;Técnico em Mecânica Intercomplementar;Concomitante;Manutenção mecânica industrial;2025/2;Aprovado;3;100.000 %
Campus Cachoeiro de Itapemirim;Técnico em Mecânica Intercomplementar;Concomitante;Manutenção mecânica industrial;2024/2;Aprovado;4;100.000 %
Campus Cachoeiro de Itapemirim;Técnico em Mecânica Intercomplementar;Concomitante;Elementos de máquinas II;2024/2;Aprovado;4;100.000 %
Campus Cachoeiro de Itapemirim;Técnico em Mecânica Intercomplementar;Concomitante;Elementos de máquinas II;2025/2;Aprovado;3;100.000 %
Campus Cachoeiro de Itapemirim;Técnico em Mecânica Intercomplementar;Concomitante;Fundamentos da administração e gestão;2025/1;Aprovado;4;100.000 %
Campus Cachoeiro de Itapemirim;Técnico em Mecânica Intercomplementar;Concomitante;Fundamentos da administração e gestão;2026/1;Aprovado;3;100.000 %
Campus Cachoeiro de Itapemirim;Técnico em Mecânica Intercomplementar;Concomitante;Automação industrial hidráulica e pneumática;2026/1;Aprovado;2;66.670 %
Campus Cachoeiro de Itapemirim;Técnico em Mecânica Intercomplementar;Concomitante;Automação industrial hidráulica e pneumática;2026/1;Reprovado;1;33.330 %
Campus Cachoeiro de Itapemirim;Técnico em Mecânica Intercomplementar;Concomitante;Automação industrial hidráulica e pneumática;2025/1;Aprovado;4;100.000 %
Campus Cachoeiro de Itapemirim;Técnico em Mecânica Intercomplementar;Concomitante;Programação CNC e manufatura assistida por computador;2025/1;Aprovado;4;100.000 %
Campus Cachoeiro de Itapemirim;Técnico em Mecânica Intercomplementar;Concomitante;Programação CNC e manufatura assistida por computador;2026/1;Aprovado;2;66.670 %
Campus Cachoeiro de Itapemirim;Técnico em Mecânica Intercomplementar;Concomitante;Programação CNC e manufatura assistida por computador;2026/1;Reprovado;1;33.330 %
Campus Cachoeiro de Itapemirim;Técnico em Mecânica Intercomplementar;Concomitante;Desenho técnico I;2023/2;Aprovado;4;100.000 %
Campus Cachoeiro de Itapemirim;Técnico em Mecânica Intercomplementar;Concomitante;Desenho técnico I;2022/2;Aprovado;1;100.000 %
Campus Cachoeiro de Itapemirim;Técnico em Mecânica Intercomplementar;Concomitante;Desenho técnico I;2021/2;Aprovado;1;100.000 %
Campus Cachoeiro de Itapemirim;Técnico em Mecânica Intercomplementar;Concomitante;Máquinas térmicas;2021/2;Aprovado;1;100.000 %
Campus Cachoeiro de Itapemirim;Técnico em Mecânica Intercomplementar;Concomitante;Máquinas térmicas;2022/2;Aprovado;1;100.000 %
Campus Cachoeiro de Itapemirim;Técnico em Mecânica Intercomplementar;Concomitante;Mecânica técnica;2022/2;Aprovado;1;100.000 %
Campus Cachoeiro de Itapemirim;Técnico em Mecânica Intercomplementar;Concomitante;Mecânica técnica;2021/2;Aprovado;1;100.000 %
Campus Cachoeiro de Itapemirim;Técnico em Mecânica Intercomplementar;Concomitante;Mecânica técnica;2023/2;Aprovado;4;100.000 %
Campus Cachoeiro de Itapemirim;Técnico em Mecânica Intercomplementar;Concomitante;Mecânica técnica;2024/2;Aprovado;3;100.000 %
Campus Cachoeiro de Itapemirim;Técnico em Mecânica Intercomplementar;Concomitante;Mecânica técnica;2025/2;Aprovado;15;100.000 %
Campus Cachoeiro de Itapemirim;Técnico em Mecânica Intercomplementar;Concomitante;Metrologia dimensional;2025/2;Aprovado;15;100.000 %
Campus Cachoeiro de Itapemirim;Técnico em Mecânica Intercomplementar;Concomitante;Metrologia dimensional;2024/2;Aprovado;3;100.000 %
Campus Cachoeiro de Itapemirim;Técnico em Mecânica Intercomplementar;Concomitante;Metrologia dimensional;2023/2;Aprovado;4;100.000 %
Campus Cachoeiro de Itapemirim;Técnico em Mecânica Intercomplementar;Concomitante;Metrologia dimensional;2021/2;Aprovado;1;100.000 %
Campus Cachoeiro de Itapemirim;Técnico em Mecânica Intercomplementar;Concomitante;Metrologia dimensional;2022/2;Aprovado;1;100.000 %
Campus Cachoeiro de Itapemirim;Técnico em Mecânica Intercomplementar;Concomitante;Qualidade, segurança, meio ambiente e saúde;2022/2;Aprovado;1;100.000 %
Campus Cachoeiro de Itapemirim;Técnico em Mecânica Intercomplementar;Concomitante;Qualidade, segurança, meio ambiente e saúde;2021/2;Aprovado;1;100.000 %
Campus Cachoeiro de Itapemirim;Técnico em Mecânica Intercomplementar;Concomitante;Qualidade, segurança, meio ambiente e saúde;2024/1;Aprovado;4;100.000 %
Campus Cachoeiro de Itapemirim;Técnico em Mecânica Intercomplementar;Concomitante;Qualidade, segurança, meio ambiente e saúde;2025/1;Aprovado;3;100.000 %
Campus Cachoeiro de Itapemirim;Técnico em Mecânica Intercomplementar;Concomitante;Qualidade, segurança, meio ambiente e saúde;2026/1;Aprovado;15;100.000 %
Campus Cachoeiro de Itapemirim;Técnico em Mecânica Intercomplementar;Concomitante;Tecnologia dos materiais;2026/1;Aprovado;1;100.000 %
Campus Cachoeiro de Itapemirim;Técnico em Mecânica Intercomplementar;Concomitante;Tecnologia dos materiais;2025/2;Reprovado;1;6.670 %
Campus Cachoeiro de Itapemirim;Técnico em Mecânica Intercomplementar;Concomitante;Tecnologia dos materiais;2025/2;Aprovado;14;93.330 %
Campus Cachoeiro de Itapemirim;Técnico em Mecânica Intercomplementar;Concomitante;Tecnologia dos materiais;2024/2;Aprovado;3;100.000 %
Campus Cachoeiro de Itapemirim;Técnico em Mecânica Intercomplementar;Concomitante;Tecnologia dos materiais;2023/2;Aprovado;4;100.000 %
Campus Cachoeiro de Itapemirim;Técnico em Mecânica Intercomplementar;Concomitante;Tecnologia dos materiais;2021/2;Aprovado;1;100.000 %
Campus Cachoeiro de Itapemirim;Técnico em Mecânica Intercomplementar;Concomitante;Tecnologia dos materiais;2022/2;Aprovado;1;100.000 %
Campus Cachoeiro de Itapemirim;Técnico em Mecânica Intercomplementar;Concomitante;Elementos de máquinas II;2023/2;Aprovado;1;100.000 %
Campus Cachoeiro de Itapemirim;Técnico em Mecânica Intercomplementar;Concomitante;Desenho mecânico II;2026/1;Reprovado;1;6.670 %
Campus Cachoeiro de Itapemirim;Técnico em Mecânica Intercomplementar;Concomitante;Desenho mecânico II;2026/1;Aprovado;14;93.330 %
Campus Cachoeiro de Itapemirim;Técnico em Mecânica Intercomplementar;Concomitante;Desenho mecânico II;2025/1;Aprovado;3;100.000 %
Campus Cachoeiro de Itapemirim;Técnico em Mecânica Intercomplementar;Concomitante;Desenho mecânico II;2022/1;Aprovado;1;100.000 %
Campus Cachoeiro de Itapemirim;Técnico em Mecânica Intercomplementar;Concomitante;Desenho mecânico II;2023/1;Aprovado;1;100.000 %
Campus Cachoeiro de Itapemirim;Técnico em Mecânica Intercomplementar;Concomitante;Desenho mecânico II;2024/1;Aprovado;4;100.000 %
Campus Cachoeiro de Itapemirim;Técnico em Mecânica Intercomplementar;Concomitante;Eletrotécnica industrial;2023/1;Aprovado;1;100.000 %
Campus Cachoeiro de Itapemirim;Técnico em Mecânica Intercomplementar;Concomitante;Eletrotécnica industrial;2022/1;Aprovado;1;100.000 %
Campus Cachoeiro de Itapemirim;Técnico em Mecânica Intercomplementar;Concomitante;Eletrotécnica industrial;2025/1;Aprovado;1;100.000 %
Campus Cachoeiro de Itapemirim;Técnico em Mecânica Intercomplementar;Concomitante;Eletrotécnica industrial;2025/2;Aprovado;2;66.670 %
Campus Cachoeiro de Itapemirim;Técnico em Mecânica Intercomplementar;Concomitante;Eletrotécnica industrial;2025/2;Reprovado;1;33.330 %
Campus Cachoeiro de Itapemirim;Técnico em Mecânica Intercomplementar;Concomitante;Eletrotécnica industrial;2024/2;Reprovado;1;25.000 %
Campus Cachoeiro de Itapemirim;Técnico em Mecânica Intercomplementar;Concomitante;Eletrotécnica industrial;2024/2;Aprovado;3;75.000 %
Campus Cachoeiro de Itapemirim;Técnico em Mecânica Intercomplementar;Concomitante;Eletrotécnica industrial;2026/1;Reprovado;1;100.000 %
Campus Cachoeiro de Itapemirim;Técnico em Mecânica Intercomplementar;Concomitante;Lubrificação industrial;2022/1;Aprovado;1;100.000 %
Campus Cachoeiro de Itapemirim;Técnico em Mecânica Intercomplementar;Concomitante;Lubrificação industrial;2023/1;Aprovado;1;100.000 %
Campus Cachoeiro de Itapemirim;Técnico em Mecânica Intercomplementar;Concomitante;Máquinas de fluxo;2023/1;Aprovado;1;100.000 %
Campus Cachoeiro de Itapemirim;Técnico em Mecânica Intercomplementar;Concomitante;Máquinas de fluxo;2023/2;Aprovado;4;100.000 %
Campus Cachoeiro de Itapemirim;Técnico em Mecânica Intercomplementar;Concomitante;Máquinas de fluxo;2022/1;Aprovado;1;100.000 %
Campus Cachoeiro de Itapemirim;Técnico em Mecânica Intercomplementar;Concomitante;Máquinas de fluxo;2024/2;Aprovado;3;100.000 %
Campus Cachoeiro de Itapemirim;Técnico em Mecânica Intercomplementar;Concomitante;Máquinas de fluxo;2025/2;Aprovado;15;100.000 %
Campus Cachoeiro de Itapemirim;Técnico em Mecânica Intercomplementar;Concomitante;Tecnologia dos materiais II;2025/2;Reprovado;1;100.000 %
Campus Cachoeiro de Itapemirim;Técnico em Mecânica Intercomplementar;Concomitante;Tecnologia dos materiais II;2025/1;Reprovado;1;33.330 %
Campus Cachoeiro de Itapemirim;Técnico em Mecânica Intercomplementar;Concomitante;Tecnologia dos materiais II;2025/1;Aprovado;2;66.670 %
Campus Cachoeiro de Itapemirim;Técnico em Mecânica Intercomplementar;Concomitante;Tecnologia dos materiais II;2024/2;Aprovado;2;100.000 %
Campus Cachoeiro de Itapemirim;Técnico em Mecânica Intercomplementar;Concomitante;Tecnologia dos materiais II;2026/1;Reprovado;1;100.000 %
Campus Cachoeiro de Itapemirim;Técnico em Mecânica Intercomplementar;Concomitante;Tecnologia dos materiais II;2026/1;Aprovado;8;53.330 %
Campus Cachoeiro de Itapemirim;Técnico em Mecânica Intercomplementar;Concomitante;Tecnologia dos materiais II;2026/1;Reprovado;7;46.670 %
Campus Cachoeiro de Itapemirim;Técnico em Mecânica Intercomplementar;Concomitante;Tecnologia dos materiais II;2022/1;Aprovado;1;100.000 %
Campus Cachoeiro de Itapemirim;Técnico em Mecânica Intercomplementar;Concomitante;Tecnologia dos materiais II;2023/1;Aprovado;1;100.000 %
Campus Cachoeiro de Itapemirim;Técnico em Mecânica Intercomplementar;Concomitante;Tecnologia dos materiais II;2024/1;Reprovado;2;50.000 %
Campus Cachoeiro de Itapemirim;Técnico em Mecânica Intercomplementar;Concomitante;Tecnologia dos materiais II;2024/1;Aprovado;2;50.000 %
Campus Cachoeiro de Itapemirim;Técnico em Mecânica Intercomplementar;Concomitante;Ensaios e comandos elétricos/automação;2023/2;Aprovado;1;100.000 %
Campus Cachoeiro de Itapemirim;Técnico em Mecânica Intercomplementar;Concomitante;Ensaios e comandos elétricos/automação;2022/2;Aprovado;1;100.000 %
Campus Cachoeiro de Itapemirim;Técnico em Mecânica Intercomplementar;Concomitante;Processos de usinagem;2022/2;Aprovado;1;100.000 %
Campus Cachoeiro de Itapemirim;Técnico em Mecânica Intercomplementar;Concomitante;Processos de usinagem;2023/2;Aprovado;1;100.000 %
Campus Cachoeiro de Itapemirim;Técnico em Mecânica Intercomplementar;Concomitante;Tecnologia de soldagem;2023/2;Aprovado;1;100.000 %
Campus Cachoeiro de Itapemirim;Técnico em Mecânica Intercomplementar;Concomitante;Tecnologia de soldagem;2022/2;Aprovado;1;100.000 %
Campus Cachoeiro de Itapemirim;Técnico em Mecânica Intercomplementar;Concomitante;Tecnologia de soldagem;2026/1;Aprovado;3;100.000 %
Campus Cachoeiro de Itapemirim;Técnico em Mecânica Intercomplementar;Concomitante;Tecnologia de soldagem;2025/1;Aprovado;4;100.000 %
Campus Cachoeiro de Itapemirim;Técnico em Mecânica Intercomplementar;Concomitante;Eletro-hidráulica e eletropneumática;2023/1;Aprovado;1;100.000 %
Campus Cachoeiro de Itapemirim;Técnico em Mecânica Intercomplementar;Concomitante;Eletro-hidráulica e eletropneumática;2024/1;Aprovado;1;100.000 %
Campus Cachoeiro de Itapemirim;Técnico em Mecânica Intercomplementar;Concomitante;Ensaios dos materiais;2024/1;Aprovado;1;100.000 %
Campus Cachoeiro de Itapemirim;Técnico em Mecânica Intercomplementar;Concomitante;Ensaios dos materiais;2023/1;Aprovado;1;100.000 %
Campus Cachoeiro de Itapemirim;Técnico em Mecânica Intercomplementar;Concomitante;Ensaios dos materiais;2025/1;Aprovado;4;100.000 %
Campus Cachoeiro de Itapemirim;Técnico em Mecânica Intercomplementar;Concomitante;Ensaios dos materiais;2026/1;Reprovado;1;33.330 %
Campus Cachoeiro de Itapemirim;Técnico em Mecânica Intercomplementar;Concomitante;Ensaios dos materiais;2026/1;Aprovado;2;66.670 %
Campus Cachoeiro de Itapemirim;Técnico em Mecânica Intercomplementar;Concomitante;Fundamentos de administração;2023/1;Aprovado;1;100.000 %
Campus Cachoeiro de Itapemirim;Técnico em Mecânica Intercomplementar;Concomitante;Fundamentos de administração;2024/1;Aprovado;1;100.000 %
Campus Cachoeiro de Itapemirim;Técnico em Mecânica Intercomplementar;Concomitante;Gestão;2024/1;Aprovado;1;100.000 %
Campus Cachoeiro de Itapemirim;Técnico em Mecânica Intercomplementar;Concomitante;Gestão;2023/1;Aprovado;1;100.000 %
Campus Cachoeiro de Itapemirim;Técnico em Mecânica Intercomplementar;Concomitante;Processos de transformação - manufatura aditiva;2023/1;Aprovado;1;100.000 %
Campus Cachoeiro de Itapemirim;Técnico em Mecânica Intercomplementar;Concomitante;Processos de transformação - manufatura aditiva;2024/1;Aprovado;1;100.000 %
Campus Cachoeiro de Itapemirim;Técnico em Mecânica Intercomplementar;Concomitante;Planejamento e controle da manutenção;2024/1;Aprovado;1;100.000 %
Campus Cachoeiro de Itapemirim;Técnico em Mecânica Intercomplementar;Concomitante;Planejamento e controle da manutenção;2023/1;Aprovado;1;100.000 %
Campus Cachoeiro de Itapemirim;Técnico em Mecânica Intercomplementar;Concomitante;Planejamento e controle da manutenção;2025/2;Aprovado;3;100.000 %
Campus Cachoeiro de Itapemirim;Técnico em Mecânica Intercomplementar;Concomitante;Planejamento e controle da manutenção;2024/2;Aprovado;4;100.000 %
Campus Cachoeiro de Itapemirim;Técnico em Mecânica Intercomplementar;Concomitante;Refrigeração e ar condicionado;2025/1;Aprovado;4;100.000 %
Campus Cachoeiro de Itapemirim;Técnico em Mecânica Intercomplementar;Concomitante;Refrigeração e ar condicionado;2026/1;Aprovado;3;100.000 %
Campus Cachoeiro de Itapemirim;Técnico em Mecânica Intercomplementar;Concomitante;Refrigeração e ar condicionado;2023/1;Aprovado;1;100.000 %
Campus Cachoeiro de Itapemirim;Técnico em Mecânica Intercomplementar;Concomitante;Refrigeração e ar condicionado;2024/1;Aprovado;1;100.000 %
Campus Cachoeiro de Itapemirim;Técnico em Mecânica Intercomplementar;Concomitante;Programação CNC;2024/1;Aprovado;1;100.000 %
Campus Cachoeiro de Itapemirim;Técnico em Mecânica Intercomplementar;Concomitante;Programação CNC;2023/1;Aprovado;1;100.000 %
Campus Cachoeiro de Itapemirim;Técnico em Mecânica Intercomplementar;Concomitante;Manutenção mecânica;2023/2;Aprovado;1;100.000 %
Campus Cachoeiro de Itapemirim;Técnico em Mecânica Intercomplementar;Concomitante;Manutenção mecânica;2022/2;Aprovado;1;100.000 %
Campus Cachoeiro de Itapemirim;Técnico em Mecânica Intercomplementar;Concomitante;Elementos de máquinas I;2022/1;Aprovado;1;100.000 %
Campus Cachoeiro de Itapemirim;Técnico em Mecânica Intercomplementar;Concomitante;Hidráulica e pneumática;2022/2;Aprovado;1;100.000 %
Campus Cachoeiro de Itapemirim;Técnico em Mecânica Intercomplementar;Concomitante;Hidráulica e pneumática;2023/2;Aprovado;1;100.000 %
Campus Cachoeiro de Itapemirim;Técnico em Mineração Intercomplementar;Concomitante;Cartografia e topografia;2025/2;Aprovado;19;100.000 %
Campus Cachoeiro de Itapemirim;Técnico em Mineração Intercomplementar;Concomitante;Mineralogia e petrografia;2026/1;Reprovado;1;5.260 %
Campus Cachoeiro de Itapemirim;Técnico em Mineração Intercomplementar;Concomitante;Mineralogia e petrografia;2026/1;Aprovado /Rep. no Módulo;1;5.260 %
Campus Cachoeiro de Itapemirim;Técnico em Mineração Intercomplementar;Concomitante;Mineralogia e petrografia;2026/1;Aprovado;17;89.470 %
Campus Cachoeiro de Itapemirim;Técnico em Mineração Intercomplementar;Concomitante;Geologia aplicada;2026/1;Aprovado /Rep. no Módulo;1;5.260 %
Campus Cachoeiro de Itapemirim;Técnico em Mineração Intercomplementar;Concomitante;Geologia aplicada;2026/1;Aprovado;18;94.740 %
Campus Cachoeiro de Itapemirim;Técnico em Mineração Intercomplementar;Concomitante;Geologia geral;2025/2;Aprovado;19;100.000 %
Campus Cachoeiro de Itapemirim;Técnico em Mineração Intercomplementar;Concomitante;Desenho técnico e introdução ao AutoCAD;2025/2;Aprovado;19;100.000 %
Campus Cachoeiro de Itapemirim;Técnico em Mineração Intercomplementar;Concomitante;Estabilidade e desmonte de rochas;2026/1;Aprovado;18;94.740 %
Campus Cachoeiro de Itapemirim;Técnico em Mineração Intercomplementar;Concomitante;Estabilidade e desmonte de rochas;2026/1;Aprovado /Rep. no Módulo;1;5.260 %
Campus Cachoeiro de Itapemirim;Técnico em Mineração Intercomplementar;Concomitante;Geoprocessamento aplicado à mineração;2026/1;Aprovado /Rep. no Módulo;1;5.260 %
Campus Cachoeiro de Itapemirim;Técnico em Mineração Intercomplementar;Concomitante;Geoprocessamento aplicado à mineração;2026/1;Aprovado;18;94.740 %
Campus Cachoeiro de Itapemirim;Técnico em Mineração Intercomplementar;Concomitante;SMS aplicado à mineração;2025/2;Aprovado;19;100.000 %
Campus Cachoeiro de Itapemirim;Técnico em Mineração Intercomplementar;Concomitante;Fundamentos da administração;2025/2;Aprovado;19;100.000 %
Campus Cachoeiro de Itapemirim;Técnico em Mineração Intercomplementar;Concomitante;Propriedade e resistência dos materiais;2026/1;Aprovado;18;94.740 %
Campus Cachoeiro de Itapemirim;Técnico em Mineração Intercomplementar;Concomitante;Propriedade e resistência dos materiais;2026/1;Aprovado /Rep. no Módulo;1;5.260 %
Campus Cachoeiro de Itapemirim;Programação com JavaScript e Node.js;FIC;Introdução ao framework Node.js e notação Javascript;2024/2;Reprovado;7;77.780 %
Campus Cachoeiro de Itapemirim;Programação com JavaScript e Node.js;FIC;Introdução ao framework Node.js e notação Javascript;2024/2;Aprovado;2;22.220 %
Campus Cachoeiro de Itapemirim;Programação com JavaScript e Node.js;FIC;Criação de páginas customizadas com Node.js;2024/2;Aprovado;2;22.220 %
Campus Cachoeiro de Itapemirim;Programação com JavaScript e Node.js;FIC;Criação de páginas customizadas com Node.js;2024/2;Reprovado;7;77.780 %
Campus Cachoeiro de Itapemirim;Programação com JavaScript e Node.js;FIC;Persistência de dados com Sequelize;2024/2;Reprovado;7;77.780 %
Campus Cachoeiro de Itapemirim;Programação com JavaScript e Node.js;FIC;Persistência de dados com Sequelize;2024/2;Aprovado;2;22.220 %
Campus Cachoeiro de Itapemirim;Programação com JavaScript e Node.js;FIC;Node.js intermediário, CRUD com Sequelize, cookies e sessões;2024/2;Reprovado;9;100.000 %
Campus Cachoeiro de Itapemirim;Técnico em Informática para Internet;Concomitante;Fundamentos de informática;2026/1;Reprovado;1;14.290 %
Campus Cachoeiro de Itapemirim;Técnico em Informática para Internet;Concomitante;Fundamentos de informática;2026/1;Reprovado;1;7.690 %
Campus Cachoeiro de Itapemirim;Técnico em Informática para Internet;Concomitante;Fundamentos de informática;2026/1;Aprovado;5;71.430 %
Campus Cachoeiro de Itapemirim;Técnico em Informática para Internet;Concomitante;Fundamentos de informática;2026/1;Aprovado;12;92.310 %
Campus Cachoeiro de Itapemirim;Técnico em Informática para Internet;Concomitante;Fundamentos de informática;2026/1;Aprovado;1;100.000 %
Campus Cachoeiro de Itapemirim;Técnico em Informática para Internet;Concomitante;Fundamentos de informática;2026/1;Aproveit. Disciplina;1;14.290 %
Campus Cachoeiro de Itapemirim;Técnico em Informática para Internet;Concomitante;Fundamentos de informática;2025/2;Aprovado;8;88.890 %
Campus Cachoeiro de Itapemirim;Técnico em Informática para Internet;Concomitante;Fundamentos de informática;2025/2;Aprovado;4;100.000 %
Campus Cachoeiro de Itapemirim;Técnico em Informática para Internet;Concomitante;Fundamentos de informática;2025/2;Reprovado;1;11.110 %
Campus Cachoeiro de Itapemirim;Técnico em Informática para Internet;Concomitante;Fundamentos de informática;2025/1;Aprovado;12;100.000 %
Campus Cachoeiro de Itapemirim;Técnico em Informática para Internet;Concomitante;Fundamentos de informática;2025/1;Aprovado;4;100.000 %
Campus Cachoeiro de Itapemirim;Técnico em Informática para Internet;Concomitante;Fundamentos de informática;2024/2;Aprovado;1;100.000 %
Campus Cachoeiro de Itapemirim;Técnico em Informática para Internet;Concomitante;Programação I;2024/2;Aprovado;1;100.000 %
Campus Cachoeiro de Itapemirim;Técnico em Informática para Internet;Concomitante;Programação I;2025/1;Aprovado;10;83.330 %
Campus Cachoeiro de Itapemirim;Técnico em Informática para Internet;Concomitante;Programação I;2025/1;Reprovado;2;16.670 %
Campus Cachoeiro de Itapemirim;Técnico em Informática para Internet;Concomitante;Programação I;2025/1;Aprovado;4;100.000 %
Campus Cachoeiro de Itapemirim;Técnico em Informática para Internet;Concomitante;Programação I;2025/2;Aprovado;9;100.000 %
Campus Cachoeiro de Itapemirim;Técnico em Informática para Internet;Concomitante;Programação I;2025/2;Aprovado;4;100.000 %
Campus Cachoeiro de Itapemirim;Técnico em Informática para Internet;Concomitante;Programação I;2026/1;Aproveit. Disciplina;1;4.760 %
Campus Cachoeiro de Itapemirim;Técnico em Informática para Internet;Concomitante;Programação I;2026/1;Aprovado;19;90.480 %
Campus Cachoeiro de Itapemirim;Técnico em Informática para Internet;Concomitante;Programação I;2026/1;Reprovado;1;4.760 %
Campus Cachoeiro de Itapemirim;Técnico em Informática para Internet;Concomitante;Introdução a ambiente virtual de aprendizagem;2026/1;Aprovado;15;71.430 %
Campus Cachoeiro de Itapemirim;Técnico em Informática para Internet;Concomitante;Introdução a ambiente virtual de aprendizagem;2026/1;Reprovado;6;28.570 %
Campus Cachoeiro de Itapemirim;Técnico em Informática para Internet;Concomitante;Introdução a ambiente virtual de aprendizagem;2025/2;Aprovado;10;76.920 %
Campus Cachoeiro de Itapemirim;Técnico em Informática para Internet;Concomitante;Introdução a ambiente virtual de aprendizagem;2025/2;Reprovado;3;23.080 %
Campus Cachoeiro de Itapemirim;Técnico em Informática para Internet;Concomitante;Introdução a ambiente virtual de aprendizagem;2025/1;Aprovado;16;100.000 %
Campus Cachoeiro de Itapemirim;Técnico em Informática para Internet;Concomitante;Introdução a ambiente virtual de aprendizagem;2024/2;Aprovado;1;100.000 %
Campus Cachoeiro de Itapemirim;Técnico em Informática para Internet;Concomitante;Matemática básica;2024/2;Aprovado;1;100.000 %
Campus Cachoeiro de Itapemirim;Técnico em Informática para Internet;Concomitante;Matemática básica;2025/1;Aprovado;16;100.000 %
Campus Cachoeiro de Itapemirim;Técnico em Informática para Internet;Concomitante;Matemática básica;2025/2;Aprovado;13;100.000 %
Campus Cachoeiro de Itapemirim;Técnico em Informática para Internet;Concomitante;Matemática básica;2026/1;Aproveit. Disciplina;1;5.000 %
Campus Cachoeiro de Itapemirim;Técnico em Informática para Internet;Concomitante;Matemática básica;2026/1;Aprovado;17;85.000 %
Campus Cachoeiro de Itapemirim;Técnico em Informática para Internet;Concomitante;Matemática básica;2026/1;Reprovado;2;10.000 %
Campus Cachoeiro de Itapemirim;Técnico em Informática para Internet;Concomitante;Inglês;2026/1;Aprovado;18;90.000 %
Campus Cachoeiro de Itapemirim;Técnico em Informática para Internet;Concomitante;Inglês;2026/1;Reprovado;1;5.000 %
Campus Cachoeiro de Itapemirim;Técnico em Informática para Internet;Concomitante;Inglês;2026/1;Aproveit. Disciplina;1;5.000 %
Campus Cachoeiro de Itapemirim;Técnico em Informática para Internet;Concomitante;Inglês;2025/2;Reprovado;1;7.690 %
Campus Cachoeiro de Itapemirim;Técnico em Informática para Internet;Concomitante;Inglês;2025/2;Aprovado;12;92.310 %
Campus Cachoeiro de Itapemirim;Técnico em Informática para Internet;Concomitante;Inglês;2025/1;Aprovado;16;100.000 %
Campus Cachoeiro de Itapemirim;Técnico em Informática para Internet;Concomitante;Inglês;2024/2;Aprovado;1;100.000 %
Campus Cachoeiro de Itapemirim;Técnico em Informática para Internet;Concomitante;Fundamentos de hardware;2024/2;Aprovado;1;100.000 %
Campus Cachoeiro de Itapemirim;Técnico em Informática para Internet;Concomitante;Fundamentos de hardware;2025/1;Aprovado;11;91.670 %
Campus Cachoeiro de Itapemirim;Técnico em Informática para Internet;Concomitante;Fundamentos de hardware;2025/1;Aprovado;4;100.000 %
Campus Cachoeiro de Itapemirim;Técnico em Informática para Internet;Concomitante;Fundamentos de hardware;2025/1;Reprovado;1;8.330 %
Campus Cachoeiro de Itapemirim;Técnico em Informática para Internet;Concomitante;Fundamentos de hardware;2025/2;Aprovado;13;100.000 %
Campus Cachoeiro de Itapemirim;Técnico em Informática para Internet;Concomitante;Fundamentos de hardware;2026/1;Aproveit. Disciplina;1;14.290 %
Campus Cachoeiro de Itapemirim;Técnico em Informática para Internet;Concomitante;Fundamentos de hardware;2026/1;Reprovado;1;14.290 %
Campus Cachoeiro de Itapemirim;Técnico em Informática para Internet;Concomitante;Fundamentos de hardware;2026/1;Aprovado;13;100.000 %
Campus Cachoeiro de Itapemirim;Técnico em Informática para Internet;Concomitante;Fundamentos de hardware;2026/1;Aprovado;5;71.430 %
Campus Cachoeiro de Itapemirim;Técnico em Informática para Internet;Concomitante;Programação II;2026/1;Aprovado;11;73.330 %
Campus Cachoeiro de Itapemirim;Técnico em Informática para Internet;Concomitante;Programação II;2026/1;Reprovado;2;13.330 %
Campus Cachoeiro de Itapemirim;Técnico em Informática para Internet;Concomitante;Programação II;2025/2;Reprovado;3;17.650 %
Campus Cachoeiro de Itapemirim;Técnico em Informática para Internet;Concomitante;Programação II;2025/2;Aprovado;14;82.350 %
Campus Cachoeiro de Itapemirim;Técnico em Informática para Internet;Concomitante;Programação II;2025/1;Reprovado;1;100.000 %
Campus Cachoeiro de Itapemirim;Técnico em Informática para Internet;Concomitante;Programação II;2024/2;Aprovado;1;100.000 %
Campus Cachoeiro de Itapemirim;Técnico em Informática para Internet;Concomitante;Sistemas operacionais;2024/2;Aprovado;1;100.000 %
Campus Cachoeiro de Itapemirim;Técnico em Informática para Internet;Concomitante;Sistemas operacionais;2025/1;Reprovado;1;100.000 %
Campus Cachoeiro de Itapemirim;Técnico em Informática para Internet;Concomitante;Sistemas operacionais;2025/2;Aprovado;14;82.350 %
Campus Cachoeiro de Itapemirim;Técnico em Informática para Internet;Concomitante;Sistemas operacionais;2025/2;Reprovado;3;17.650 %
Campus Cachoeiro de Itapemirim;Técnico em Informática para Internet;Concomitante;Sistemas operacionais;2026/1;Reprovado;4;26.670 %
Campus Cachoeiro de Itapemirim;Técnico em Informática para Internet;Concomitante;Sistemas operacionais;2026/1;Aprovado;9;60.000 %
Campus Cachoeiro de Itapemirim;Técnico em Informática para Internet;Concomitante;Redes de computadores I;2026/1;Aprovado;10;76.920 %
Campus Cachoeiro de Itapemirim;Técnico em Informática para Internet;Concomitante;Redes de computadores I;2026/1;Reprovado;1;7.690 %
Campus Cachoeiro de Itapemirim;Técnico em Informática para Internet;Concomitante;Redes de computadores I;2025/2;Aprovado;16;100.000 %
Campus Cachoeiro de Itapemirim;Técnico em Informática para Internet;Concomitante;Redes de computadores I;2025/1;Aprovado;1;100.000 %
Campus Cachoeiro de Itapemirim;Técnico em Informática para Internet;Concomitante;Redes de computadores I;2024/2;Aproveit. Disciplina;1;100.000 %
Campus Cachoeiro de Itapemirim;Técnico em Informática para Internet;Concomitante;Desenvolvimento web I;2024/2;Aprovado;1;100.000 %
Campus Cachoeiro de Itapemirim;Técnico em Informática para Internet;Concomitante;Desenvolvimento web I;2025/1;Reprovado;1;100.000 %
Campus Cachoeiro de Itapemirim;Técnico em Informática para Internet;Concomitante;Desenvolvimento web I;2025/2;Aprovado;14;82.350 %
Campus Cachoeiro de Itapemirim;Técnico em Informática para Internet;Concomitante;Desenvolvimento web I;2025/2;Reprovado;3;17.650 %
Campus Cachoeiro de Itapemirim;Técnico em Informática para Internet;Concomitante;Desenvolvimento web I;2026/1;Reprovado;3;20.000 %
Campus Cachoeiro de Itapemirim;Técnico em Informática para Internet;Concomitante;Desenvolvimento web I;2026/1;Aprovado;10;66.670 %
Campus Cachoeiro de Itapemirim;Técnico em Informática para Internet;Concomitante;Banco de dados;2026/1;Aprovado;14;100.000 %
Campus Cachoeiro de Itapemirim;Técnico em Informática para Internet;Concomitante;Banco de dados;2025/1;Aprovado;1;100.000 %
Campus Cachoeiro de Itapemirim;Técnico em Informática para Internet;Concomitante;Desenvolvimento mobile;2025/1;Aprovado;1;100.000 %
Campus Cachoeiro de Itapemirim;Técnico em Informática para Internet;Concomitante;Desenvolvimento mobile;2026/1;Aprovado;14;100.000 %
Campus Cachoeiro de Itapemirim;Técnico em Informática para Internet;Concomitante;Redes de computadores II;2026/1;Aprovado;14;100.000 %
Campus Cachoeiro de Itapemirim;Técnico em Informática para Internet;Concomitante;Redes de computadores II;2025/1;Aprovado;1;100.000 %
Campus Cachoeiro de Itapemirim;Técnico em Informática para Internet;Concomitante;Desenvolvimento web II;2025/1;Aprovado;1;100.000 %
Campus Cachoeiro de Itapemirim;Técnico em Informática para Internet;Concomitante;Desenvolvimento web II;2026/1;Aprovado;14;100.000 %
Campus Cachoeiro de Itapemirim;Técnico em Informática para Internet;Concomitante;Relações humanas e SMS;2025/2;Aprovado;1;100.000 %
Campus Cachoeiro de Itapemirim;Técnico em Informática para Internet;Concomitante;Redes de computadores III;2025/2;Aprovado;1;100.000 %
Campus Cachoeiro de Itapemirim;Técnico em Informática para Internet;Concomitante;Análise e projeto de sistemas;2025/2;Aprovado;1;100.000 %
Campus Cachoeiro de Itapemirim;Técnico em Informática para Internet;Concomitante;Empreendedorismo;2025/2;Aprovado;1;100.000 %
Campus Cachoeiro de Itapemirim;Técnico em Informática para Internet;Concomitante;Projeto integrador;2025/2;Aprovado;1;100.000 %
Campus Cachoeiro de Itapemirim;Ensino de Ciências Naturais;Pós-Graduação;Ambiente AVA e leitura e produção de texto;2024/2;Aprovado;22;100.000 %
Campus Cachoeiro de Itapemirim;Ensino de Ciências Naturais;Pós-Graduação;Tópicos especiais em química;2024/2;Aprovado;22;100.000 %
Campus Cachoeiro de Itapemirim;Ensino de Ciências Naturais;Pós-Graduação;História e filosofia da ciência;2024/2;Aprovado;22;100.000 %
Campus Cachoeiro de Itapemirim;Ensino de Ciências Naturais;Pós-Graduação;Tópicos especiais de física;2025/1;Aprovado;22;100.000 %
Campus Cachoeiro de Itapemirim;Ensino de Ciências Naturais;Pós-Graduação;Estatística aplicada ao ensino de ciências;2025/1;Aprovado;22;100.000 %
Campus Cachoeiro de Itapemirim;Ensino de Ciências Naturais;Pós-Graduação;Informática no ensino de ciências;2025/1;Reprovado;1;4.550 %
Campus Cachoeiro de Itapemirim;Ensino de Ciências Naturais;Pós-Graduação;Informática no ensino de ciências;2025/1;Aprovado;21;95.450 %
Campus Cachoeiro de Itapemirim;Ensino de Ciências Naturais;Pós-Graduação;Metodologia da pesquisa em ensino de ciências;2025/1;Rep. Falta;2;9.090 %
Campus Cachoeiro de Itapemirim;Ensino de Ciências Naturais;Pós-Graduação;Metodologia da pesquisa em ensino de ciências;2025/1;Aprovado;20;90.910 %
Campus Cachoeiro de Itapemirim;Ensino de Ciências Naturais;Pós-Graduação;Tecnologia da informação e comunicação no ensino de ciências;2025/1;Aprovado;20;90.910 %
Campus Cachoeiro de Itapemirim;Ensino de Ciências Naturais;Pós-Graduação;Tecnologia da informação e comunicação no ensino de ciências;2025/1;Reprovado;2;9.090 %
Campus Cachoeiro de Itapemirim;Ensino de Ciências Naturais;Pós-Graduação;Experimentos e recursos didáticos em química;2025/1;Reprovado;2;9.090 %
Campus Cachoeiro de Itapemirim;Ensino de Ciências Naturais;Pós-Graduação;Experimentos e recursos didáticos em química;2025/1;Aprovado;20;90.910 %
Campus Cachoeiro de Itapemirim;Ensino de Ciências Naturais;Pós-Graduação;Ciência aplicada;2025/2;Aprovado;18;90.000 %
Campus Cachoeiro de Itapemirim;Ensino de Ciências Naturais;Pós-Graduação;Ciência aplicada;2025/2;Reprovado;2;10.000 %
Campus Cachoeiro de Itapemirim;Ensino de Ciências Naturais;Pós-Graduação;Experimentos e recursos didáticos em física;2025/2;Aprovado;20;100.000 %
Campus Cachoeiro de Itapemirim;Ensino de Ciências Naturais;Pós-Graduação;Seminários;2025/2;Aprovado;20;100.000 %
Campus Cachoeiro de Itapemirim;Ensino de Ciências Naturais;Pós-Graduação;Seminário de projeto;2025/2;Aprovado;16;80.000 %
Campus Cachoeiro de Itapemirim;Ensino de Ciências Naturais;Pós-Graduação;Seminário de projeto;2025/2;Reprovado;4;20.000 %
Campus Cachoeiro de Itapemirim;Ensino de Ciências Naturais;Pós-Graduação;Trabalho final de curso;2025/2;Reprovado;1;50.000 %
Campus Cachoeiro de Itapemirim;Ensino de Ciências Naturais;Pós-Graduação;Trabalho final de curso;2025/2;Reprovado;1;100.000 %
Campus Cachoeiro de Itapemirim;Ensino de Ciências Naturais;Pós-Graduação;Trabalho final de curso;2025/2;Reprovado;2;100.000 %
Campus Cachoeiro de Itapemirim;Ensino de Ciências Naturais;Pós-Graduação;Trabalho final de curso;2025/2;Reprovado;1;50.000 %
Campus Cachoeiro de Itapemirim;Ensino de Ciências Naturais;Pós-Graduação;Trabalho final de curso;2025/2;Aprovado;1;50.000 %
Campus Cachoeiro de Itapemirim;Ensino de Ciências Naturais;Pós-Graduação;Trabalho final de curso;2025/2;Aprovado;2;100.000 %
Campus Cachoeiro de Itapemirim;Ensino de Ciências Naturais;Pós-Graduação;Trabalho final de curso;2025/2;Aprovado;1;50.000 %
Campus Cachoeiro de Itapemirim;Ensino de Ciências Naturais;Pós-Graduação;Trabalho final de curso;2025/2;Aprovado;2;100.000 %
Campus Cachoeiro de Itapemirim;Ensino de Ciências Naturais;Pós-Graduação;Trabalho final de curso;2025/2;Aprovado;1;100.000 %
Campus Cachoeiro de Itapemirim;Ensino de Ciências Naturais;Pós-Graduação;Trabalho final de curso;2025/2;Reprovado;3;100.000 %
Campus Cachoeiro de Itapemirim;Pintor Industrial;FIC;Fundamentos de comunicação;2024/2;Rep. Falta;1;100.000 %
Campus Cachoeiro de Itapemirim;Pintor Industrial;FIC;Fundamentos de raciocínio lógico;2024/2;Rep. Falta;1;100.000 %
Campus Cachoeiro de Itapemirim;Pintor Industrial;FIC;Saúde, segurança e meio ambiente;2024/2;Rep. Falta;1;100.000 %
Campus Cachoeiro de Itapemirim;Pintor Industrial;FIC;Preparação de superfícies;2024/2;Rep. Falta;1;100.000 %
Campus Cachoeiro de Itapemirim;Pintor Industrial;FIC;Pintura industrial;2024/2;Rep. Falta;1;100.000 %
Campus Cachoeiro de Itapemirim;Pintor Industrial;FIC;Integração de competências profissionais;2024/2;Rep. Falta;1;100.000 %
Campus Cachoeiro de Itapemirim;Técnico em Informática para Internet;Integrado;Filosofia;2025/1;Aprovado;41;100.000 %
Campus Cachoeiro de Itapemirim;Técnico em Informática para Internet;Integrado;Geografia I;2025/1;Aprovado;41;100.000 %
Campus Cachoeiro de Itapemirim;Técnico em Informática para Internet;Integrado;História I;2025/1;Aprovado;41;100.000 %
Campus Cachoeiro de Itapemirim;Técnico em Informática para Internet;Integrado;Educação física I;2025/1;Aprovado;41;100.000 %
Campus Cachoeiro de Itapemirim;Técnico em Informática para Internet;Integrado;Língua portuguesa e literatura brasileira I;2025/1;Aprovado;41;100.000 %
Campus Cachoeiro de Itapemirim;Técnico em Informática para Internet;Integrado;Língua estrangeira moderna - inglês I;2025/1;Aprovado;41;100.000 %
Campus Cachoeiro de Itapemirim;Técnico em Informática para Internet;Integrado;Matemática I;2025/1;Aprovado;41;100.000 %
Campus Cachoeiro de Itapemirim;Técnico em Informática para Internet;Integrado;Física I;2025/1;Aprovado;19;95.000 %
Campus Cachoeiro de Itapemirim;Técnico em Informática para Internet;Integrado;Física I;2025/1;Aprovado;19;90.480 %
Campus Cachoeiro de Itapemirim;Técnico em Informática para Internet;Integrado;Física I;2025/1;Reprovado;1;5.000 %
Campus Cachoeiro de Itapemirim;Técnico em Informática para Internet;Integrado;Física I;2025/1;Reprovado;2;9.520 %
Campus Cachoeiro de Itapemirim;Técnico em Informática para Internet;Integrado;Biologia I;2025/1;Reprovado;2;4.880 %
Campus Cachoeiro de Itapemirim;Técnico em Informática para Internet;Integrado;Biologia I;2025/1;Aprovado;39;95.120 %
Campus Cachoeiro de Itapemirim;Técnico em Informática para Internet;Integrado;Fundamentos da informática;2025/1;Aprovado;21;100.000 %
Campus Cachoeiro de Itapemirim;Técnico em Informática para Internet;Integrado;Fundamentos da informática;2025/1;Aprovado;21;100.000 %
Campus Cachoeiro de Itapemirim;Técnico em Informática para Internet;Integrado;Lógica de programação;2025/1;Aprovado;20;100.000 %
Campus Cachoeiro de Itapemirim;Técnico em Informática para Internet;Integrado;Lógica de programação;2025/1;Aprovado;21;100.000 %
Campus Cachoeiro de Itapemirim;Técnico em Informática para Internet;Integrado;Sistemas operacionais;2025/1;Aprovado;20;100.000 %
Campus Cachoeiro de Itapemirim;Técnico em Informática para Internet;Integrado;Sistemas operacionais;2025/1;Aprovado;20;95.240 %
Campus Cachoeiro de Itapemirim;Técnico em Informática para Internet;Integrado;Sistemas operacionais;2025/1;Reprovado;1;4.760 %
Campus Cachoeiro de Itapemirim;Técnico em Informática para Internet;Integrado;Matemática computacional I;2025/1;Aprovado;42;100.000 %
Campus Cachoeiro de Itapemirim;Rochas Ornamentais;Pós-Graduação;Dinâmica terrestre e a formação das rochas ornamentais;2026/1;Aprovado;24;100.000 %
Campus Cachoeiro de Itapemirim;Rochas Ornamentais;Pós-Graduação;Dinâmica terrestre e a formação das rochas ornamentais;2026/1;Aprovado;24;100.000 %
Campus Cachoeiro de Itapemirim;Rochas Ornamentais;Pós-Graduação;Dinâmica terrestre e a formação das rochas ornamentais;2026/1;Aprovado;22;100.000 %
Campus Cachoeiro de Itapemirim;Rochas Ornamentais;Pós-Graduação;Formas de ocorrência dos depósitos e métodos de extração associados;2026/1;Aprovado;24;100.000 %
Campus Cachoeiro de Itapemirim;Rochas Ornamentais;Pós-Graduação;Formas de ocorrência dos depósitos e métodos de extração associados;2026/1;Aprovado;22;100.000 %
Campus Cachoeiro de Itapemirim;Rochas Ornamentais;Pós-Graduação;Formas de ocorrência dos depósitos e métodos de extração associados;2026/1;Aprovado;24;100.000 %
Campus Cachoeiro de Itapemirim;Rochas Ornamentais;Pós-Graduação;Processos de beneficiamento das rochas ornamentais;2026/1;Aprovado;24;100.000 %
Campus Cachoeiro de Itapemirim;Rochas Ornamentais;Pós-Graduação;Processos de beneficiamento das rochas ornamentais;2026/1;Aprovado;24;100.000 %
Campus Cachoeiro de Itapemirim;Rochas Ornamentais;Pós-Graduação;Processos de beneficiamento das rochas ornamentais;2026/1;Aprovado;22;100.000 %
Campus Cachoeiro de Itapemirim;Construção Rápida de Apps para Mídias Digitais;FIC;Fundamentos de lógica e design de aplicativos;2026/1;Aprovado;11;50.000 %
Campus Cachoeiro de Itapemirim;Construção Rápida de Apps para Mídias Digitais;FIC;Fundamentos de lógica e design de aplicativos;2026/1;Rep. Falta;10;45.450 %
Campus Cachoeiro de Itapemirim;Construção Rápida de Apps para Mídias Digitais;FIC;Desenvolvimento de apps com FlutterFlow;2026/1;Aprovado;11;50.000 %
Campus Cachoeiro de Itapemirim;Construção Rápida de Apps para Mídias Digitais;FIC;Desenvolvimento de apps com FlutterFlow;2026/1;Rep. Falta;10;45.450 %
Campus Cachoeiro de Itapemirim;Construção Rápida de Apps para Mídias Digitais;FIC;IA para criar apps;2026/1;Rep. Falta;4;18.180 %
Campus Cachoeiro de Itapemirim;Construção Rápida de Apps para Mídias Digitais;FIC;Projeto integrador AppClicks;2026/1;Aprovado;11;50.000 %
Campus Cachoeiro de Itapemirim;Construção Rápida de Apps para Mídias Digitais;FIC;Projeto integrador AppClicks;2026/1;Reprovado;1;4.550 %
Campus Cachoeiro de Itapemirim;Construção Rápida de Apps para Mídias Digitais;FIC;Projeto integrador AppClicks;2026/1;Rep. Falta;9;40.910 %
Campus Cachoeiro de Itapemirim;Drones e Impressoras 3D;FIC;Fundamentos, operação e mapeamento com drones;2026/1;Rep. Falta;2;9.090 %
Campus Cachoeiro de Itapemirim;Drones e Impressoras 3D;FIC;Fundamentos, operação e mapeamento com drones;2026/1;Reprovado;4;18.180 %
Campus Cachoeiro de Itapemirim;Drones e Impressoras 3D;FIC;Fundamentos, operação e mapeamento com drones;2026/1;Aprovado;16;72.730 %
Campus Cachoeiro de Itapemirim;Drones e Impressoras 3D;FIC;Projeto - mapeamento aéreo com drones;2026/1;Aprovado;19;86.360 %
Campus Cachoeiro de Itapemirim;Drones e Impressoras 3D;FIC;Projeto - mapeamento aéreo com drones;2026/1;Rep. Falta;3;13.640 %
Campus Cachoeiro de Itapemirim;Drones e Impressoras 3D;FIC;Fundamentos, modelagem e operação de impressora 3D;2026/1;Rep. Falta;4;18.180 %
Campus Cachoeiro de Itapemirim;Drones e Impressoras 3D;FIC;Fundamentos, modelagem e operação de impressora 3D;2026/1;Aprovado;17;77.270 %
Campus Cachoeiro de Itapemirim;Drones e Impressoras 3D;FIC;Projeto - impressão 3D;2026/1;Rep. Falta;3;13.640 %
Campus Cachoeiro de Itapemirim;Drones e Impressoras 3D;FIC;Projeto - impressão 3D;2026/1;Aprovado;19;86.360 %
