Cod_Matricula;Instituicao;Descricao_Curso;Modalidade;Forma_Ingresso;Semestre_Letivo_Inicial;Periodo_Min;Periodo_Max;Disc_Faltam;Periodo_Falta;Previsao_Formar;Previsao_Formar;OK_Tempo;Tempo_Curso
4357;Campus Cachoeiro de Itapemirim;Gênero e Diversidade na Escola;Superior;Ampla Concorrência;2014/1;1;1;1;0,5;2014,0;2026,5;12,5;0,5
4383;Campus Cachoeiro de Itapemirim;Gênero e Diversidade na Escola;Superior;Ampla Concorrência;2014/2;1;1;1;0,5;2014,5;2026,5;12;0,5
5778;Campus Cachoeiro de Itapemirim;Educação Especial;Extensão;Outros;2017/2;1;1;1;0,5;2017,5;2026,5;9;0,5
5779;Campus Cachoeiro de Itapemirim;Educação Especial;Extensão;Outros;2017/2;1;1;1;0,5;2017,5;2026,5;9;0,5
5780;Campus Cachoeiro de Itapemirim;Educação Especial;Extensão;Outros;2017/2;1;1;1;0,5;2017,5;2026,5;9;0,5
5781;Campus Cachoeiro de Itapemirim;Educação Especial;Extensão;Outros;2017/2;1;1;1;0,5;2017,5;2026,5;9;0,5
5788;Campus Cachoeiro de Itapemirim;Educação Especial;Extensão;Outros;2017/2;1;1;1;0,5;2017,5;2026,5;9;0,5
5791;Campus Cachoeiro de Itapemirim;Educação Especial;Extensão;Outros;2017/2;1;1;1;0,5;2017,5;2026,5;9;0,5
5793;Campus Cachoeiro de Itapemirim;Educação Especial;Extensão;Outros;2017/2;1;1;1;0,5;2017,5;2026,5;9;0,5
5794;Campus Cachoeiro de Itapemirim;Educação Especial;Extensão;Outros;2017/2;1;1;1;0,5;2017,5;2026,5;9;0,5
5796;Campus Cachoeiro de Itapemirim;Educação Especial;Extensão;Outros;2017/2;1;1;1;0,5;2017,5;2026,5;9;0,5
5798;Campus Cachoeiro de Itapemirim;Educação Especial;Extensão;Outros;2017/2;1;1;1;0,5;2017,5;2026,5;9;0,5
5799;Campus Cachoeiro de Itapemirim;Educação Especial;Extensão;Outros;2017/2;1;1;1;0,5;2017,5;2026,5;9;0,5
5800;Campus Cachoeiro de Itapemirim;Educação Especial;Extensão;Outros;2017/2;1;1;1;0,5;2017,5;2026,5;9;0,5
5805;Campus Cachoeiro de Itapemirim;Educação Especial;Extensão;Outros;2017/2;1;1;1;0,5;2017,5;2026,5;9;0,5
5806;Campus Cachoeiro de Itapemirim;Educação Especial;Extensão;Outros;2017/2;1;1;1;0,5;2017,5;2026,5;9;0,5
5811;Campus Cachoeiro de Itapemirim;Educação Especial;Extensão;Outros;2017/2;1;1;1;0,5;2017,5;2026,5;9;0,5
5812;Campus Cachoeiro de Itapemirim;Educação Especial;Extensão;Outros;2017/2;1;1;1;0,5;2017,5;2026,5;9;0,5
5813;Campus Cachoeiro de Itapemirim;Educação Especial;Extensão;Outros;2017/2;1;1;1;0,5;2017,5;2026,5;9;0,5
5814;Campus Cachoeiro de Itapemirim;Educação Especial;Extensão;Outros;2017/2;1;1;1;0,5;2017,5;2026,5;9;0,5
5815;Campus Cachoeiro de Itapemirim;Educação Especial;Extensão;Outros;2017/2;1;1;1;0,5;2017,5;2026,5;9;0,5
5816;Campus Cachoeiro de Itapemirim;Educação Especial;Extensão;Outros;2017/2;1;1;1;0,5;2017,5;2026,5;9;0,5
5817;Campus Cachoeiro de Itapemirim;Educação Especial;Extensão;Outros;2017/2;1;1;1;0,5;2017,5;2026,5;9;0,5
5820;Campus Cachoeiro de Itapemirim;Educação Especial;Extensão;Outros;2017/2;1;1;1;0,5;2017,5;2026,5;9;0,5
5821;Campus Cachoeiro de Itapemirim;Educação Especial;Extensão;Outros;2017/2;1;1;1;0,5;2017,5;2026,5;9;0,5
5823;Campus Cachoeiro de Itapemirim;Educação Especial;Extensão;Outros;2017/2;1;1;1;0,5;2017,5;2026,5;9;0,5
5824;Campus Cachoeiro de Itapemirim;Educação Especial;Extensão;Outros;2017/2;1;1;1;0,5;2017,5;2026,5;9;0,5
5825;Campus Cachoeiro de Itapemirim;Educação Especial;Extensão;Outros;2017/2;1;1;1;0,5;2017,5;2026,5;9;0,5
5826;Campus Cachoeiro de Itapemirim;Educação Especial;Extensão;Outros;2017/2;1;1;1;0,5;2017,5;2026,5;9;0,5
5827;Campus Cachoeiro de Itapemirim;Educação Especial;Extensão;Outros;2017/2;1;1;1;0,5;2017,5;2026,5;9;0,5
5828;Campus Cachoeiro de Itapemirim;Educação Especial;Extensão;Outros;2017/2;1;1;1;0,5;2017,5;2026,5;9;0,5
5829;Campus Cachoeiro de Itapemirim;Educação Especial;Extensão;Outros;2017/2;1;1;1;0,5;2017,5;2026,5;9;0,5
5830;Campus Cachoeiro de Itapemirim;Educação Especial;Extensão;Outros;2017/2;1;1;1;0,5;2017,5;2026,5;9;0,5
5831;Campus Cachoeiro de Itapemirim;Educação Especial;Extensão;Outros;2017/2;1;1;1;0,5;2017,5;2026,5;9;0,5
5832;Campus Cachoeiro de Itapemirim;Educação Especial;Extensão;Outros;2017/2;1;1;1;0,5;2017,5;2026,5;9;0,5
5834;Campus Cachoeiro de Itapemirim;Educação Especial;Extensão;Outros;2017/2;1;1;1;0,5;2017,5;2026,5;9;0,5
5836;Campus Cachoeiro de Itapemirim;Educação Especial;Extensão;Outros;2017/2;1;1;1;0,5;2017,5;2026,5;9;0,5
5839;Campus Cachoeiro de Itapemirim;Educação Especial;Extensão;Outros;2017/2;1;1;1;0,5;2017,5;2026,5;9;0,5
5840;Campus Cachoeiro de Itapemirim;Educação Especial;Extensão;Outros;2017/2;1;1;1;0,5;2017,5;2026,5;9;0,5
5842;Campus Cachoeiro de Itapemirim;Educação Especial;Extensão;Outros;2017/2;1;1;1;0,5;2017,5;2026,5;9;0,5
5844;Campus Cachoeiro de Itapemirim;Educação Especial;Extensão;Outros;2017/2;1;1;1;0,5;2017,5;2026,5;9;0,5
5845;Campus Cachoeiro de Itapemirim;Educação Especial;Extensão;Outros;2017/2;1;1;1;0,5;2017,5;2026,5;9;0,5
5847;Campus Cachoeiro de Itapemirim;Educação Especial;Extensão;Outros;2017/2;1;1;1;0,5;2017,5;2026,5;9;0,5
5849;Campus Cachoeiro de Itapemirim;Educação Especial;Extensão;Outros;2017/2;1;1;1;0,5;2017,5;2026,5;9;0,5
5850;Campus Cachoeiro de Itapemirim;Educação Especial;Extensão;Outros;2017/2;1;1;1;0,5;2017,5;2026,5;9;0,5
5854;Campus Cachoeiro de Itapemirim;Educação Especial;Extensão;Outros;2017/2;1;1;1;0,5;2017,5;2026,5;9;0,5
5855;Campus Cachoeiro de Itapemirim;Educação Especial;Extensão;Outros;2017/2;1;1;1;0,5;2017,5;2026,5;9;0,5
5857;Campus Cachoeiro de Itapemirim;Educação Especial;Extensão;Outros;2017/2;1;1;1;0,5;2017,5;2026,5;9;0,5
5858;Campus Cachoeiro de Itapemirim;Educação Especial;Extensão;Outros;2017/2;1;1;1;0,5;2017,5;2026,5;9;0,5
5859;Campus Cachoeiro de Itapemirim;Educação Especial;Extensão;Outros;2017/2;1;1;1;0,5;2017,5;2026,5;9;0,5
5860;Campus Cachoeiro de Itapemirim;Educação Especial;Extensão;Outros;2017/2;1;1;1;0,5;2017,5;2026,5;9;0,5
5861;Campus Cachoeiro de Itapemirim;Educação Especial;Extensão;Outros;2017/2;1;1;1;0,5;2017,5;2026,5;9;0,5
5862;Campus Cachoeiro de Itapemirim;Educação Especial;Extensão;Outros;2017/2;1;1;1;0,5;2017,5;2026,5;9;0,5
5863;Campus Cachoeiro de Itapemirim;Educação Especial;Extensão;Outros;2017/2;1;1;1;0,5;2017,5;2026,5;9;0,5
5864;Campus Cachoeiro de Itapemirim;Educação Especial;Extensão;Outros;2017/2;1;1;1;0,5;2017,5;2026,5;9;0,5
5865;Campus Cachoeiro de Itapemirim;Educação Especial;Extensão;Outros;2017/2;1;1;1;0,5;2017,5;2026,5;9;0,5
5866;Campus Cachoeiro de Itapemirim;Educação Especial;Extensão;Outros;2017/2;1;1;1;0,5;2017,5;2026,5;9;0,5
5867;Campus Cachoeiro de Itapemirim;Educação Especial;Extensão;Outros;2017/2;1;1;1;0,5;2017,5;2026,5;9;0,5
5868;Campus Cachoeiro de Itapemirim;Educação Especial;Extensão;Outros;2017/2;1;1;1;0,5;2017,5;2026,5;9;0,5
5869;Campus Cachoeiro de Itapemirim;Educação Especial;Extensão;Outros;2017/2;1;1;1;0,5;2017,5;2026,5;9;0,5
5870;Campus Cachoeiro de Itapemirim;Educação Especial;Extensão;Outros;2017/2;1;1;1;0,5;2017,5;2026,5;9;0,5
5871;Campus Cachoeiro de Itapemirim;Educação Especial;Extensão;Outros;2017/2;1;1;1;0,5;2017,5;2026,5;9;0,5
5873;Campus Cachoeiro de Itapemirim;Educação Especial;Extensão;Outros;2017/2;1;1;1;0,5;2017,5;2026,5;9;0,5
5874;Campus Cachoeiro de Itapemirim;Educação Especial;Extensão;Outros;2017/2;1;1;1;0,5;2017,5;2026,5;9;0,5
5875;Campus Cachoeiro de Itapemirim;Educação Especial;Extensão;Outros;2017/2;1;1;1;0,5;2017,5;2026,5;9;0,5
5876;Campus Cachoeiro de Itapemirim;Educação Especial;Extensão;Outros;2017/2;1;1;1;0,5;2017,5;2026,5;9;0,5
5877;Campus Cachoeiro de Itapemirim;Educação Especial;Extensão;Outros;2017/2;1;1;1;0,5;2017,5;2026,5;9;0,5
5878;Campus Cachoeiro de Itapemirim;Educação Especial;Extensão;Outros;2017/2;1;1;1;0,5;2017,5;2026,5;9;0,5
5879;Campus Cachoeiro de Itapemirim;Educação Especial;Extensão;Outros;2017/2;1;1;1;0,5;2017,5;2026,5;9;0,5
5880;Campus Cachoeiro de Itapemirim;Educação Especial;Extensão;Outros;2017/2;1;1;1;0,5;2017,5;2026,5;9;0,5
5881;Campus Cachoeiro de Itapemirim;Educação Especial;Extensão;Outros;2017/2;1;1;1;0,5;2017,5;2026,5;9;0,5
5882;Campus Cachoeiro de Itapemirim;Educação Especial;Extensão;Outros;2017/2;1;1;1;0,5;2017,5;2026,5;9;0,5
5883;Campus Cachoeiro de Itapemirim;Educação Especial;Extensão;Outros;2017/2;1;1;1;0,5;2017,5;2026,5;9;0,5
5884;Campus Cachoeiro de Itapemirim;Educação Especial;Extensão;Outros;2017/2;1;1;1;0,5;2017,5;2026,5;9;0,5
5885;Campus Cachoeiro de Itapemirim;Educação Especial;Extensão;Outros;2017/2;1;1;1;0,5;2017,5;2026,5;9;0,5
5886;Campus Cachoeiro de Itapemirim;Educação Especial;Extensão;Outros;2017/2;1;1;1;0,5;2017,5;2026,5;9;0,5
5887;Campus Cachoeiro de Itapemirim;Educação Especial;Extensão;Outros;2017/2;1;1;1;0,5;2017,5;2026,5;9;0,5
5891;Campus Cachoeiro de Itapemirim;Educação Especial;Extensão;Outros;2017/2;1;1;1;0,5;2017,5;2026,5;9;0,5
5892;Campus Cachoeiro de Itapemirim;Educação Especial;Extensão;Outros;2017/2;1;1;1;0,5;2017,5;2026,5;9;0,5
5893;Campus Cachoeiro de Itapemirim;Educação Especial;Extensão;Outros;2017/2;1;1;1;0,5;2017,5;2026,5;9;0,5
5895;Campus Cachoeiro de Itapemirim;Educação Especial;Extensão;Outros;2017/2;1;1;1;0,5;2017,5;2026,5;9;0,5
5896;Campus Cachoeiro de Itapemirim;Educação Especial;Extensão;Outros;2017/2;1;1;1;0,5;2017,5;2026,5;9;0,5
5899;Campus Cachoeiro de Itapemirim;Educação Especial;Extensão;Outros;2017/2;1;1;1;0,5;2017,5;2026,5;9;0,5
5900;Campus Cachoeiro de Itapemirim;Educação Especial;Extensão;Outros;2017/2;1;1;1;0,5;2017,5;2026,5;9;0,5
5901;Campus Cachoeiro de Itapemirim;Educação Especial;Extensão;Outros;2017/2;1;1;1;0,5;2017,5;2026,5;9;0,5
5902;Campus Cachoeiro de Itapemirim;Educação Especial;Extensão;Outros;2017/2;1;1;1;0,5;2017,5;2026,5;9;0,5
5905;Campus Cachoeiro de Itapemirim;Educação Especial;Extensão;Outros;2017/2;1;1;1;0,5;2017,5;2026,5;9;0,5
5906;Campus Cachoeiro de Itapemirim;Educação Especial;Extensão;Outros;2017/2;1;1;1;0,5;2017,5;2026,5;9;0,5
5907;Campus Cachoeiro de Itapemirim;Educação Especial;Extensão;Outros;2017/2;1;1;1;0,5;2017,5;2026,5;9;0,5
5908;Campus Cachoeiro de Itapemirim;Educação Especial;Extensão;Outros;2017/2;1;1;1;0,5;2017,5;2026,5;9;0,5
5909;Campus Cachoeiro de Itapemirim;Educação Especial;Extensão;Outros;2017/2;1;1;1;0,5;2017,5;2026,5;9;0,5
5912;Campus Cachoeiro de Itapemirim;Educação Especial;Extensão;Outros;2017/2;1;1;1;0,5;2017,5;2026,5;9;0,5
5917;Campus Cachoeiro de Itapemirim;Educação Especial;Extensão;Outros;2017/2;1;1;1;0,5;2017,5;2026,5;9;0,5
5919;Campus Cachoeiro de Itapemirim;Educação Especial;Extensão;Outros;2017/2;1;1;1;0,5;2017,5;2026,5;9;0,5
5923;Campus Cachoeiro de Itapemirim;Educação Especial;Extensão;Outros;2017/2;1;1;1;0,5;2017,5;2026,5;9;0,5
5925;Campus Cachoeiro de Itapemirim;Educação Especial;Extensão;Outros;2017/2;1;1;1;0,5;2017,5;2026,5;9;0,5
5926;Campus Cachoeiro de Itapemirim;Educação Especial;Extensão;Outros;2017/2;1;1;1;0,5;2017,5;2026,5;9;0,5
5931;Campus Cachoeiro de Itapemirim;Educação Especial;Extensão;Outros;2017/2;1;1;1;0,5;2017,5;2026,5;9;0,5
5932;Campus Cachoeiro de Itapemirim;Educação Especial;Extensão;Outros;2017/2;1;1;1;0,5;2017,5;2026,5;9;0,5
5933;Campus Cachoeiro de Itapemirim;Educação Especial;Extensão;Outros;2017/2;1;1;1;0,5;2017,5;2026,5;9;0,5
5934;Campus Cachoeiro de Itapemirim;Educação Especial;Extensão;Outros;2017/2;1;1;1;0,5;2017,5;2026,5;9;0,5
5935;Campus Cachoeiro de Itapemirim;Educação Especial;Extensão;Outros;2017/2;1;1;1;0,5;2017,5;2026,5;9;0,5
5936;Campus Cachoeiro de Itapemirim;Educação Especial;Extensão;Outros;2017/2;1;1;1;0,5;2017,5;2026,5;9;0,5
5937;Campus Cachoeiro de Itapemirim;Educação Especial;Extensão;Outros;2017/2;1;1;1;0,5;2017,5;2026,5;9;0,5
5938;Campus Cachoeiro de Itapemirim;Educação Especial;Extensão;Outros;2017/2;1;1;1;0,5;2017,5;2026,5;9;0,5
5939;Campus Cachoeiro de Itapemirim;Educação Especial;Extensão;Outros;2017/2;1;1;1;0,5;2017,5;2026,5;9;0,5
5941;Campus Cachoeiro de Itapemirim;Educação Especial;Extensão;Outros;2017/2;1;1;1;0,5;2017,5;2026,5;9;0,5
5942;Campus Cachoeiro de Itapemirim;Educação Especial;Extensão;Outros;2017/2;1;1;1;0,5;2017,5;2026,5;9;0,5
5943;Campus Cachoeiro de Itapemirim;Educação Especial;Extensão;Outros;2017/2;1;1;1;0,5;2017,5;2026,5;9;0,5
5944;Campus Cachoeiro de Itapemirim;Educação Especial;Extensão;Outros;2017/2;1;1;1;0,5;2017,5;2026,5;9;0,5
5945;Campus Cachoeiro de Itapemirim;Educação Especial;Extensão;Outros;2017/2;1;1;1;0,5;2017,5;2026,5;9;0,5
5946;Campus Cachoeiro de Itapemirim;Educação Especial;Extensão;Outros;2017/2;1;1;1;0,5;2017,5;2026,5;9;0,5
5947;Campus Cachoeiro de Itapemirim;Educação Especial;Extensão;Outros;2017/2;1;1;1;0,5;2017,5;2026,5;9;0,5
5950;Campus Cachoeiro de Itapemirim;Educação Especial;Extensão;Outros;2017/2;1;1;1;0,5;2017,5;2026,5;9;0,5
5952;Campus Cachoeiro de Itapemirim;Educação Especial;Extensão;Outros;2017/2;1;1;1;0,5;2017,5;2026,5;9;0,5
5953;Campus Cachoeiro de Itapemirim;Educação Especial;Extensão;Outros;2017/2;1;1;1;0,5;2017,5;2026,5;9;0,5
5956;Campus Cachoeiro de Itapemirim;Educação Especial;Extensão;Outros;2017/2;1;1;1;0,5;2017,5;2026,5;9;0,5
5957;Campus Cachoeiro de Itapemirim;Educação Especial;Extensão;Outros;2017/2;1;1;1;0,5;2017,5;2026,5;9;0,5
5958;Campus Cachoeiro de Itapemirim;Educação Especial;Extensão;Outros;2017/2;1;1;1;0,5;2017,5;2026,5;9;0,5
5963;Campus Cachoeiro de Itapemirim;Educação Especial;Extensão;Outros;2017/2;1;1;1;0,5;2017,5;2026,5;9;0,5
5964;Campus Cachoeiro de Itapemirim;Educação Especial;Extensão;Outros;2017/2;1;1;1;0,5;2017,5;2026,5;9;0,5
5965;Campus Cachoeiro de Itapemirim;Educação Especial;Extensão;Outros;2017/2;1;1;1;0,5;2017,5;2026,5;9;0,5
5966;Campus Cachoeiro de Itapemirim;Educação Especial;Extensão;Outros;2017/2;1;1;1;0,5;2017,5;2026,5;9;0,5
5967;Campus Cachoeiro de Itapemirim;Educação Especial;Extensão;Outros;2017/2;1;1;1;0,5;2017,5;2026,5;9;0,5
5968;Campus Cachoeiro de Itapemirim;Educação Especial;Extensão;Outros;2017/2;1;1;1;0,5;2017,5;2026,5;9;0,5
5970;Campus Cachoeiro de Itapemirim;Educação Especial;Extensão;Outros;2017/2;1;1;1;0,5;2017,5;2026,5;9;0,5
5975;Campus Cachoeiro de Itapemirim;Educação Especial;Extensão;Outros;2017/2;1;1;1;0,5;2017,5;2026,5;9;0,5
5977;Campus Cachoeiro de Itapemirim;Educação Especial;Extensão;Outros;2017/2;1;1;1;0,5;2017,5;2026,5;9;0,5
5978;Campus Cachoeiro de Itapemirim;Educação Especial;Extensão;Outros;2017/2;1;1;1;0,5;2017,5;2026,5;9;0,5
5979;Campus Cachoeiro de Itapemirim;Educação Especial;Extensão;Outros;2017/2;1;1;1;0,5;2017,5;2026,5;9;0,5
5984;Campus Cachoeiro de Itapemirim;Educação Especial;Extensão;Outros;2017/2;1;1;1;0,5;2017,5;2026,5;9;0,5
5987;Campus Cachoeiro de Itapemirim;Educação Especial;Extensão;Outros;2017/2;1;1;1;0,5;2017,5;2026,5;9;0,5
5989;Campus Cachoeiro de Itapemirim;Educação Especial;Extensão;Outros;2017/2;1;1;1;0,5;2017,5;2026,5;9;0,5
5990;Campus Cachoeiro de Itapemirim;Educação Especial;Extensão;Outros;2017/2;1;1;1;0,5;2017,5;2026,5;9;0,5
5991;Campus Cachoeiro de Itapemirim;Educação Especial;Extensão;Outros;2017/2;1;1;1;0,5;2017,5;2026,5;9;0,5
5992;Campus Cachoeiro de Itapemirim;Educação Especial;Extensão;Outros;2017/2;1;1;1;0,5;2017,5;2026,5;9;0,5
5994;Campus Cachoeiro de Itapemirim;Educação Especial;Extensão;Outros;2017/2;1;1;1;0,5;2017,5;2026,5;9;0,5
5995;Campus Cachoeiro de Itapemirim;Educação Especial;Extensão;Outros;2017/2;1;1;1;0,5;2017,5;2026,5;9;0,5
5999;Campus Cachoeiro de Itapemirim;Educação Especial;Extensão;Outros;2017/2;1;1;1;0,5;2017,5;2026,5;9;0,5
6000;Campus Cachoeiro de Itapemirim;Educação Especial;Extensão;Outros;2017/2;1;1;1;0,5;2017,5;2026,5;9;0,5
6060;Campus Cachoeiro de Itapemirim;Engenharia de Minas;Superior;Ação Afirmativa;2017/2;2;10;22;4,5;2022,0;2030,5;8,5;5
6963;Campus Cachoeiro de Itapemirim;Licenciatura em Matemática;Superior;Ação Afirmativa;2018/1;2;8;7;3,5;2021,5;2029,5;8;4
6976;Campus Cachoeiro de Itapemirim;Licenciatura em Matemática;Superior;Ampla Concorrência;2018/1;8;8;4;0,5;2021,5;2026,5;5;4
7025;Campus Cachoeiro de Itapemirim;Sistemas de Informação;Superior;Ampla Concorrência;2018/1;8;8;16;0,5;2021,5;2026,5;5;4
7034;Campus Cachoeiro de Itapemirim;Sistemas de Informação;Superior;Ação Afirmativa;2018/1;8;8;16;0,5;2021,5;2026,5;5;4
7097;Campus Cachoeiro de Itapemirim;Engenharia de Minas;Superior;Ampla Concorrência;2018/2;2;10;27;4,5;2023,0;2030,5;7,5;5
7116;Campus Cachoeiro de Itapemirim;Engenharia de Minas;Superior;Ampla Concorrência;2018/2;1;10;71;5;2023,0;2031;8;5
7120;Campus Cachoeiro de Itapemirim;Engenharia de Minas;Superior;Ação Afirmativa;2018/2;2;10;23;4,5;2023,0;2030,5;7,5;5
7238;Campus Cachoeiro de Itapemirim;Sistemas de Informação;Superior;Outros;2018/2;8;8;17;0,5;2022,0;2026,5;4,5;4
7322;Campus Cachoeiro de Itapemirim;Engenharia Mecânica;Superior;Ampla Concorrência;2019/1;8;10;14;1,5;2023,5;2027,5;4;5
7344;Campus Cachoeiro de Itapemirim;Engenharia Mecânica;Superior;Ampla Concorrência;2019/1;1;10;67;5;2023,5;2031;7,5;5
7350;Campus Cachoeiro de Itapemirim;Engenharia Mecânica;Superior;Ação Afirmativa;2019/1;1;10;37;5;2023,5;2031;7,5;5
7441;Campus Cachoeiro de Itapemirim;Licenciatura em Matemática;Superior;Ampla Concorrência;2019/1;2;8;32;3,5;2022,5;2029,5;7;4
7551;Campus Cachoeiro de Itapemirim;Sistemas de Informação;Superior;Ampla Concorrência;2019/1;6;8;21;1,5;2022,5;2027,5;5;4
7631;Campus Cachoeiro de Itapemirim;Engenharia de Minas;Superior;Ampla Concorrência;2019/2;8;10;23;1,5;2024,0;2027,5;3,5;5
7770;Campus Cachoeiro de Itapemirim;Sistemas de Informação;Superior;Outros;2019/2;8;8;15;0,5;2023,0;2026,5;3,5;4
7853;Campus Cachoeiro de Itapemirim;Engenharia Mecânica;Superior;Ampla Concorrência;2020/1;4;10;33;3,5;2024,5;2029,5;5;5
7858;Campus Cachoeiro de Itapemirim;Engenharia Mecânica;Superior;Ampla Concorrência;2020/1;1;10;24;5;2024,5;2031;6,5;5
7862;Campus Cachoeiro de Itapemirim;Engenharia Mecânica;Superior;Ação Afirmativa;2020/1;4;10;14;3,5;2024,5;2029,5;5;5
7873;Campus Cachoeiro de Itapemirim;Engenharia Mecânica;Superior;Ação Afirmativa;2020/1;8;10;14;1,5;2024,5;2027,5;3;5
7875;Campus Cachoeiro de Itapemirim;Engenharia Mecânica;Superior;Ação Afirmativa;2020/1;1;10;31;5;2024,5;2031;6,5;5
7962;Campus Cachoeiro de Itapemirim;Licenciatura em Matemática;Superior;Ampla Concorrência;2020/1;2;8;35;3,5;2023,5;2029,5;6;4
7967;Campus Cachoeiro de Itapemirim;Licenciatura em Matemática;Superior;Ação Afirmativa;2020/1;2;8;28;3,5;2023,5;2029,5;6;4
7974;Campus Cachoeiro de Itapemirim;Licenciatura em Matemática;Superior;Ampla Concorrência;2020/1;4;8;14;2,5;2023,5;2028,5;5;4
8047;Campus Cachoeiro de Itapemirim;Sistemas de Informação;Superior;Ação Afirmativa;2020/1;1;8;41;4;2023,5;2030;6,5;4
8052;Campus Cachoeiro de Itapemirim;Sistemas de Informação;Superior;Ampla Concorrência;2020/1;3;8;27;3;2023,5;2029;5,5;4
8076;Campus Cachoeiro de Itapemirim;Engenharia de Minas;Superior;Ampla Concorrência;2020/2;8;10;21;1,5;2025,0;2027,5;2,5;5
8082;Campus Cachoeiro de Itapemirim;Engenharia de Minas;Superior;Ampla Concorrência;2020/2;1;10;36;5;2025,0;2031;6;5
8084;Campus Cachoeiro de Itapemirim;Engenharia de Minas;Superior;Ampla Concorrência;2020/2;1;10;71;5;2025,0;2031;6;5
8100;Campus Cachoeiro de Itapemirim;Engenharia de Minas;Superior;Ampla Concorrência;2020/2;1;10;71;5;2025,0;2031;6;5
8170;Campus Cachoeiro de Itapemirim;Engenharia Mecânica;Superior;Ampla Concorrência;2021/1;4;10;18;3,5;2025,5;2029,5;4;5
8172;Campus Cachoeiro de Itapemirim;Engenharia Mecânica;Superior;Ampla Concorrência;2021/1;6;10;14;2,5;2025,5;2028,5;3;5
8182;Campus Cachoeiro de Itapemirim;Engenharia Mecânica;Superior;Ação Afirmativa;2021/1;2;10;21;4,5;2025,5;2030,5;5;5
8186;Campus Cachoeiro de Itapemirim;Engenharia Mecânica;Superior;Ação Afirmativa;2021/1;4;10;29;3,5;2025,5;2029,5;4;5
8199;Campus Cachoeiro de Itapemirim;Engenharia Mecânica;Superior;Outros;2021/1;1;10;39;5;2025,5;2031;5,5;5
8382;Campus Cachoeiro de Itapemirim;Sistemas de Informação;Superior;Ampla Concorrência;2021/1;8;8;17;0,5;2024,5;2026,5;2;4
8419;Campus Cachoeiro de Itapemirim;Sistemas de Informação;Superior;Ação Afirmativa;2021/1;8;8;17;0,5;2024,5;2026,5;2;4
8452;Campus Cachoeiro de Itapemirim;Engenharia de Minas;Superior;Ampla Concorrência;2021/2;1;10;71;5;2026,0;2031;5;5
8454;Campus Cachoeiro de Itapemirim;Engenharia de Minas;Superior;Ampla Concorrência;2021/2;2;10;31;4,5;2026,0;2030,5;4,5;5
8456;Campus Cachoeiro de Itapemirim;Engenharia de Minas;Superior;Ampla Concorrência;2021/2;2;10;22;4,5;2026,0;2030,5;4,5;5
8459;Campus Cachoeiro de Itapemirim;Engenharia de Minas;Superior;Ação Afirmativa;2021/2;2;10;64;4,5;2026,0;2030,5;4,5;5
8461;Campus Cachoeiro de Itapemirim;Engenharia de Minas;Superior;Ação Afirmativa;2021/2;2;10;36;4,5;2026,0;2030,5;4,5;5
8465;Campus Cachoeiro de Itapemirim;Engenharia de Minas;Superior;Ampla Concorrência;2021/2;2;10;32;4,5;2026,0;2030,5;4,5;5
8470;Campus Cachoeiro de Itapemirim;Engenharia de Minas;Superior;Ampla Concorrência;2021/2;2;10;28;4,5;2026,0;2030,5;4,5;5
8471;Campus Cachoeiro de Itapemirim;Engenharia de Minas;Superior;Ampla Concorrência;2021/2;2;10;32;4,5;2026,0;2030,5;4,5;5
8472;Campus Cachoeiro de Itapemirim;Engenharia de Minas;Superior;Ampla Concorrência;2021/2;2;10;22;4,5;2026,0;2030,5;4,5;5
8517;Campus Cachoeiro de Itapemirim;Sistemas de Informação;Superior;Outros;2021/2;8;8;16;0,5;2025,0;2026,5;1,5;4
9997;Campus Cachoeiro de Itapemirim;Técnico em Eletromecânica;Integrado;Ação Afirmativa;2022/1;2;4;27;3;2025,5;2028,5;3;4
10005;Campus Cachoeiro de Itapemirim;Técnico em Eletromecânica;Integrado;Ampla Concorrência;2022/1;3;3;1;1;2024,5;2026,5;2;4
10013;Campus Cachoeiro de Itapemirim;Técnico em Eletromecânica;Integrado;Ação Afirmativa;2022/1;4;4;13;1;2025,5;2026,5;1;4
10017;Campus Cachoeiro de Itapemirim;Técnico em Eletromecânica;Integrado;Ação Afirmativa;2022/1;4;4;13;1;2025,5;2026,5;1;4
10023;Campus Cachoeiro de Itapemirim;Engenharia Mecânica;Superior;Ampla Concorrência;2022/1;8;10;21;1,5;2026,5;2027,5;1;5
10024;Campus Cachoeiro de Itapemirim;Engenharia Mecânica;Superior;Ampla Concorrência;2022/1;8;10;17;1,5;2026,5;2027,5;1;5
10031;Campus Cachoeiro de Itapemirim;Engenharia Mecânica;Superior;Ampla Concorrência;2022/1;4;10;32;3,5;2026,5;2029,5;3;5
10032;Campus Cachoeiro de Itapemirim;Engenharia Mecânica;Superior;Ampla Concorrência;2022/1;4;10;35;3,5;2026,5;2029,5;3;5
10033;Campus Cachoeiro de Itapemirim;Engenharia Mecânica;Superior;Ampla Concorrência;2022/1;1;10;37;5;2026,5;2031;4,5;5
10035;Campus Cachoeiro de Itapemirim;Engenharia Mecânica;Superior;Ação Afirmativa;2022/1;2;10;21;4,5;2026,5;2030,5;4;5
10036;Campus Cachoeiro de Itapemirim;Engenharia Mecânica;Superior;Ampla Concorrência;2022/1;4;10;26;3,5;2026,5;2029,5;3;5
10037;Campus Cachoeiro de Itapemirim;Engenharia Mecânica;Superior;Ação Afirmativa;2022/1;1;10;25;5;2026,5;2031;4,5;5
10038;Campus Cachoeiro de Itapemirim;Engenharia Mecânica;Superior;Ação Afirmativa;2022/1;1;10;52;5;2026,5;2031;4,5;5
10045;Campus Cachoeiro de Itapemirim;Engenharia Mecânica;Superior;Ampla Concorrência;2022/1;1;10;62;5;2026,5;2031;4,5;5
10048;Campus Cachoeiro de Itapemirim;Engenharia Mecânica;Superior;Ampla Concorrência;2022/1;4;10;31;3,5;2026,5;2029,5;3;5
10052;Campus Cachoeiro de Itapemirim;Engenharia Mecânica;Superior;Ampla Concorrência;2022/1;1;10;53;5;2026,5;2031;4,5;5
10081;Campus Cachoeiro de Itapemirim;Técnico em Informática;Integrado;Ação Afirmativa;2022/1;1;4;41;4;2025,5;2029,5;4;4
10095;Campus Cachoeiro de Itapemirim;Técnico em Informática;Integrado;Outros;2022/1;1;4;51;4;2025,5;2029,5;4;4
10133;Campus Cachoeiro de Itapemirim;Licenciatura em Matemática;Superior;Ação Afirmativa;2022/1;6;8;11;1,5;2025,5;2027,5;2;4
10140;Campus Cachoeiro de Itapemirim;Licenciatura em Matemática;Superior;Ampla Concorrência;2022/1;8;8;2;0,5;2025,5;2026,5;1;4
10141;Campus Cachoeiro de Itapemirim;Licenciatura em Matemática;Superior;Ampla Concorrência;2022/1;3;8;34;3;2025,5;2029;3,5;4
10145;Campus Cachoeiro de Itapemirim;Licenciatura em Matemática;Superior;Ação Afirmativa;2022/1;4;8;30;2,5;2025,5;2028,5;3;4
10148;Campus Cachoeiro de Itapemirim;Licenciatura em Matemática;Superior;Ação Afirmativa;2022/1;4;8;31;2,5;2025,5;2028,5;3;4
10149;Campus Cachoeiro de Itapemirim;Licenciatura em Matemática;Superior;Ampla Concorrência;2022/1;6;8;6;1,5;2025,5;2027,5;2;4
10155;Campus Cachoeiro de Itapemirim;Licenciatura em Matemática;Superior;Ação Afirmativa;2022/1;1;8;6;4;2025,5;2030;4,5;4
10157;Campus Cachoeiro de Itapemirim;Licenciatura em Matemática;Superior;Ampla Concorrência;2022/1;5;8;7;2;2025,5;2028;2,5;4
10161;Campus Cachoeiro de Itapemirim;Licenciatura em Matemática;Superior;Ampla Concorrência;2022/1;2;8;28;3,5;2025,5;2029,5;4;4
10265;Campus Cachoeiro de Itapemirim;Sistemas de Informação;Superior;Ampla Concorrência;2022/1;6;8;21;1,5;2025,5;2027,5;2;4
10266;Campus Cachoeiro de Itapemirim;Sistemas de Informação;Superior;Ampla Concorrência;2022/1;4;8;26;2,5;2025,5;2028,5;3;4
10282;Campus Cachoeiro de Itapemirim;Sistemas de Informação;Superior;Ação Afirmativa;2022/1;8;8;16;0,5;2025,5;2026,5;1;4
10287;Campus Cachoeiro de Itapemirim;Sistemas de Informação;Superior;Ação Afirmativa;2022/1;2;8;31;3,5;2025,5;2029,5;4;4
10290;Campus Cachoeiro de Itapemirim;Sistemas de Informação;Superior;Ampla Concorrência;2022/1;8;8;16;0,5;2025,5;2026,5;1;4
10291;Campus Cachoeiro de Itapemirim;Sistemas de Informação;Superior;Ação Afirmativa;2022/1;8;8;16;0,5;2025,5;2026,5;1;4
10294;Campus Cachoeiro de Itapemirim;Sistemas de Informação;Superior;Ampla Concorrência;2022/1;7;8;19;1;2025,5;2027;1,5;4
10297;Campus Cachoeiro de Itapemirim;Sistemas de Informação;Superior;Ampla Concorrência;2022/1;5;8;21;2;2025,5;2028;2,5;4
10298;Campus Cachoeiro de Itapemirim;Sistemas de Informação;Superior;Ampla Concorrência;2022/1;6;8;20;1,5;2025,5;2027,5;2;4
10302;Campus Cachoeiro de Itapemirim;Sistemas de Informação;Superior;Ampla Concorrência;2022/1;8;8;16;0,5;2025,5;2026,5;1;4
10345;Campus Cachoeiro de Itapemirim;Engenharia de Minas;Superior;Ação Afirmativa;2022/2;2;10;49;4,5;2027,0;2030,5;3,5;5
10346;Campus Cachoeiro de Itapemirim;Engenharia de Minas;Superior;Ampla Concorrência;2022/2;2;10;46;4,5;2027,0;2030,5;3,5;5
10351;Campus Cachoeiro de Itapemirim;Engenharia de Minas;Superior;Ampla Concorrência;2022/2;2;10;46;4,5;2027,0;2030,5;3,5;5
10356;Campus Cachoeiro de Itapemirim;Engenharia de Minas;Superior;Ampla Concorrência;2022/2;2;10;38;4,5;2027,0;2030,5;3,5;5
10359;Campus Cachoeiro de Itapemirim;Engenharia de Minas;Superior;Ampla Concorrência;2022/2;1;10;74;5;2027,0;2031;4;5
10361;Campus Cachoeiro de Itapemirim;Engenharia de Minas;Superior;Ampla Concorrência;2022/2;2;10;49;4,5;2027,0;2030,5;3,5;5
10364;Campus Cachoeiro de Itapemirim;Engenharia de Minas;Superior;Ampla Concorrência;2022/2;1;10;50;5;2027,0;2031;4;5
10426;Campus Cachoeiro de Itapemirim;Licenciatura em Matemática;Superior;Ampla Concorrência;2022/2;1;8;11;4;2026,0;2030;4;4
11661;Campus Cachoeiro de Itapemirim;Sistemas de Informação;Superior;Outros;2022/2;1;8;45;4;2026,0;2030;4;4
11738;Campus Cachoeiro de Itapemirim;Técnico em Eletromecânica;Integrado;Ação Afirmativa;2023/1;4;4;13;1;2026,5;2026,5;0;4
11739;Campus Cachoeiro de Itapemirim;Técnico em Eletromecânica;Integrado;Ação Afirmativa;2023/1;4;4;13;1;2026,5;2026,5;0;4
11740;Campus Cachoeiro de Itapemirim;Técnico em Eletromecânica;Integrado;Ampla Concorrência;2023/1;4;4;13;1;2026,5;2026,5;0;4
11741;Campus Cachoeiro de Itapemirim;Técnico em Eletromecânica;Integrado;Ação Afirmativa;2023/1;4;4;13;1;2026,5;2026,5;0;4
11742;Campus Cachoeiro de Itapemirim;Técnico em Eletromecânica;Integrado;Ação Afirmativa;2023/1;4;4;13;1;2026,5;2026,5;0;4
11744;Campus Cachoeiro de Itapemirim;Técnico em Eletromecânica;Integrado;Ampla Concorrência;2023/1;3;4;14;2;2026,5;2027,5;1;4
11746;Campus Cachoeiro de Itapemirim;Técnico em Eletromecânica;Integrado;Ação Afirmativa;2023/1;3;4;14;2;2026,5;2027,5;1;4
11747;Campus Cachoeiro de Itapemirim;Técnico em Eletromecânica;Integrado;Ampla Concorrência;2023/1;2;4;14;3;2026,5;2028,5;2;4
11748;Campus Cachoeiro de Itapemirim;Técnico em Eletromecânica;Integrado;Ampla Concorrência;2023/1;2;4;27;3;2026,5;2028,5;2;4
11749;Campus Cachoeiro de Itapemirim;Técnico em Eletromecânica;Integrado;Ampla Concorrência;2023/1;4;4;13;1;2026,5;2026,5;0;4
11750;Campus Cachoeiro de Itapemirim;Técnico em Eletromecânica;Integrado;Ação Afirmativa;2023/1;4;4;13;1;2026,5;2026,5;0;4
11751;Campus Cachoeiro de Itapemirim;Técnico em Eletromecânica;Integrado;Ampla Concorrência;2023/1;4;4;13;1;2026,5;2026,5;0;4
11752;Campus Cachoeiro de Itapemirim;Técnico em Eletromecânica;Integrado;Ação Afirmativa;2023/1;4;4;13;1;2026,5;2026,5;0;4
11753;Campus Cachoeiro de Itapemirim;Técnico em Eletromecânica;Integrado;Ação Afirmativa;2023/1;4;4;13;1;2026,5;2026,5;0;4
11755;Campus Cachoeiro de Itapemirim;Técnico em Eletromecânica;Integrado;Ação Afirmativa;2023/1;4;4;13;1;2026,5;2026,5;0;4
11757;Campus Cachoeiro de Itapemirim;Técnico em Eletromecânica;Integrado;Ampla Concorrência;2023/1;4;4;13;1;2026,5;2026,5;0;4
11758;Campus Cachoeiro de Itapemirim;Técnico em Eletromecânica;Integrado;Ampla Concorrência;2023/1;4;4;13;1;2026,5;2026,5;0;4
11760;Campus Cachoeiro de Itapemirim;Técnico em Eletromecânica;Integrado;Ampla Concorrência;2023/1;4;4;13;1;2026,5;2026,5;0;4
11761;Campus Cachoeiro de Itapemirim;Técnico em Eletromecânica;Integrado;Ampla Concorrência;2023/1;4;4;13;1;2026,5;2026,5;0;4
11762;Campus Cachoeiro de Itapemirim;Técnico em Eletromecânica;Integrado;Ampla Concorrência;2023/1;4;4;13;1;2026,5;2026,5;0;4
11764;Campus Cachoeiro de Itapemirim;Técnico em Eletromecânica;Integrado;Ampla Concorrência;2023/1;1;4;27;4;2026,5;2029,5;3;4
11765;Campus Cachoeiro de Itapemirim;Técnico em Eletromecânica;Integrado;Ação Afirmativa;2023/1;4;4;13;1;2026,5;2026,5;0;4
11766;Campus Cachoeiro de Itapemirim;Técnico em Eletromecânica;Integrado;Ação Afirmativa;2023/1;4;4;13;1;2026,5;2026,5;0;4
11767;Campus Cachoeiro de Itapemirim;Técnico em Eletromecânica;Integrado;Ação Afirmativa;2023/1;4;4;13;1;2026,5;2026,5;0;4
11768;Campus Cachoeiro de Itapemirim;Técnico em Eletromecânica;Integrado;Ação Afirmativa;2023/1;4;4;13;1;2026,5;2026,5;0;4
11770;Campus Cachoeiro de Itapemirim;Técnico em Eletromecânica;Integrado;Ampla Concorrência;2023/1;4;4;13;1;2026,5;2026,5;0;4
11771;Campus Cachoeiro de Itapemirim;Técnico em Eletromecânica;Integrado;Ampla Concorrência;2023/1;4;4;13;1;2026,5;2026,5;0;4
11773;Campus Cachoeiro de Itapemirim;Técnico em Eletromecânica;Integrado;Ampla Concorrência;2023/1;2;4;18;3;2026,5;2028,5;2;4
11774;Campus Cachoeiro de Itapemirim;Técnico em Eletromecânica;Integrado;Ampla Concorrência;2023/1;4;4;13;1;2026,5;2026,5;0;4
11775;Campus Cachoeiro de Itapemirim;Técnico em Eletromecânica;Integrado;Ação Afirmativa;2023/1;4;4;13;1;2026,5;2026,5;0;4
11778;Campus Cachoeiro de Itapemirim;Engenharia Mecânica;Superior;Ação Afirmativa;2023/1;1;10;75;5;2027,5;2031;3,5;5
11783;Campus Cachoeiro de Itapemirim;Engenharia Mecânica;Superior;Ampla Concorrência;2023/1;2;10;50;4,5;2027,5;2030,5;3;5
11784;Campus Cachoeiro de Itapemirim;Engenharia Mecânica;Superior;Ampla Concorrência;2023/1;4;10;32;3,5;2027,5;2029,5;2;5
11787;Campus Cachoeiro de Itapemirim;Engenharia Mecânica;Superior;Ação Afirmativa;2023/1;2;10;37;4,5;2027,5;2030,5;3;5
11788;Campus Cachoeiro de Itapemirim;Engenharia Mecânica;Superior;Ação Afirmativa;2023/1;2;10;62;4,5;2027,5;2030,5;3;5
11789;Campus Cachoeiro de Itapemirim;Engenharia Mecânica;Superior;Ampla Concorrência;2023/1;1;10;51;5;2027,5;2031;3,5;5
11791;Campus Cachoeiro de Itapemirim;Engenharia Mecânica;Superior;Ação Afirmativa;2023/1;2;10;47;4,5;2027,5;2030,5;3;5
11794;Campus Cachoeiro de Itapemirim;Engenharia Mecânica;Superior;Ampla Concorrência;2023/1;1;10;50;5;2027,5;2031;3,5;5
11795;Campus Cachoeiro de Itapemirim;Engenharia Mecânica;Superior;Ampla Concorrência;2023/1;4;10;35;3,5;2027,5;2029,5;2;5
11796;Campus Cachoeiro de Itapemirim;Engenharia Mecânica;Superior;Ação Afirmativa;2023/1;3;10;50;4;2027,5;2030;2,5;5
11797;Campus Cachoeiro de Itapemirim;Engenharia Mecânica;Superior;Ampla Concorrência;2023/1;2;10;44;4,5;2027,5;2030,5;3;5
11799;Campus Cachoeiro de Itapemirim;Engenharia Mecânica;Superior;Ampla Concorrência;2023/1;2;10;58;4,5;2027,5;2030,5;3;5
11802;Campus Cachoeiro de Itapemirim;Engenharia Mecânica;Superior;Ampla Concorrência;2023/1;2;10;50;4,5;2027,5;2030,5;3;5
11806;Campus Cachoeiro de Itapemirim;Engenharia Mecânica;Superior;Ação Afirmativa;2023/1;1;10;54;5;2027,5;2031;3,5;5
11811;Campus Cachoeiro de Itapemirim;Técnico em Informática;Integrado;Ampla Concorrência;2023/1;4;4;13;1;2026,5;2026,5;0;4
11812;Campus Cachoeiro de Itapemirim;Técnico em Informática;Integrado;Ampla Concorrência;2023/1;4;4;13;1;2026,5;2026,5;0;4
11813;Campus Cachoeiro de Itapemirim;Técnico em Informática;Integrado;Ampla Concorrência;2023/1;4;4;13;1;2026,5;2026,5;0;4
11814;Campus Cachoeiro de Itapemirim;Técnico em Informática;Integrado;Ampla Concorrência;2023/1;4;4;13;1;2026,5;2026,5;0;4
11815;Campus Cachoeiro de Itapemirim;Técnico em Informática;Integrado;Ampla Concorrência;2023/1;4;4;13;1;2026,5;2026,5;0;4
11816;Campus Cachoeiro de Itapemirim;Técnico em Informática;Integrado;Ampla Concorrência;2023/1;4;4;13;1;2026,5;2026,5;0;4
11817;Campus Cachoeiro de Itapemirim;Técnico em Informática;Integrado;Ampla Concorrência;2023/1;4;4;13;1;2026,5;2026,5;0;4
11818;Campus Cachoeiro de Itapemirim;Técnico em Informática;Integrado;Ampla Concorrência;2023/1;4;4;13;1;2026,5;2026,5;0;4
11819;Campus Cachoeiro de Itapemirim;Técnico em Informática;Integrado;Ampla Concorrência;2023/1;4;4;13;1;2026,5;2026,5;0;4
11820;Campus Cachoeiro de Itapemirim;Técnico em Informática;Integrado;Ampla Concorrência;2023/1;4;4;13;1;2026,5;2026,5;0;4
11821;Campus Cachoeiro de Itapemirim;Técnico em Informática;Integrado;Ampla Concorrência;2023/1;4;4;13;1;2026,5;2026,5;0;4
11822;Campus Cachoeiro de Itapemirim;Técnico em Informática;Integrado;Ampla Concorrência;2023/1;4;4;13;1;2026,5;2026,5;0;4
11823;Campus Cachoeiro de Itapemirim;Técnico em Informática;Integrado;Ampla Concorrência;2023/1;4;4;13;1;2026,5;2026,5;0;4
11824;Campus Cachoeiro de Itapemirim;Técnico em Informática;Integrado;Ampla Concorrência;2023/1;4;4;13;1;2026,5;2026,5;0;4
11825;Campus Cachoeiro de Itapemirim;Técnico em Informática;Integrado;Ampla Concorrência;2023/1;4;4;13;1;2026,5;2026,5;0;4
11826;Campus Cachoeiro de Itapemirim;Técnico em Informática;Integrado;Ação Afirmativa;2023/1;4;4;13;1;2026,5;2026,5;0;4
11827;Campus Cachoeiro de Itapemirim;Técnico em Informática;Integrado;Ação Afirmativa;2023/1;3;4;14;2;2026,5;2027,5;1;4
11828;Campus Cachoeiro de Itapemirim;Técnico em Informática;Integrado;Ampla Concorrência;2023/1;4;4;13;1;2026,5;2026,5;0;4
11830;Campus Cachoeiro de Itapemirim;Técnico em Informática;Integrado;Ação Afirmativa;2023/1;4;4;13;1;2026,5;2026,5;0;4
11831;Campus Cachoeiro de Itapemirim;Técnico em Informática;Integrado;Ação Afirmativa;2023/1;4;4;13;1;2026,5;2026,5;0;4
11832;Campus Cachoeiro de Itapemirim;Técnico em Informática;Integrado;Ação Afirmativa;2023/1;4;4;13;1;2026,5;2026,5;0;4
11833;Campus Cachoeiro de Itapemirim;Técnico em Informática;Integrado;Ação Afirmativa;2023/1;4;4;13;1;2026,5;2026,5;0;4
11834;Campus Cachoeiro de Itapemirim;Técnico em Informática;Integrado;Ação Afirmativa;2023/1;3;4;15;2;2026,5;2027,5;1;4
11835;Campus Cachoeiro de Itapemirim;Técnico em Informática;Integrado;Ação Afirmativa;2023/1;2;4;28;3;2026,5;2028,5;2;4
11837;Campus Cachoeiro de Itapemirim;Técnico em Informática;Integrado;Ação Afirmativa;2023/1;3;4;15;2;2026,5;2027,5;1;4
11838;Campus Cachoeiro de Itapemirim;Técnico em Informática;Integrado;Ação Afirmativa;2023/1;4;4;13;1;2026,5;2026,5;0;4
11839;Campus Cachoeiro de Itapemirim;Técnico em Informática;Integrado;Ação Afirmativa;2023/1;4;4;13;1;2026,5;2026,5;0;4
11840;Campus Cachoeiro de Itapemirim;Técnico em Informática;Integrado;Ação Afirmativa;2023/1;4;4;13;1;2026,5;2026,5;0;4
11841;Campus Cachoeiro de Itapemirim;Técnico em Informática;Integrado;Ação Afirmativa;2023/1;4;4;13;1;2026,5;2026,5;0;4
11842;Campus Cachoeiro de Itapemirim;Técnico em Informática;Integrado;Ação Afirmativa;2023/1;4;4;13;1;2026,5;2026,5;0;4
11843;Campus Cachoeiro de Itapemirim;Técnico em Informática;Integrado;Ação Afirmativa;2023/1;3;4;14;2;2026,5;2027,5;1;4
11844;Campus Cachoeiro de Itapemirim;Técnico em Informática;Integrado;Ação Afirmativa;2023/1;3;4;14;2;2026,5;2027,5;1;4
11845;Campus Cachoeiro de Itapemirim;Técnico em Informática;Integrado;Ação Afirmativa;2023/1;3;4;14;2;2026,5;2027,5;1;4
11846;Campus Cachoeiro de Itapemirim;Técnico em Informática;Integrado;Ampla Concorrência;2023/1;4;4;13;1;2026,5;2026,5;0;4
11847;Campus Cachoeiro de Itapemirim;Técnico em Informática;Integrado;Ampla Concorrência;2023/1;4;4;13;1;2026,5;2026,5;0;4
11848;Campus Cachoeiro de Itapemirim;Técnico em Informática;Integrado;Ampla Concorrência;2023/1;4;4;13;1;2026,5;2026,5;0;4
11849;Campus Cachoeiro de Itapemirim;Técnico em Informática;Integrado;Ampla Concorrência;2023/1;4;4;13;1;2026,5;2026,5;0;4
11850;Campus Cachoeiro de Itapemirim;Técnico em Informática;Integrado;Ação Afirmativa;2023/1;4;4;13;1;2026,5;2026,5;0;4
11888;Campus Cachoeiro de Itapemirim;Licenciatura em Matemática;Superior;Ampla Concorrência;2023/1;8;8;8;0,5;2026,5;2026,5;0;4
11892;Campus Cachoeiro de Itapemirim;Licenciatura em Matemática;Superior;Ampla Concorrência;2023/1;6;8;9;1,5;2026,5;2027,5;1;4
11893;Campus Cachoeiro de Itapemirim;Licenciatura em Matemática;Superior;Ampla Concorrência;2023/1;4;8;17;2,5;2026,5;2028,5;2;4
11894;Campus Cachoeiro de Itapemirim;Licenciatura em Matemática;Superior;Ampla Concorrência;2023/1;4;8;17;2,5;2026,5;2028,5;2;4
11896;Campus Cachoeiro de Itapemirim;Licenciatura em Matemática;Superior;Ação Afirmativa;2023/1;7;8;9;1;2026,5;2027;0,5;4
11899;Campus Cachoeiro de Itapemirim;Licenciatura em Matemática;Superior;Ampla Concorrência;2023/1;8;8;8;0,5;2026,5;2026,5;0;4
11902;Campus Cachoeiro de Itapemirim;Licenciatura em Matemática;Superior;Ampla Concorrência;2023/1;5;8;12;2;2026,5;2028;1,5;4
11903;Campus Cachoeiro de Itapemirim;Licenciatura em Matemática;Superior;Ação Afirmativa;2023/1;2;8;45;3,5;2026,5;2029,5;3;4
11905;Campus Cachoeiro de Itapemirim;Licenciatura em Matemática;Superior;Ampla Concorrência;2023/1;2;8;41;3,5;2026,5;2029,5;3;4
11906;Campus Cachoeiro de Itapemirim;Licenciatura em Matemática;Superior;Ampla Concorrência;2023/1;3;8;16;3;2026,5;2029;2,5;4
11910;Campus Cachoeiro de Itapemirim;Licenciatura em Matemática;Superior;Ampla Concorrência;2023/1;4;8;11;2,5;2026,5;2028,5;2;4
11913;Campus Cachoeiro de Itapemirim;Licenciatura em Matemática;Superior;Ampla Concorrência;2023/1;4;8;20;2,5;2026,5;2028,5;2;4
11914;Campus Cachoeiro de Itapemirim;Licenciatura em Matemática;Superior;Ampla Concorrência;2023/1;3;8;17;3;2026,5;2029;2,5;4
11915;Campus Cachoeiro de Itapemirim;Licenciatura em Matemática;Superior;Ampla Concorrência;2023/1;2;8;12;3,5;2026,5;2029,5;3;4
11917;Campus Cachoeiro de Itapemirim;Licenciatura em Matemática;Superior;Ampla Concorrência;2023/1;2;8;37;3,5;2026,5;2029,5;3;4
11918;Campus Cachoeiro de Itapemirim;Licenciatura em Matemática;Superior;Outros;2023/1;2;8;13;3,5;2026,5;2029,5;3;4
11919;Campus Cachoeiro de Itapemirim;Licenciatura em Matemática;Superior;Outros;2023/1;8;8;8;0,5;2026,5;2026,5;0;4
11920;Campus Cachoeiro de Itapemirim;Licenciatura em Matemática;Superior;Outros;2023/1;2;8;27;3,5;2026,5;2029,5;3;4
12882;Campus Cachoeiro de Itapemirim;Sistemas de Informação;Superior;Ampla Concorrência;2023/1;7;8;22;1;2026,5;2027;0,5;4
12883;Campus Cachoeiro de Itapemirim;Sistemas de Informação;Superior;Ampla Concorrência;2023/1;7;8;21;1;2026,5;2027;0,5;4
12884;Campus Cachoeiro de Itapemirim;Sistemas de Informação;Superior;Ampla Concorrência;2023/1;6;8;31;1,5;2026,5;2027,5;1;4
12885;Campus Cachoeiro de Itapemirim;Sistemas de Informação;Superior;Ampla Concorrência;2023/1;7;8;22;1;2026,5;2027;0,5;4
12886;Campus Cachoeiro de Itapemirim;Sistemas de Informação;Superior;Ação Afirmativa;2023/1;7;8;22;1;2026,5;2027;0,5;4
12888;Campus Cachoeiro de Itapemirim;Sistemas de Informação;Superior;Ampla Concorrência;2023/1;7;8;22;1;2026,5;2027;0,5;4
12889;Campus Cachoeiro de Itapemirim;Sistemas de Informação;Superior;Ampla Concorrência;2023/1;7;8;22;1;2026,5;2027;0,5;4
12890;Campus Cachoeiro de Itapemirim;Sistemas de Informação;Superior;Ampla Concorrência;2023/1;7;8;22;1;2026,5;2027;0,5;4
12891;Campus Cachoeiro de Itapemirim;Sistemas de Informação;Superior;Ampla Concorrência;2023/1;7;8;21;1;2026,5;2027;0,5;4
12893;Campus Cachoeiro de Itapemirim;Sistemas de Informação;Superior;Ampla Concorrência;2023/1;7;8;22;1;2026,5;2027;0,5;4
12894;Campus Cachoeiro de Itapemirim;Sistemas de Informação;Superior;Ampla Concorrência;2023/1;6;8;22;1,5;2026,5;2027,5;1;4
12895;Campus Cachoeiro de Itapemirim;Sistemas de Informação;Superior;Ampla Concorrência;2023/1;6;8;32;1,5;2026,5;2027,5;1;4
12896;Campus Cachoeiro de Itapemirim;Sistemas de Informação;Superior;Ampla Concorrência;2023/1;7;8;22;1;2026,5;2027;0,5;4
12897;Campus Cachoeiro de Itapemirim;Sistemas de Informação;Superior;Ação Afirmativa;2023/1;7;8;22;1;2026,5;2027;0,5;4
12898;Campus Cachoeiro de Itapemirim;Sistemas de Informação;Superior;Ampla Concorrência;2023/1;6;8;23;1,5;2026,5;2027,5;1;4
12899;Campus Cachoeiro de Itapemirim;Sistemas de Informação;Superior;Ampla Concorrência;2023/1;6;8;24;1,5;2026,5;2027,5;1;4
12901;Campus Cachoeiro de Itapemirim;Sistemas de Informação;Superior;Ação Afirmativa;2023/1;2;8;30;3,5;2026,5;2029,5;3;4
12902;Campus Cachoeiro de Itapemirim;Sistemas de Informação;Superior;Ação Afirmativa;2023/1;2;8;33;3,5;2026,5;2029,5;3;4
12903;Campus Cachoeiro de Itapemirim;Sistemas de Informação;Superior;Ação Afirmativa;2023/1;2;8;25;3,5;2026,5;2029,5;3;4
12904;Campus Cachoeiro de Itapemirim;Sistemas de Informação;Superior;Ação Afirmativa;2023/1;2;8;27;3,5;2026,5;2029,5;3;4
12906;Campus Cachoeiro de Itapemirim;Sistemas de Informação;Superior;Ação Afirmativa;2023/1;2;8;37;3,5;2026,5;2029,5;3;4
12908;Campus Cachoeiro de Itapemirim;Sistemas de Informação;Superior;Ampla Concorrência;2023/1;6;8;24;1,5;2026,5;2027,5;1;4
12909;Campus Cachoeiro de Itapemirim;Sistemas de Informação;Superior;Ampla Concorrência;2023/1;7;8;22;1;2026,5;2027;0,5;4
12911;Campus Cachoeiro de Itapemirim;Sistemas de Informação;Superior;Ação Afirmativa;2023/1;2;8;27;3,5;2026,5;2029,5;3;4
12912;Campus Cachoeiro de Itapemirim;Sistemas de Informação;Superior;Ampla Concorrência;2023/1;2;8;33;3,5;2026,5;2029,5;3;4
12914;Campus Cachoeiro de Itapemirim;Sistemas de Informação;Superior;Ação Afirmativa;2023/1;6;8;28;1,5;2026,5;2027,5;1;4
12915;Campus Cachoeiro de Itapemirim;Sistemas de Informação;Superior;Ação Afirmativa;2023/1;7;8;22;1;2026,5;2027;0,5;4
12919;Campus Cachoeiro de Itapemirim;Sistemas de Informação;Superior;Ação Afirmativa;2023/1;2;8;30;3,5;2026,5;2029,5;3;4
12922;Campus Cachoeiro de Itapemirim;Sistemas de Informação;Superior;Outros;2023/1;7;8;22;1;2026,5;2027;0,5;4
12923;Campus Cachoeiro de Itapemirim;Sistemas de Informação;Superior;Outros;2023/1;8;8;16;0,5;2026,5;2026,5;0;4
12924;Campus Cachoeiro de Itapemirim;Técnico em Eletromecânica;Concomitante;Ação Afirmativa;2023/2;1;4;16;2;2025,0;2028;3;2
12950;Campus Cachoeiro de Itapemirim;Técnico em Eletromecânica;Concomitante;Ampla Concorrência;2023/2;1;4;17;2;2025,0;2028;3;2
12998;Campus Cachoeiro de Itapemirim;Licenciatura em Matemática;Superior;Outros;2023/2;4;8;9;2,5;2027,0;2028,5;1,5;4
13013;Campus Cachoeiro de Itapemirim;Técnico em Mineração;Concomitante;Ampla Concorrência;2023/2;4;4;1;0,5;2025,0;2026,5;1,5;2
13027;Campus Cachoeiro de Itapemirim;Técnico em Mineração;Concomitante;Ampla Concorrência;2023/2;1;1;2;0,5;2023,5;2026,5;3;2
14496;Campus Cachoeiro de Itapemirim;Técnico em Eletromecânica;Integrado;Ampla Concorrência;2024/1;3;4;26;2;2027,5;2027,5;0;4
14497;Campus Cachoeiro de Itapemirim;Técnico em Eletromecânica;Integrado;Ampla Concorrência;2024/1;3;4;26;2;2027,5;2027,5;0;4
14498;Campus Cachoeiro de Itapemirim;Técnico em Eletromecânica;Integrado;Ação Afirmativa;2024/1;3;4;26;2;2027,5;2027,5;0;4
14499;Campus Cachoeiro de Itapemirim;Técnico em Eletromecânica;Integrado;Ampla Concorrência;2024/1;3;4;26;2;2027,5;2027,5;0;4
14500;Campus Cachoeiro de Itapemirim;Técnico em Eletromecânica;Integrado;Ampla Concorrência;2024/1;3;4;26;2;2027,5;2027,5;0;4
14502;Campus Cachoeiro de Itapemirim;Técnico em Eletromecânica;Integrado;Ampla Concorrência;2024/1;3;4;26;2;2027,5;2027,5;0;4
14503;Campus Cachoeiro de Itapemirim;Técnico em Eletromecânica;Integrado;Ação Afirmativa;2024/1;3;4;26;2;2027,5;2027,5;0;4
14504;Campus Cachoeiro de Itapemirim;Técnico em Eletromecânica;Integrado;Ação Afirmativa;2024/1;1;4;27;4;2027,5;2029,5;2;4
14505;Campus Cachoeiro de Itapemirim;Técnico em Eletromecânica;Integrado;Ampla Concorrência;2024/1;3;4;26;2;2027,5;2027,5;0;4
14506;Campus Cachoeiro de Itapemirim;Técnico em Eletromecânica;Integrado;Ampla Concorrência;2024/1;3;4;26;2;2027,5;2027,5;0;4
14507;Campus Cachoeiro de Itapemirim;Técnico em Eletromecânica;Integrado;Ampla Concorrência;2024/1;3;4;26;2;2027,5;2027,5;0;4
14508;Campus Cachoeiro de Itapemirim;Técnico em Eletromecânica;Integrado;Ampla Concorrência;2024/1;3;4;26;2;2027,5;2027,5;0;4
14509;Campus Cachoeiro de Itapemirim;Técnico em Eletromecânica;Integrado;Ampla Concorrência;2024/1;3;4;26;2;2027,5;2027,5;0;4
14510;Campus Cachoeiro de Itapemirim;Técnico em Eletromecânica;Integrado;Ampla Concorrência;2024/1;3;4;26;2;2027,5;2027,5;0;4
14511;Campus Cachoeiro de Itapemirim;Técnico em Eletromecânica;Integrado;Ação Afirmativa;2024/1;3;4;26;2;2027,5;2027,5;0;4
14512;Campus Cachoeiro de Itapemirim;Técnico em Eletromecânica;Integrado;Ampla Concorrência;2024/1;3;4;26;2;2027,5;2027,5;0;4
14513;Campus Cachoeiro de Itapemirim;Técnico em Eletromecânica;Integrado;Ação Afirmativa;2024/1;3;4;26;2;2027,5;2027,5;0;4
14514;Campus Cachoeiro de Itapemirim;Técnico em Eletromecânica;Integrado;Ação Afirmativa;2024/1;3;4;26;2;2027,5;2027,5;0;4
14515;Campus Cachoeiro de Itapemirim;Técnico em Eletromecânica;Integrado;Ampla Concorrência;2024/1;3;4;26;2;2027,5;2027,5;0;4
14516;Campus Cachoeiro de Itapemirim;Técnico em Eletromecânica;Integrado;Ação Afirmativa;2024/1;1;4;27;4;2027,5;2029,5;2;4
14517;Campus Cachoeiro de Itapemirim;Técnico em Eletromecânica;Integrado;Ação Afirmativa;2024/1;1;4;28;4;2027,5;2029,5;2;4
14518;Campus Cachoeiro de Itapemirim;Técnico em Eletromecânica;Integrado;Ação Afirmativa;2024/1;3;4;26;2;2027,5;2027,5;0;4
14519;Campus Cachoeiro de Itapemirim;Técnico em Eletromecânica;Integrado;Ampla Concorrência;2024/1;3;4;26;2;2027,5;2027,5;0;4
14520;Campus Cachoeiro de Itapemirim;Técnico em Eletromecânica;Integrado;Ampla Concorrência;2024/1;3;4;26;2;2027,5;2027,5;0;4
14521;Campus Cachoeiro de Itapemirim;Técnico em Eletromecânica;Integrado;Ampla Concorrência;2024/1;3;4;26;2;2027,5;2027,5;0;4
14522;Campus Cachoeiro de Itapemirim;Técnico em Eletromecânica;Integrado;Ação Afirmativa;2024/1;3;4;26;2;2027,5;2027,5;0;4
14523;Campus Cachoeiro de Itapemirim;Técnico em Eletromecânica;Integrado;Ação Afirmativa;2024/1;3;4;26;2;2027,5;2027,5;0;4
14524;Campus Cachoeiro de Itapemirim;Técnico em Eletromecânica;Integrado;Ampla Concorrência;2024/1;3;4;26;2;2027,5;2027,5;0;4
14525;Campus Cachoeiro de Itapemirim;Técnico em Eletromecânica;Integrado;Ampla Concorrência;2024/1;3;4;26;2;2027,5;2027,5;0;4
14526;Campus Cachoeiro de Itapemirim;Técnico em Eletromecânica;Integrado;Ampla Concorrência;2024/1;3;4;26;2;2027,5;2027,5;0;4
14527;Campus Cachoeiro de Itapemirim;Técnico em Eletromecânica;Integrado;Ação Afirmativa;2024/1;3;4;26;2;2027,5;2027,5;0;4
14528;Campus Cachoeiro de Itapemirim;Técnico em Eletromecânica;Integrado;Ação Afirmativa;2024/1;3;4;26;2;2027,5;2027,5;0;4
14530;Campus Cachoeiro de Itapemirim;Técnico em Eletromecânica;Integrado;Ação Afirmativa;2024/1;3;4;26;2;2027,5;2027,5;0;4
14531;Campus Cachoeiro de Itapemirim;Técnico em Eletromecânica;Integrado;Ampla Concorrência;2024/1;2;4;27;3;2027,5;2028,5;1;4
14533;Campus Cachoeiro de Itapemirim;Técnico em Eletromecânica;Integrado;Ação Afirmativa;2024/1;3;4;26;2;2027,5;2027,5;0;4
14534;Campus Cachoeiro de Itapemirim;Técnico em Eletromecânica;Integrado;Ação Afirmativa;2024/1;2;3;28;2;2026,5;2027,5;1;4
14535;Campus Cachoeiro de Itapemirim;Técnico em Eletromecânica;Integrado;Ação Afirmativa;2024/1;3;4;26;2;2027,5;2027,5;0;4
14536;Campus Cachoeiro de Itapemirim;Técnico em Eletromecânica;Integrado;Ação Afirmativa;2024/1;3;4;26;2;2027,5;2027,5;0;4
14537;Campus Cachoeiro de Itapemirim;Engenharia de Minas;Superior;Ação Afirmativa;2024/1;1;10;61;5;2028,5;2031;2,5;5
14538;Campus Cachoeiro de Itapemirim;Engenharia de Minas;Superior;Ação Afirmativa;2024/1;3;10;62;4;2028,5;2030;1,5;5
14539;Campus Cachoeiro de Itapemirim;Engenharia de Minas;Superior;Ampla Concorrência;2024/1;1;10;62;5;2028,5;2031;2,5;5
14540;Campus Cachoeiro de Itapemirim;Engenharia de Minas;Superior;Ampla Concorrência;2024/1;2;10;55;4,5;2028,5;2030,5;2;5
14542;Campus Cachoeiro de Itapemirim;Engenharia de Minas;Superior;Ampla Concorrência;2024/1;2;10;53;4,5;2028,5;2030,5;2;5
14543;Campus Cachoeiro de Itapemirim;Engenharia de Minas;Superior;Ampla Concorrência;2024/1;1;10;63;5;2028,5;2031;2,5;5
14544;Campus Cachoeiro de Itapemirim;Engenharia de Minas;Superior;Ampla Concorrência;2024/1;1;10;63;5;2028,5;2031;2,5;5
14545;Campus Cachoeiro de Itapemirim;Engenharia de Minas;Superior;Ampla Concorrência;2024/1;1;10;58;5;2028,5;2031;2,5;5
14546;Campus Cachoeiro de Itapemirim;Engenharia de Minas;Superior;Ampla Concorrência;2024/1;1;10;60;5;2028,5;2031;2,5;5
14547;Campus Cachoeiro de Itapemirim;Engenharia de Minas;Superior;Ampla Concorrência;2024/1;4;10;54;3,5;2028,5;2029,5;1;5
14549;Campus Cachoeiro de Itapemirim;Engenharia de Minas;Superior;Ampla Concorrência;2024/1;2;10;60;4,5;2028,5;2030,5;2;5
14550;Campus Cachoeiro de Itapemirim;Engenharia de Minas;Superior;Ampla Concorrência;2024/1;1;10;74;5;2028,5;2031;2,5;5
14551;Campus Cachoeiro de Itapemirim;Engenharia de Minas;Superior;Ação Afirmativa;2024/1;3;10;61;4;2028,5;2030;1,5;5
14556;Campus Cachoeiro de Itapemirim;Engenharia de Minas;Superior;Ampla Concorrência;2024/1;1;10;67;5;2028,5;2031;2,5;5
14557;Campus Cachoeiro de Itapemirim;Engenharia de Minas;Superior;Ampla Concorrência;2024/1;1;10;76;5;2028,5;2031;2,5;5
14560;Campus Cachoeiro de Itapemirim;Engenharia de Minas;Superior;Ampla Concorrência;2024/1;1;10;77;5;2028,5;2031;2,5;5
14561;Campus Cachoeiro de Itapemirim;Engenharia de Minas;Superior;Ampla Concorrência;2024/1;1;10;72;5;2028,5;2031;2,5;5
14563;Campus Cachoeiro de Itapemirim;Engenharia Mecânica;Superior;Ampla Concorrência;2024/1;4;10;49;3,5;2028,5;2029,5;1;5
14564;Campus Cachoeiro de Itapemirim;Engenharia Mecânica;Superior;Ampla Concorrência;2024/1;2;10;50;4,5;2028,5;2030,5;2;5
14565;Campus Cachoeiro de Itapemirim;Engenharia Mecânica;Superior;Ampla Concorrência;2024/1;2;10;70;4,5;2028,5;2030,5;2;5
14566;Campus Cachoeiro de Itapemirim;Engenharia Mecânica;Superior;Ampla Concorrência;2024/1;2;10;60;4,5;2028,5;2030,5;2;5
14567;Campus Cachoeiro de Itapemirim;Engenharia Mecânica;Superior;Ampla Concorrência;2024/1;1;10;72;5;2028,5;2031;2,5;5
14568;Campus Cachoeiro de Itapemirim;Engenharia Mecânica;Superior;Ampla Concorrência;2024/1;1;10;73;5;2028,5;2031;2,5;5
14569;Campus Cachoeiro de Itapemirim;Engenharia Mecânica;Superior;Ampla Concorrência;2024/1;4;10;51;3,5;2028,5;2029,5;1;5
14570;Campus Cachoeiro de Itapemirim;Engenharia Mecânica;Superior;Ampla Concorrência;2024/1;1;10;77;5;2028,5;2031;2,5;5
14571;Campus Cachoeiro de Itapemirim;Engenharia Mecânica;Superior;Ampla Concorrência;2024/1;1;10;63;5;2028,5;2031;2,5;5
14572;Campus Cachoeiro de Itapemirim;Engenharia Mecânica;Superior;Ampla Concorrência;2024/1;1;10;64;5;2028,5;2031;2,5;5
14573;Campus Cachoeiro de Itapemirim;Engenharia Mecânica;Superior;Ampla Concorrência;2024/1;1;10;81;5;2028,5;2031;2,5;5
14575;Campus Cachoeiro de Itapemirim;Engenharia Mecânica;Superior;Ação Afirmativa;2024/1;2;10;60;4,5;2028,5;2030,5;2;5
14576;Campus Cachoeiro de Itapemirim;Engenharia Mecânica;Superior;Ação Afirmativa;2024/1;1;10;55;5;2028,5;2031;2,5;5
14577;Campus Cachoeiro de Itapemirim;Engenharia Mecânica;Superior;Ação Afirmativa;2024/1;1;10;62;5;2028,5;2031;2,5;5
14582;Campus Cachoeiro de Itapemirim;Engenharia Mecânica;Superior;Ampla Concorrência;2024/1;1;10;74;5;2028,5;2031;2,5;5
14583;Campus Cachoeiro de Itapemirim;Engenharia Mecânica;Superior;Ampla Concorrência;2024/1;1;10;81;5;2028,5;2031;2,5;5
14586;Campus Cachoeiro de Itapemirim;Engenharia Mecânica;Superior;Ampla Concorrência;2024/1;2;10;60;4,5;2028,5;2030,5;2;5
14587;Campus Cachoeiro de Itapemirim;Engenharia Mecânica;Superior;Ampla Concorrência;2024/1;1;10;71;5;2028,5;2031;2,5;5
14591;Campus Cachoeiro de Itapemirim;Engenharia Mecânica;Superior;Ampla Concorrência;2024/1;1;10;77;5;2028,5;2031;2,5;5
14595;Campus Cachoeiro de Itapemirim;Técnico em Informática;Integrado;Ação Afirmativa;2024/1;3;4;26;2;2027,5;2027,5;0;4
14596;Campus Cachoeiro de Itapemirim;Técnico em Informática;Integrado;Ação Afirmativa;2024/1;3;4;26;2;2027,5;2027,5;0;4
14597;Campus Cachoeiro de Itapemirim;Técnico em Informática;Integrado;Ampla Concorrência;2024/1;3;4;26;2;2027,5;2027,5;0;4
14598;Campus Cachoeiro de Itapemirim;Técnico em Informática;Integrado;Ação Afirmativa;2024/1;3;4;26;2;2027,5;2027,5;0;4
14599;Campus Cachoeiro de Itapemirim;Técnico em Informática;Integrado;Ampla Concorrência;2024/1;3;4;26;2;2027,5;2027,5;0;4
14600;Campus Cachoeiro de Itapemirim;Técnico em Informática;Integrado;Ampla Concorrência;2024/1;2;4;27;3;2027,5;2028,5;1;4
14601;Campus Cachoeiro de Itapemirim;Técnico em Informática;Integrado;Ampla Concorrência;2024/1;3;4;26;2;2027,5;2027,5;0;4
14602;Campus Cachoeiro de Itapemirim;Técnico em Informática;Integrado;Ampla Concorrência;2024/1;3;4;26;2;2027,5;2027,5;0;4
14603;Campus Cachoeiro de Itapemirim;Técnico em Informática;Integrado;Ampla Concorrência;2024/1;3;4;26;2;2027,5;2027,5;0;4
14604;Campus Cachoeiro de Itapemirim;Técnico em Informática;Integrado;Ação Afirmativa;2024/1;3;4;26;2;2027,5;2027,5;0;4
14605;Campus Cachoeiro de Itapemirim;Técnico em Informática;Integrado;Ampla Concorrência;2024/1;3;4;26;2;2027,5;2027,5;0;4
14606;Campus Cachoeiro de Itapemirim;Técnico em Informática;Integrado;Ampla Concorrência;2024/1;3;4;26;2;2027,5;2027,5;0;4
14607;Campus Cachoeiro de Itapemirim;Técnico em Informática;Integrado;Ação Afirmativa;2024/1;3;4;26;2;2027,5;2027,5;0;4
14608;Campus Cachoeiro de Itapemirim;Técnico em Informática;Integrado;Ampla Concorrência;2024/1;3;4;26;2;2027,5;2027,5;0;4
14609;Campus Cachoeiro de Itapemirim;Técnico em Informática;Integrado;Ampla Concorrência;2024/1;3;4;26;2;2027,5;2027,5;0;4
14610;Campus Cachoeiro de Itapemirim;Técnico em Informática;Integrado;Ação Afirmativa;2024/1;3;4;26;2;2027,5;2027,5;0;4
14611;Campus Cachoeiro de Itapemirim;Técnico em Informática;Integrado;Ação Afirmativa;2024/1;3;4;26;2;2027,5;2027,5;0;4
14612;Campus Cachoeiro de Itapemirim;Técnico em Informática;Integrado;Ampla Concorrência;2024/1;3;4;26;2;2027,5;2027,5;0;4
14613;Campus Cachoeiro de Itapemirim;Técnico em Informática;Integrado;Ampla Concorrência;2024/1;3;4;26;2;2027,5;2027,5;0;4
14614;Campus Cachoeiro de Itapemirim;Técnico em Informática;Integrado;Ação Afirmativa;2024/1;2;4;27;3;2027,5;2028,5;1;4
14615;Campus Cachoeiro de Itapemirim;Técnico em Informática;Integrado;Ampla Concorrência;2024/1;3;4;26;2;2027,5;2027,5;0;4
14616;Campus Cachoeiro de Itapemirim;Técnico em Informática;Integrado;Ampla Concorrência;2024/1;3;4;26;2;2027,5;2027,5;0;4
14617;Campus Cachoeiro de Itapemirim;Técnico em Informática;Integrado;Ação Afirmativa;2024/1;3;4;26;2;2027,5;2027,5;0;4
14618;Campus Cachoeiro de Itapemirim;Técnico em Informática;Integrado;Ação Afirmativa;2024/1;3;4;26;2;2027,5;2027,5;0;4
14619;Campus Cachoeiro de Itapemirim;Técnico em Informática;Integrado;Ampla Concorrência;2024/1;3;4;26;2;2027,5;2027,5;0;4
14620;Campus Cachoeiro de Itapemirim;Técnico em Informática;Integrado;Ação Afirmativa;2024/1;3;4;26;2;2027,5;2027,5;0;4
14621;Campus Cachoeiro de Itapemirim;Técnico em Informática;Integrado;Ampla Concorrência;2024/1;3;4;26;2;2027,5;2027,5;0;4
14622;Campus Cachoeiro de Itapemirim;Técnico em Informática;Integrado;Ampla Concorrência;2024/1;3;4;26;2;2027,5;2027,5;0;4
14623;Campus Cachoeiro de Itapemirim;Técnico em Informática;Integrado;Ação Afirmativa;2024/1;3;4;26;2;2027,5;2027,5;0;4
14624;Campus Cachoeiro de Itapemirim;Técnico em Informática;Integrado;Ampla Concorrência;2024/1;3;4;26;2;2027,5;2027,5;0;4
14625;Campus Cachoeiro de Itapemirim;Técnico em Informática;Integrado;Ação Afirmativa;2024/1;2;4;27;3;2027,5;2028,5;1;4
14626;Campus Cachoeiro de Itapemirim;Técnico em Informática;Integrado;Ação Afirmativa;2024/1;3;4;26;2;2027,5;2027,5;0;4
14628;Campus Cachoeiro de Itapemirim;Técnico em Informática;Integrado;Ampla Concorrência;2024/1;3;4;26;2;2027,5;2027,5;0;4
14629;Campus Cachoeiro de Itapemirim;Técnico em Informática;Integrado;Ação Afirmativa;2024/1;2;4;27;3;2027,5;2028,5;1;4
14630;Campus Cachoeiro de Itapemirim;Técnico em Informática;Integrado;Ampla Concorrência;2024/1;3;4;26;2;2027,5;2027,5;0;4
14631;Campus Cachoeiro de Itapemirim;Técnico em Informática;Integrado;Ação Afirmativa;2024/1;2;4;28;3;2027,5;2028,5;1;4
14632;Campus Cachoeiro de Itapemirim;Técnico em Informática;Integrado;Ação Afirmativa;2024/1;3;4;26;2;2027,5;2027,5;0;4
14633;Campus Cachoeiro de Itapemirim;Técnico em Informática;Integrado;Ação Afirmativa;2024/1;3;4;26;2;2027,5;2027,5;0;4
14634;Campus Cachoeiro de Itapemirim;Técnico em Informática;Integrado;Ação Afirmativa;2024/1;3;4;26;2;2027,5;2027,5;0;4
14675;Campus Cachoeiro de Itapemirim;Licenciatura em Matemática;Superior;Ampla Concorrência;2024/1;4;8;27;2,5;2027,5;2028,5;1;4
14676;Campus Cachoeiro de Itapemirim;Licenciatura em Matemática;Superior;Ampla Concorrência;2024/1;1;8;41;4;2027,5;2030;2,5;4
14679;Campus Cachoeiro de Itapemirim;Licenciatura em Matemática;Superior;Ampla Concorrência;2024/1;6;8;18;1,5;2027,5;2027,5;0;4
14680;Campus Cachoeiro de Itapemirim;Licenciatura em Matemática;Superior;Ampla Concorrência;2024/1;6;8;17;1,5;2027,5;2027,5;0;4
14681;Campus Cachoeiro de Itapemirim;Licenciatura em Matemática;Superior;Ampla Concorrência;2024/1;5;8;21;2;2027,5;2028;0,5;4
14682;Campus Cachoeiro de Itapemirim;Licenciatura em Matemática;Superior;Ampla Concorrência;2024/1;2;8;45;3,5;2027,5;2029,5;2;4
14683;Campus Cachoeiro de Itapemirim;Licenciatura em Matemática;Superior;Ampla Concorrência;2024/1;2;8;40;3,5;2027,5;2029,5;2;4
14685;Campus Cachoeiro de Itapemirim;Licenciatura em Matemática;Superior;Ação Afirmativa;2024/1;2;8;29;3,5;2027,5;2029,5;2;4
14686;Campus Cachoeiro de Itapemirim;Licenciatura em Matemática;Superior;Ação Afirmativa;2024/1;2;8;49;3,5;2027,5;2029,5;2;4
14688;Campus Cachoeiro de Itapemirim;Licenciatura em Matemática;Superior;Ação Afirmativa;2024/1;2;8;48;3,5;2027,5;2029,5;2;4
14690;Campus Cachoeiro de Itapemirim;Licenciatura em Matemática;Superior;Ampla Concorrência;2024/1;4;8;24;2,5;2027,5;2028,5;1;4
14691;Campus Cachoeiro de Itapemirim;Licenciatura em Matemática;Superior;Ampla Concorrência;2024/1;3;8;29;3;2027,5;2029;1,5;4
14692;Campus Cachoeiro de Itapemirim;Licenciatura em Matemática;Superior;Ampla Concorrência;2024/1;3;8;26;3;2027,5;2029;1,5;4
14694;Campus Cachoeiro de Itapemirim;Licenciatura em Matemática;Superior;Ampla Concorrência;2024/1;2;8;40;3,5;2027,5;2029,5;2;4
14698;Campus Cachoeiro de Itapemirim;Licenciatura em Matemática;Superior;Ampla Concorrência;2024/1;3;8;25;3;2027,5;2029;1,5;4
14700;Campus Cachoeiro de Itapemirim;Licenciatura em Matemática;Superior;Outros;2024/1;6;8;18;1,5;2027,5;2027,5;0;4
14702;Campus Cachoeiro de Itapemirim;Licenciatura em Matemática;Superior;Outros;2024/1;3;8;29;3;2027,5;2029;1,5;4
14747;Campus Cachoeiro de Itapemirim;Tecnologias de Produção de Rochas Ornamentais;Pós-Graduação;Ampla Concorrência;2024/1;2;3;2;1;2025,0;2027;2;1,5
14748;Campus Cachoeiro de Itapemirim;Tecnologias de Produção de Rochas Ornamentais;Pós-Graduação;Ampla Concorrência;2024/1;3;3;1;0,5;2025,0;2026,5;1,5;1,5
14751;Campus Cachoeiro de Itapemirim;Tecnologias de Produção de Rochas Ornamentais;Pós-Graduação;Ação Afirmativa;2024/1;2;3;2;1;2025,0;2027;2;1,5
14761;Campus Cachoeiro de Itapemirim;Tecnologias de Produção de Rochas Ornamentais;Pós-Graduação;Ampla Concorrência;2024/1;3;3;1;0,5;2025,0;2026,5;1,5;1,5
14766;Campus Cachoeiro de Itapemirim;Tecnologias de Produção de Rochas Ornamentais;Pós-Graduação;Ampla Concorrência;2024/1;1;3;7;1,5;2025,0;2027,5;2,5;1,5
15422;Campus Cachoeiro de Itapemirim;Sistemas de Informação;Superior;Ampla Concorrência;2024/1;3;8;35;3;2027,5;2029;1,5;4
15423;Campus Cachoeiro de Itapemirim;Sistemas de Informação;Superior;Ampla Concorrência;2024/1;6;8;31;1,5;2027,5;2027,5;0;4
15424;Campus Cachoeiro de Itapemirim;Sistemas de Informação;Superior;Ampla Concorrência;2024/1;6;8;31;1,5;2027,5;2027,5;0;4
15425;Campus Cachoeiro de Itapemirim;Sistemas de Informação;Superior;Ampla Concorrência;2024/1;2;8;35;3,5;2027,5;2029,5;2;4
15426;Campus Cachoeiro de Itapemirim;Sistemas de Informação;Superior;Ação Afirmativa;2024/1;4;8;32;2,5;2027,5;2028,5;1;4
15427;Campus Cachoeiro de Itapemirim;Sistemas de Informação;Superior;Ampla Concorrência;2024/1;2;8;40;3,5;2027,5;2029,5;2;4
15429;Campus Cachoeiro de Itapemirim;Sistemas de Informação;Superior;Ação Afirmativa;2024/1;2;8;37;3,5;2027,5;2029,5;2;4
15430;Campus Cachoeiro de Itapemirim;Sistemas de Informação;Superior;Ação Afirmativa;2024/1;2;8;47;3,5;2027,5;2029,5;2;4
15432;Campus Cachoeiro de Itapemirim;Sistemas de Informação;Superior;Ampla Concorrência;2024/1;3;8;33;3;2027,5;2029;1,5;4
15434;Campus Cachoeiro de Itapemirim;Sistemas de Informação;Superior;Ação Afirmativa;2024/1;2;8;45;3,5;2027,5;2029,5;2;4
15436;Campus Cachoeiro de Itapemirim;Sistemas de Informação;Superior;Ação Afirmativa;2024/1;2;8;33;3,5;2027,5;2029,5;2;4
15437;Campus Cachoeiro de Itapemirim;Sistemas de Informação;Superior;Ação Afirmativa;2024/1;6;8;30;1,5;2027,5;2027,5;0;4
15438;Campus Cachoeiro de Itapemirim;Sistemas de Informação;Superior;Ampla Concorrência;2024/1;6;8;30;1,5;2027,5;2027,5;0;4
15439;Campus Cachoeiro de Itapemirim;Sistemas de Informação;Superior;Ampla Concorrência;2024/1;4;8;34;2,5;2027,5;2028,5;1;4
15440;Campus Cachoeiro de Itapemirim;Sistemas de Informação;Superior;Ampla Concorrência;2024/1;6;8;31;1,5;2027,5;2027,5;0;4
15441;Campus Cachoeiro de Itapemirim;Sistemas de Informação;Superior;Ampla Concorrência;2024/1;4;8;42;2,5;2027,5;2028,5;1;4
15442;Campus Cachoeiro de Itapemirim;Sistemas de Informação;Superior;Ampla Concorrência;2024/1;3;8;35;3;2027,5;2029;1,5;4
15444;Campus Cachoeiro de Itapemirim;Sistemas de Informação;Superior;Ampla Concorrência;2024/1;3;8;34;3;2027,5;2029;1,5;4
15445;Campus Cachoeiro de Itapemirim;Sistemas de Informação;Superior;Ação Afirmativa;2024/1;1;8;46;4;2027,5;2030;2,5;4
15446;Campus Cachoeiro de Itapemirim;Sistemas de Informação;Superior;Ação Afirmativa;2024/1;3;8;33;3;2027,5;2029;1,5;4
15448;Campus Cachoeiro de Itapemirim;Sistemas de Informação;Superior;Ampla Concorrência;2024/1;4;8;34;2,5;2027,5;2028,5;1;4
15449;Campus Cachoeiro de Itapemirim;Sistemas de Informação;Superior;Ação Afirmativa;2024/1;6;8;32;1,5;2027,5;2027,5;0;4
15451;Campus Cachoeiro de Itapemirim;Sistemas de Informação;Superior;Ação Afirmativa;2024/1;2;8;35;3,5;2027,5;2029,5;2;4
15452;Campus Cachoeiro de Itapemirim;Sistemas de Informação;Superior;Ação Afirmativa;2024/1;2;8;43;3,5;2027,5;2029,5;2;4
15453;Campus Cachoeiro de Itapemirim;Sistemas de Informação;Superior;Ampla Concorrência;2024/1;2;8;38;3,5;2027,5;2029,5;2;4
15455;Campus Cachoeiro de Itapemirim;Sistemas de Informação;Superior;Ampla Concorrência;2024/1;4;8;32;2,5;2027,5;2028,5;1;4
15457;Campus Cachoeiro de Itapemirim;Sistemas de Informação;Superior;Ação Afirmativa;2024/1;6;8;30;1,5;2027,5;2027,5;0;4
15461;Campus Cachoeiro de Itapemirim;Sistemas de Informação;Superior;Ampla Concorrência;2024/1;2;8;40;3,5;2027,5;2029,5;2;4
15462;Campus Cachoeiro de Itapemirim;Sistemas de Informação;Superior;Outros;2024/1;6;8;31;1,5;2027,5;2027,5;0;4
15463;Campus Cachoeiro de Itapemirim;Sistemas de Informação;Superior;Ampla Concorrência;2024/1;2;8;49;3,5;2027,5;2029,5;2;4
15480;Campus Cachoeiro de Itapemirim;Técnico em Eletromecânica;Concomitante;Ampla Concorrência;2024/2;3;4;12;1;2026,0;2027;1;2
15494;Campus Cachoeiro de Itapemirim;Técnico em Eletromecânica;Concomitante;Ampla Concorrência;2024/2;3;3;1;0,5;2025,5;2026,5;1;2
15497;Campus Cachoeiro de Itapemirim;Técnico em Eletromecânica;Concomitante;Ampla Concorrência;2024/2;3;4;8;1;2026,0;2027;1;2
15498;Campus Cachoeiro de Itapemirim;Técnico em Eletromecânica;Concomitante;Ampla Concorrência;2024/2;3;4;8;1;2026,0;2027;1;2
15534;Campus Cachoeiro de Itapemirim;Técnico em Informática para Internet;Concomitante;Ampla Concorrência;2024/2;3;4;10;1;2026,0;2027;1;2
15539;Campus Cachoeiro de Itapemirim;Técnico em Informática para Internet;Concomitante;Outros;2024/2;1;1;2;0,5;2024,5;2026,5;2;2
15545;Campus Cachoeiro de Itapemirim;Licenciatura em Matemática;Superior;Outros;2024/2;1;8;49;4;2028,0;2030;2;4
15548;Campus Cachoeiro de Itapemirim;Técnico em Mineração;Concomitante;Ação Afirmativa;2024/2;3;4;11;1;2026,0;2027;1;2
15567;Campus Cachoeiro de Itapemirim;Técnico em Mineração;Concomitante;Ampla Concorrência;2024/2;4;4;7;0,5;2026,0;2026,5;0,5;2
15583;Campus Cachoeiro de Itapemirim;Ensino de Ciências Naturais;Pós-Graduação;Ampla Concorrência;2024/2;5;5;1;0,5;2026,5;2026,5;0;2,5
15584;Campus Cachoeiro de Itapemirim;Ensino de Ciências Naturais;Pós-Graduação;Ampla Concorrência;2024/2;4;4;1;0,5;2026,0;2026,5;0,5;2,5
15585;Campus Cachoeiro de Itapemirim;Ensino de Ciências Naturais;Pós-Graduação;Ação Afirmativa;2024/2;5;5;1;0,5;2026,5;2026,5;0;2,5
15587;Campus Cachoeiro de Itapemirim;Ensino de Ciências Naturais;Pós-Graduação;Ação Afirmativa;2024/2;5;5;1;0,5;2026,5;2026,5;0;2,5
15589;Campus Cachoeiro de Itapemirim;Ensino de Ciências Naturais;Pós-Graduação;Ampla Concorrência;2024/2;5;5;2;0,5;2026,5;2026,5;0;2,5
15590;Campus Cachoeiro de Itapemirim;Ensino de Ciências Naturais;Pós-Graduação;Ampla Concorrência;2024/2;5;5;1;0,5;2026,5;2026,5;0;2,5
15591;Campus Cachoeiro de Itapemirim;Ensino de Ciências Naturais;Pós-Graduação;Ação Afirmativa;2024/2;5;5;1;0,5;2026,5;2026,5;0;2,5
15594;Campus Cachoeiro de Itapemirim;Ensino de Ciências Naturais;Pós-Graduação;Ação Afirmativa;2024/2;5;5;1;0,5;2026,5;2026,5;0;2,5
15596;Campus Cachoeiro de Itapemirim;Ensino de Ciências Naturais;Pós-Graduação;Ampla Concorrência;2024/2;3;5;8;1,5;2026,5;2027,5;1;2,5
15599;Campus Cachoeiro de Itapemirim;Ensino de Ciências Naturais;Pós-Graduação;Ampla Concorrência;2024/2;4;5;3;1;2026,5;2027;0,5;2,5
15600;Campus Cachoeiro de Itapemirim;Ensino de Ciências Naturais;Pós-Graduação;Ampla Concorrência;2024/2;2;5;9;2;2026,5;2028;1,5;2,5
15601;Campus Cachoeiro de Itapemirim;Ensino de Ciências Naturais;Pós-Graduação;Ação Afirmativa;2024/2;5;5;1;0,5;2026,5;2026,5;0;2,5
15602;Campus Cachoeiro de Itapemirim;Ensino de Ciências Naturais;Pós-Graduação;Ampla Concorrência;2024/2;5;5;1;0,5;2026,5;2026,5;0;2,5
15607;Campus Cachoeiro de Itapemirim;Ensino de Ciências Naturais;Pós-Graduação;Ampla Concorrência;2024/2;5;5;2;0,5;2026,5;2026,5;0;2,5
15608;Campus Cachoeiro de Itapemirim;Ensino de Ciências Naturais;Pós-Graduação;Ampla Concorrência;2024/2;5;5;1;0,5;2026,5;2026,5;0;2,5
15612;Campus Cachoeiro de Itapemirim;Ensino de Ciências Naturais;Pós-Graduação;Ampla Concorrência;2024/2;5;5;2;0,5;2026,5;2026,5;0;2,5
15615;Campus Cachoeiro de Itapemirim;Pintor Industrial;FIC;Ampla Concorrência;2024/2;1;1;6;0,5;2024,5;2026,5;2;0,5
15646;Campus Cachoeiro de Itapemirim;Programação com JavaScript e Node.js;FIC;Ampla Concorrência;2024/2;1;1;2;0,5;2024,5;2026,5;2;0,5
15648;Campus Cachoeiro de Itapemirim;Programação com JavaScript e Node.js;FIC;Ampla Concorrência;2024/2;1;1;4;0,5;2024,5;2026,5;2;0,5
15649;Campus Cachoeiro de Itapemirim;Programação com JavaScript e Node.js;FIC;Ampla Concorrência;2024/2;1;1;4;0,5;2024,5;2026,5;2;0,5
15650;Campus Cachoeiro de Itapemirim;Programação com JavaScript e Node.js;FIC;Ampla Concorrência;2024/2;1;1;1;0,5;2024,5;2026,5;2;0,5
15651;Campus Cachoeiro de Itapemirim;Programação com JavaScript e Node.js;FIC;Ampla Concorrência;2024/2;1;1;3;0,5;2024,5;2026,5;2;0,5
15713;Campus Cachoeiro de Itapemirim;Programação com JavaScript e Node.js;FIC;Ampla Concorrência;2024/2;1;1;4;0,5;2024,5;2026,5;2;0,5
15721;Campus Cachoeiro de Itapemirim;Programação com JavaScript e Node.js;FIC;Ampla Concorrência;2024/2;1;1;4;0,5;2024,5;2026,5;2;0,5
15740;Campus Cachoeiro de Itapemirim;Programação com JavaScript e Node.js;FIC;Ampla Concorrência;2024/2;1;1;4;0,5;2024,5;2026,5;2;0,5
15743;Campus Cachoeiro de Itapemirim;Programação com JavaScript e Node.js;FIC;Ampla Concorrência;2024/2;1;1;4;0,5;2024,5;2026,5;2;0,5
15750;Campus Cachoeiro de Itapemirim;Sistemas de Informação;Superior;Outros;2024/2;1;8;49;4;2028,0;2030;2;4
15760;Campus Cachoeiro de Itapemirim;Técnico em Mecânica Intercomplementar;Concomitante;Ampla Concorrência;2024/2;3;4;5;1;2026,0;2027;1;2
15767;Campus Cachoeiro de Itapemirim;Técnico em Mecânica Intercomplementar;Concomitante;Ampla Concorrência;2024/2;2;2;1;0,5;2025,0;2026,5;1,5;2
15835;Campus Cachoeiro de Itapemirim;Técnico em Eletromecânica;Concomitante;Ampla Concorrência;2025/1;4;4;7;0,5;2026,5;2026,5;0;2
15838;Campus Cachoeiro de Itapemirim;Técnico em Eletromecânica;Concomitante;Ampla Concorrência;2025/1;1;4;8;2;2026,5;2028;1,5;2
15843;Campus Cachoeiro de Itapemirim;Técnico em Eletromecânica;Concomitante;Ampla Concorrência;2025/1;4;4;7;0,5;2026,5;2026,5;0;2
15846;Campus Cachoeiro de Itapemirim;Técnico em Eletromecânica;Concomitante;Ampla Concorrência;2025/1;4;4;7;0,5;2026,5;2026,5;0;2
15849;Campus Cachoeiro de Itapemirim;Técnico em Eletromecânica;Concomitante;Ampla Concorrência;2025/1;4;4;7;0,5;2026,5;2026,5;0;2
15850;Campus Cachoeiro de Itapemirim;Técnico em Eletromecânica;Concomitante;Ampla Concorrência;2025/1;4;4;7;0,5;2026,5;2026,5;0;2
15851;Campus Cachoeiro de Itapemirim;Técnico em Eletromecânica;Concomitante;Ampla Concorrência;2025/1;4;4;7;0,5;2026,5;2026,5;0;2
15853;Campus Cachoeiro de Itapemirim;Técnico em Eletromecânica;Concomitante;Ampla Concorrência;2025/1;4;4;7;0,5;2026,5;2026,5;0;2
15860;Campus Cachoeiro de Itapemirim;Técnico em Eletromecânica;Concomitante;Ampla Concorrência;2025/1;4;4;7;0,5;2026,5;2026,5;0;2
15863;Campus Cachoeiro de Itapemirim;Técnico em Eletromecânica;Concomitante;Ampla Concorrência;2025/1;3;4;14;1;2026,5;2027;0,5;2
15864;Campus Cachoeiro de Itapemirim;Técnico em Eletromecânica;Concomitante;Ampla Concorrência;2025/1;4;4;7;0,5;2026,5;2026,5;0;2
15865;Campus Cachoeiro de Itapemirim;Técnico em Eletromecânica;Concomitante;Ampla Concorrência;2025/1;2;4;15;1,5;2026,5;2027,5;1;2
15866;Campus Cachoeiro de Itapemirim;Técnico em Eletromecânica;Integrado;Ampla Concorrência;2025/1;2;3;28;2;2027,5;2027,5;0;4
15867;Campus Cachoeiro de Itapemirim;Técnico em Eletromecânica;Integrado;Ampla Concorrência;2025/1;2;3;28;2;2027,5;2027,5;0;4
15868;Campus Cachoeiro de Itapemirim;Técnico em Eletromecânica;Integrado;Ampla Concorrência;2025/1;2;3;28;2;2027,5;2027,5;0;4
15869;Campus Cachoeiro de Itapemirim;Técnico em Eletromecânica;Integrado;Ação Afirmativa;2025/1;2;3;28;2;2027,5;2027,5;0;4
15870;Campus Cachoeiro de Itapemirim;Técnico em Eletromecânica;Integrado;Ampla Concorrência;2025/1;2;3;28;2;2027,5;2027,5;0;4
15871;Campus Cachoeiro de Itapemirim;Técnico em Eletromecânica;Integrado;Ação Afirmativa;2025/1;2;3;28;2;2027,5;2027,5;0;4
15872;Campus Cachoeiro de Itapemirim;Técnico em Eletromecânica;Integrado;Ampla Concorrência;2025/1;2;3;28;2;2027,5;2027,5;0;4
15873;Campus Cachoeiro de Itapemirim;Técnico em Eletromecânica;Integrado;Ampla Concorrência;2025/1;2;3;28;2;2027,5;2027,5;0;4
15874;Campus Cachoeiro de Itapemirim;Técnico em Eletromecânica;Integrado;Ampla Concorrência;2025/1;2;3;28;2;2027,5;2027,5;0;4
15875;Campus Cachoeiro de Itapemirim;Técnico em Eletromecânica;Integrado;Ação Afirmativa;2025/1;2;3;28;2;2027,5;2027,5;0;4
15876;Campus Cachoeiro de Itapemirim;Técnico em Eletromecânica;Integrado;Ação Afirmativa;2025/1;2;3;28;2;2027,5;2027,5;0;4
15877;Campus Cachoeiro de Itapemirim;Técnico em Eletromecânica;Integrado;Ampla Concorrência;2025/1;2;3;28;2;2027,5;2027,5;0;4
15878;Campus Cachoeiro de Itapemirim;Técnico em Eletromecânica;Integrado;Ampla Concorrência;2025/1;2;3;28;2;2027,5;2027,5;0;4
15879;Campus Cachoeiro de Itapemirim;Técnico em Eletromecânica;Integrado;Ampla Concorrência;2025/1;2;3;28;2;2027,5;2027,5;0;4
15880;Campus Cachoeiro de Itapemirim;Técnico em Eletromecânica;Integrado;Ampla Concorrência;2025/1;2;3;28;2;2027,5;2027,5;0;4
15881;Campus Cachoeiro de Itapemirim;Técnico em Eletromecânica;Integrado;Ação Afirmativa;2025/1;2;3;28;2;2027,5;2027,5;0;4
15882;Campus Cachoeiro de Itapemirim;Técnico em Eletromecânica;Integrado;Ampla Concorrência;2025/1;2;3;28;2;2027,5;2027,5;0;4
15883;Campus Cachoeiro de Itapemirim;Técnico em Eletromecânica;Integrado;Ampla Concorrência;2025/1;2;3;28;2;2027,5;2027,5;0;4
15884;Campus Cachoeiro de Itapemirim;Técnico em Eletromecânica;Integrado;Ação Afirmativa;2025/1;2;3;28;2;2027,5;2027,5;0;4
15885;Campus Cachoeiro de Itapemirim;Técnico em Eletromecânica;Integrado;Ampla Concorrência;2025/1;2;3;28;2;2027,5;2027,5;0;4
15886;Campus Cachoeiro de Itapemirim;Técnico em Eletromecânica;Integrado;Ação Afirmativa;2025/1;2;3;28;2;2027,5;2027,5;0;4
15887;Campus Cachoeiro de Itapemirim;Técnico em Eletromecânica;Integrado;Ação Afirmativa;2025/1;2;3;28;2;2027,5;2027,5;0;4
15888;Campus Cachoeiro de Itapemirim;Técnico em Eletromecânica;Integrado;Ação Afirmativa;2025/1;2;3;28;2;2027,5;2027,5;0;4
15889;Campus Cachoeiro de Itapemirim;Técnico em Eletromecânica;Integrado;Ação Afirmativa;2025/1;1;3;30;3;2027,5;2028,5;1;4
15890;Campus Cachoeiro de Itapemirim;Técnico em Eletromecânica;Integrado;Ação Afirmativa;2025/1;2;3;28;2;2027,5;2027,5;0;4
15891;Campus Cachoeiro de Itapemirim;Técnico em Eletromecânica;Integrado;Ação Afirmativa;2025/1;1;3;29;3;2027,5;2028,5;1;4
15892;Campus Cachoeiro de Itapemirim;Técnico em Eletromecânica;Integrado;Ampla Concorrência;2025/1;2;3;28;2;2027,5;2027,5;0;4
15893;Campus Cachoeiro de Itapemirim;Técnico em Eletromecânica;Integrado;Ação Afirmativa;2025/1;2;3;28;2;2027,5;2027,5;0;4
15894;Campus Cachoeiro de Itapemirim;Técnico em Eletromecânica;Integrado;Ampla Concorrência;2025/1;2;3;28;2;2027,5;2027,5;0;4
15895;Campus Cachoeiro de Itapemirim;Técnico em Eletromecânica;Integrado;Ampla Concorrência;2025/1;2;3;28;2;2027,5;2027,5;0;4
15896;Campus Cachoeiro de Itapemirim;Técnico em Eletromecânica;Integrado;Ação Afirmativa;2025/1;2;3;28;2;2027,5;2027,5;0;4
15897;Campus Cachoeiro de Itapemirim;Técnico em Eletromecânica;Integrado;Ação Afirmativa;2025/1;2;3;28;2;2027,5;2027,5;0;4
15899;Campus Cachoeiro de Itapemirim;Técnico em Eletromecânica;Integrado;Ação Afirmativa;2025/1;1;3;29;3;2027,5;2028,5;1;4
15900;Campus Cachoeiro de Itapemirim;Técnico em Eletromecânica;Integrado;Ampla Concorrência;2025/1;2;3;28;2;2027,5;2027,5;0;4
15901;Campus Cachoeiro de Itapemirim;Técnico em Eletromecânica;Integrado;Ampla Concorrência;2025/1;2;3;28;2;2027,5;2027,5;0;4
15902;Campus Cachoeiro de Itapemirim;Técnico em Eletromecânica;Integrado;Ação Afirmativa;2025/1;2;3;28;2;2027,5;2027,5;0;4
15903;Campus Cachoeiro de Itapemirim;Técnico em Eletromecânica;Integrado;Ação Afirmativa;2025/1;2;3;28;2;2027,5;2027,5;0;4
15904;Campus Cachoeiro de Itapemirim;Técnico em Eletromecânica;Integrado;Ação Afirmativa;2025/1;2;3;28;2;2027,5;2027,5;0;4
15905;Campus Cachoeiro de Itapemirim;Técnico em Eletromecânica;Integrado;Ampla Concorrência;2025/1;2;3;28;2;2027,5;2027,5;0;4
15906;Campus Cachoeiro de Itapemirim;Técnico em Eletromecânica;Integrado;Outros;2025/1;1;4;31;4;2028,5;2029,5;1;4
15907;Campus Cachoeiro de Itapemirim;Engenharia de Minas;Superior;Ação Afirmativa;2025/1;1;10;82;5;2029,5;2031;1,5;5
15909;Campus Cachoeiro de Itapemirim;Engenharia de Minas;Superior;Ampla Concorrência;2025/1;1;10;66;5;2029,5;2031;1,5;5
15910;Campus Cachoeiro de Itapemirim;Engenharia de Minas;Superior;Ampla Concorrência;2025/1;1;10;66;5;2029,5;2031;1,5;5
15911;Campus Cachoeiro de Itapemirim;Engenharia de Minas;Superior;Ampla Concorrência;2025/1;1;10;66;5;2029,5;2031;1,5;5
15912;Campus Cachoeiro de Itapemirim;Engenharia de Minas;Superior;Ampla Concorrência;2025/1;1;10;67;5;2029,5;2031;1,5;5
15913;Campus Cachoeiro de Itapemirim;Engenharia de Minas;Superior;Ação Afirmativa;2025/1;4;10;65;3,5;2029,5;2029,5;0;5
15914;Campus Cachoeiro de Itapemirim;Engenharia de Minas;Superior;Ampla Concorrência;2025/1;1;10;67;5;2029,5;2031;1,5;5
15915;Campus Cachoeiro de Itapemirim;Engenharia de Minas;Superior;Ampla Concorrência;2025/1;1;10;70;5;2029,5;2031;1,5;5
15916;Campus Cachoeiro de Itapemirim;Engenharia de Minas;Superior;Ampla Concorrência;2025/1;1;10;70;5;2029,5;2031;1,5;5
15917;Campus Cachoeiro de Itapemirim;Engenharia de Minas;Superior;Ampla Concorrência;2025/1;1;10;66;5;2029,5;2031;1,5;5
15918;Campus Cachoeiro de Itapemirim;Engenharia de Minas;Superior;Ação Afirmativa;2025/1;1;10;72;5;2029,5;2031;1,5;5
15919;Campus Cachoeiro de Itapemirim;Engenharia de Minas;Superior;Ampla Concorrência;2025/1;1;10;66;5;2029,5;2031;1,5;5
15920;Campus Cachoeiro de Itapemirim;Engenharia de Minas;Superior;Ação Afirmativa;2025/1;1;10;68;5;2029,5;2031;1,5;5
15921;Campus Cachoeiro de Itapemirim;Engenharia de Minas;Superior;Ação Afirmativa;2025/1;1;10;77;5;2029,5;2031;1,5;5
15922;Campus Cachoeiro de Itapemirim;Engenharia de Minas;Superior;Ação Afirmativa;2025/1;1;10;72;5;2029,5;2031;1,5;5
15924;Campus Cachoeiro de Itapemirim;Engenharia de Minas;Superior;Ação Afirmativa;2025/1;1;10;72;5;2029,5;2031;1,5;5
15926;Campus Cachoeiro de Itapemirim;Engenharia de Minas;Superior;Ação Afirmativa;2025/1;1;10;72;5;2029,5;2031;1,5;5
15927;Campus Cachoeiro de Itapemirim;Engenharia de Minas;Superior;Ampla Concorrência;2025/1;1;10;70;5;2029,5;2031;1,5;5
15929;Campus Cachoeiro de Itapemirim;Engenharia de Minas;Superior;Ação Afirmativa;2025/1;1;10;72;5;2029,5;2031;1,5;5
15930;Campus Cachoeiro de Itapemirim;Engenharia de Minas;Superior;Ação Afirmativa;2025/1;1;10;67;5;2029,5;2031;1,5;5
15931;Campus Cachoeiro de Itapemirim;Engenharia de Minas;Superior;Ampla Concorrência;2025/1;1;10;69;5;2029,5;2031;1,5;5
15932;Campus Cachoeiro de Itapemirim;Engenharia de Minas;Superior;Ação Afirmativa;2025/1;1;10;71;5;2029,5;2031;1,5;5
15933;Campus Cachoeiro de Itapemirim;Engenharia de Minas;Superior;Ação Afirmativa;2025/1;1;10;74;5;2029,5;2031;1,5;5
15934;Campus Cachoeiro de Itapemirim;Engenharia de Minas;Superior;Ampla Concorrência;2025/1;1;10;74;5;2029,5;2031;1,5;5
15935;Campus Cachoeiro de Itapemirim;Engenharia de Minas;Superior;Ampla Concorrência;2025/1;1;10;76;5;2029,5;2031;1,5;5
15936;Campus Cachoeiro de Itapemirim;Engenharia de Minas;Superior;Ampla Concorrência;2025/1;1;10;82;5;2029,5;2031;1,5;5
15937;Campus Cachoeiro de Itapemirim;Engenharia de Minas;Superior;Outros;2025/1;1;10;59;5;2029,5;2031;1,5;5
15938;Campus Cachoeiro de Itapemirim;Engenharia Mecânica;Superior;Ampla Concorrência;2025/1;4;10;72;3,5;2029,5;2029,5;0;5
15939;Campus Cachoeiro de Itapemirim;Engenharia Mecânica;Superior;Ação Afirmativa;2025/1;1;10;80;5;2029,5;2031;1,5;5
15940;Campus Cachoeiro de Itapemirim;Engenharia Mecânica;Superior;Ampla Concorrência;2025/1;3;10;73;4;2029,5;2030;0,5;5
15941;Campus Cachoeiro de Itapemirim;Engenharia Mecânica;Superior;Ampla Concorrência;2025/1;1;10;85;5;2029,5;2031;1,5;5
15942;Campus Cachoeiro de Itapemirim;Engenharia Mecânica;Superior;Ação Afirmativa;2025/1;1;10;80;5;2029,5;2031;1,5;5
15943;Campus Cachoeiro de Itapemirim;Engenharia Mecânica;Superior;Ampla Concorrência;2025/1;3;10;73;4;2029,5;2030;0,5;5
15944;Campus Cachoeiro de Itapemirim;Engenharia Mecânica;Superior;Ampla Concorrência;2025/1;1;10;88;5;2029,5;2031;1,5;5
15945;Campus Cachoeiro de Itapemirim;Engenharia Mecânica;Superior;Ampla Concorrência;2025/1;2;10;78;4,5;2029,5;2030,5;1;5
15948;Campus Cachoeiro de Itapemirim;Engenharia Mecânica;Superior;Ação Afirmativa;2025/1;2;10;76;4,5;2029,5;2030,5;1;5
15950;Campus Cachoeiro de Itapemirim;Engenharia Mecânica;Superior;Ampla Concorrência;2025/1;2;10;78;4,5;2029,5;2030,5;1;5
15951;Campus Cachoeiro de Itapemirim;Engenharia Mecânica;Superior;Ampla Concorrência;2025/1;3;10;76;4;2029,5;2030;0,5;5
15952;Campus Cachoeiro de Itapemirim;Engenharia Mecânica;Superior;Ampla Concorrência;2025/1;1;10;78;5;2029,5;2031;1,5;5
15953;Campus Cachoeiro de Itapemirim;Engenharia Mecânica;Superior;Ampla Concorrência;2025/1;2;10;76;4,5;2029,5;2030,5;1;5
15954;Campus Cachoeiro de Itapemirim;Engenharia Mecânica;Superior;Ampla Concorrência;2025/1;1;10;78;5;2029,5;2031;1,5;5
15955;Campus Cachoeiro de Itapemirim;Engenharia Mecânica;Superior;Ampla Concorrência;2025/1;2;10;76;4,5;2029,5;2030,5;1;5
15957;Campus Cachoeiro de Itapemirim;Engenharia Mecânica;Superior;Ação Afirmativa;2025/1;1;10;79;5;2029,5;2031;1,5;5
15958;Campus Cachoeiro de Itapemirim;Engenharia Mecânica;Superior;Ampla Concorrência;2025/1;2;10;77;4,5;2029,5;2030,5;1;5
15960;Campus Cachoeiro de Itapemirim;Engenharia Mecânica;Superior;Ampla Concorrência;2025/1;4;10;72;3,5;2029,5;2029,5;0;5
15961;Campus Cachoeiro de Itapemirim;Engenharia Mecânica;Superior;Ação Afirmativa;2025/1;1;10;85;5;2029,5;2031;1,5;5
15962;Campus Cachoeiro de Itapemirim;Engenharia Mecânica;Superior;Ampla Concorrência;2025/1;2;10;60;4,5;2029,5;2030,5;1;5
15963;Campus Cachoeiro de Itapemirim;Engenharia Mecânica;Superior;Ação Afirmativa;2025/1;1;10;88;5;2029,5;2031;1,5;5
15964;Campus Cachoeiro de Itapemirim;Engenharia Mecânica;Superior;Ampla Concorrência;2025/1;1;10;83;5;2029,5;2031;1,5;5
15965;Campus Cachoeiro de Itapemirim;Engenharia Mecânica;Superior;Ampla Concorrência;2025/1;1;10;85;5;2029,5;2031;1,5;5
15966;Campus Cachoeiro de Itapemirim;Engenharia Mecânica;Superior;Ampla Concorrência;2025/1;1;10;80;5;2029,5;2031;1,5;5
15967;Campus Cachoeiro de Itapemirim;Engenharia Mecânica;Superior;Ampla Concorrência;2025/1;2;10;80;4,5;2029,5;2030,5;1;5
15969;Campus Cachoeiro de Itapemirim;Engenharia Mecânica;Superior;Outros;2025/1;1;10;91;5;2029,5;2031;1,5;5
15970;Campus Cachoeiro de Itapemirim;Técnico em Informática;Integrado;Outros;2025/1;3;4;25;2;2028,5;2027,5;-1;4
15971;Campus Cachoeiro de Itapemirim;Técnico em Informática para Internet;Concomitante;Ampla Concorrência;2025/1;4;4;6;0,5;2026,5;2026,5;0;2
15972;Campus Cachoeiro de Itapemirim;Técnico em Informática para Internet;Concomitante;Ampla Concorrência;2025/1;4;4;6;0,5;2026,5;2026,5;0;2
15975;Campus Cachoeiro de Itapemirim;Técnico em Informática para Internet;Concomitante;Ampla Concorrência;2025/1;4;4;6;0,5;2026,5;2026,5;0;2
15976;Campus Cachoeiro de Itapemirim;Técnico em Informática para Internet;Concomitante;Ampla Concorrência;2025/1;4;4;6;0,5;2026,5;2026,5;0;2
15977;Campus Cachoeiro de Itapemirim;Técnico em Informática para Internet;Concomitante;Ação Afirmativa;2025/1;1;4;14;2;2026,5;2028;1,5;2
15981;Campus Cachoeiro de Itapemirim;Técnico em Informática para Internet;Concomitante;Ação Afirmativa;2025/1;4;4;6;0,5;2026,5;2026,5;0;2
15982;Campus Cachoeiro de Itapemirim;Técnico em Informática para Internet;Concomitante;Ação Afirmativa;2025/1;4;4;6;0,5;2026,5;2026,5;0;2
15987;Campus Cachoeiro de Itapemirim;Técnico em Informática para Internet;Concomitante;Ampla Concorrência;2025/1;4;4;6;0,5;2026,5;2026,5;0;2
15991;Campus Cachoeiro de Itapemirim;Técnico em Informática para Internet;Concomitante;Ampla Concorrência;2025/1;4;4;6;0,5;2026,5;2026,5;0;2
15992;Campus Cachoeiro de Itapemirim;Técnico em Informática para Internet;Concomitante;Ampla Concorrência;2025/1;4;4;6;0,5;2026,5;2026,5;0;2
15993;Campus Cachoeiro de Itapemirim;Técnico em Informática para Internet;Concomitante;Ampla Concorrência;2025/1;4;4;6;0,5;2026,5;2026,5;0;2
15995;Campus Cachoeiro de Itapemirim;Técnico em Informática para Internet;Concomitante;Ampla Concorrência;2025/1;4;4;6;0,5;2026,5;2026,5;0;2
15997;Campus Cachoeiro de Itapemirim;Técnico em Informática para Internet;Concomitante;Ampla Concorrência;2025/1;4;4;6;0,5;2026,5;2026,5;0;2
16003;Campus Cachoeiro de Itapemirim;Técnico em Informática para Internet;Concomitante;Ampla Concorrência;2025/1;1;4;11;2;2026,5;2028;1,5;2
16004;Campus Cachoeiro de Itapemirim;Técnico em Informática para Internet;Concomitante;Ampla Concorrência;2025/1;4;4;6;0,5;2026,5;2026,5;0;2
16005;Campus Cachoeiro de Itapemirim;Técnico em Informática para Internet;Concomitante;Ampla Concorrência;2025/1;4;4;6;0,5;2026,5;2026,5;0;2
16015;Campus Cachoeiro de Itapemirim;Técnico em Informática para Internet;Integrado;Ampla Concorrência;2025/1;2;3;28;2;2027,5;2027,5;0;3
16016;Campus Cachoeiro de Itapemirim;Técnico em Informática para Internet;Integrado;Ação Afirmativa;2025/1;2;3;28;2;2027,5;2027,5;0;3
16017;Campus Cachoeiro de Itapemirim;Técnico em Informática para Internet;Integrado;Ampla Concorrência;2025/1;2;3;28;2;2027,5;2027,5;0;3
16018;Campus Cachoeiro de Itapemirim;Técnico em Informática para Internet;Integrado;Ampla Concorrência;2025/1;2;3;28;2;2027,5;2027,5;0;3
16019;Campus Cachoeiro de Itapemirim;Técnico em Informática para Internet;Integrado;Ação Afirmativa;2025/1;2;3;28;2;2027,5;2027,5;0;3
16020;Campus Cachoeiro de Itapemirim;Técnico em Informática para Internet;Integrado;Ampla Concorrência;2025/1;2;3;28;2;2027,5;2027,5;0;3
16021;Campus Cachoeiro de Itapemirim;Técnico em Informática para Internet;Integrado;Ampla Concorrência;2025/1;2;3;28;2;2027,5;2027,5;0;3
16022;Campus Cachoeiro de Itapemirim;Técnico em Informática para Internet;Integrado;Ampla Concorrência;2025/1;2;3;28;2;2027,5;2027,5;0;3
16023;Campus Cachoeiro de Itapemirim;Técnico em Informática para Internet;Integrado;Ampla Concorrência;2025/1;2;3;28;2;2027,5;2027,5;0;3
16024;Campus Cachoeiro de Itapemirim;Técnico em Informática para Internet;Integrado;Ação Afirmativa;2025/1;2;3;28;2;2027,5;2027,5;0;3
16025;Campus Cachoeiro de Itapemirim;Técnico em Informática para Internet;Integrado;Ampla Concorrência;2025/1;2;3;28;2;2027,5;2027,5;0;3
16026;Campus Cachoeiro de Itapemirim;Técnico em Informática para Internet;Integrado;Ação Afirmativa;2025/1;2;3;28;2;2027,5;2027,5;0;3
16027;Campus Cachoeiro de Itapemirim;Técnico em Informática para Internet;Integrado;Ação Afirmativa;2025/1;2;3;28;2;2027,5;2027,5;0;3
16028;Campus Cachoeiro de Itapemirim;Técnico em Informática para Internet;Integrado;Ampla Concorrência;2025/1;2;3;28;2;2027,5;2027,5;0;3
16029;Campus Cachoeiro de Itapemirim;Técnico em Informática para Internet;Integrado;Ampla Concorrência;2025/1;2;3;28;2;2027,5;2027,5;0;3
16030;Campus Cachoeiro de Itapemirim;Técnico em Informática para Internet;Integrado;Ampla Concorrência;2025/1;2;3;28;2;2027,5;2027,5;0;3
16031;Campus Cachoeiro de Itapemirim;Técnico em Informática para Internet;Integrado;Ampla Concorrência;2025/1;2;3;28;2;2027,5;2027,5;0;3
16032;Campus Cachoeiro de Itapemirim;Técnico em Informática para Internet;Integrado;Ampla Concorrência;2025/1;2;3;28;2;2027,5;2027,5;0;3
16033;Campus Cachoeiro de Itapemirim;Técnico em Informática para Internet;Integrado;Ampla Concorrência;2025/1;2;3;28;2;2027,5;2027,5;0;3
16034;Campus Cachoeiro de Itapemirim;Técnico em Informática para Internet;Integrado;Ampla Concorrência;2025/1;2;3;28;2;2027,5;2027,5;0;3
16035;Campus Cachoeiro de Itapemirim;Técnico em Informática para Internet;Integrado;Ampla Concorrência;2025/1;2;3;28;2;2027,5;2027,5;0;3
16036;Campus Cachoeiro de Itapemirim;Técnico em Informática para Internet;Integrado;Ampla Concorrência;2025/1;2;3;28;2;2027,5;2027,5;0;3
16037;Campus Cachoeiro de Itapemirim;Técnico em Informática para Internet;Integrado;Ampla Concorrência;2025/1;2;3;28;2;2027,5;2027,5;0;3
16038;Campus Cachoeiro de Itapemirim;Técnico em Informática para Internet;Integrado;Ampla Concorrência;2025/1;2;3;28;2;2027,5;2027,5;0;3
16039;Campus Cachoeiro de Itapemirim;Técnico em Informática para Internet;Integrado;Ação Afirmativa;2025/1;2;3;28;2;2027,5;2027,5;0;3
16040;Campus Cachoeiro de Itapemirim;Técnico em Informática para Internet;Integrado;Ação Afirmativa;2025/1;1;3;29;3;2027,5;2028,5;1;3
16041;Campus Cachoeiro de Itapemirim;Técnico em Informática para Internet;Integrado;Ação Afirmativa;2025/1;2;3;28;2;2027,5;2027,5;0;3
16042;Campus Cachoeiro de Itapemirim;Técnico em Informática para Internet;Integrado;Ação Afirmativa;2025/1;2;3;28;2;2027,5;2027,5;0;3
16043;Campus Cachoeiro de Itapemirim;Técnico em Informática para Internet;Integrado;Ação Afirmativa;2025/1;2;3;28;2;2027,5;2027,5;0;3
16044;Campus Cachoeiro de Itapemirim;Técnico em Informática para Internet;Integrado;Ação Afirmativa;2025/1;2;3;28;2;2027,5;2027,5;0;3
16045;Campus Cachoeiro de Itapemirim;Técnico em Informática para Internet;Integrado;Ação Afirmativa;2025/1;2;3;28;2;2027,5;2027,5;0;3
16046;Campus Cachoeiro de Itapemirim;Técnico em Informática para Internet;Integrado;Ação Afirmativa;2025/1;2;3;28;2;2027,5;2027,5;0;3
16047;Campus Cachoeiro de Itapemirim;Técnico em Informática para Internet;Integrado;Ação Afirmativa;2025/1;2;3;28;2;2027,5;2027,5;0;3
16048;Campus Cachoeiro de Itapemirim;Técnico em Informática para Internet;Integrado;Ação Afirmativa;2025/1;2;3;28;2;2027,5;2027,5;0;3
16049;Campus Cachoeiro de Itapemirim;Técnico em Informática para Internet;Integrado;Ação Afirmativa;2025/1;2;3;28;2;2027,5;2027,5;0;3
16050;Campus Cachoeiro de Itapemirim;Técnico em Informática para Internet;Integrado;Ação Afirmativa;2025/1;2;3;28;2;2027,5;2027,5;0;3
16051;Campus Cachoeiro de Itapemirim;Técnico em Informática para Internet;Integrado;Ação Afirmativa;2025/1;2;3;28;2;2027,5;2027,5;0;3
16052;Campus Cachoeiro de Itapemirim;Técnico em Informática para Internet;Integrado;Ação Afirmativa;2025/1;1;3;30;3;2027,5;2028,5;1;3
16053;Campus Cachoeiro de Itapemirim;Técnico em Informática para Internet;Integrado;Ação Afirmativa;2025/1;1;3;30;3;2027,5;2028,5;1;3
16054;Campus Cachoeiro de Itapemirim;Técnico em Informática para Internet;Integrado;Outros;2025/1;2;3;28;2;2027,5;2027,5;0;3
16055;Campus Cachoeiro de Itapemirim;Técnico em Informática para Internet;Integrado;Ampla Concorrência;2025/1;1;3;29;3;2027,5;2028,5;1;3
16056;Campus Cachoeiro de Itapemirim;Licenciatura em Matemática;Superior;Ampla Concorrência;2025/1;4;8;38;2,5;2028,5;2028,5;0;4
16057;Campus Cachoeiro de Itapemirim;Licenciatura em Matemática;Superior;Ação Afirmativa;2025/1;2;8;37;3,5;2028,5;2029,5;1;4
16058;Campus Cachoeiro de Itapemirim;Licenciatura em Matemática;Superior;Ampla Concorrência;2025/1;4;8;37;2,5;2028,5;2028,5;0;4
16059;Campus Cachoeiro de Itapemirim;Licenciatura em Matemática;Superior;Ação Afirmativa;2025/1;1;8;56;4;2028,5;2030;1,5;4
16060;Campus Cachoeiro de Itapemirim;Licenciatura em Matemática;Superior;Ampla Concorrência;2025/1;4;8;38;2,5;2028,5;2028,5;0;4
16061;Campus Cachoeiro de Itapemirim;Licenciatura em Matemática;Superior;Ação Afirmativa;2025/1;4;8;38;2,5;2028,5;2028,5;0;4
16062;Campus Cachoeiro de Itapemirim;Licenciatura em Matemática;Superior;Ação Afirmativa;2025/1;1;8;50;4;2028,5;2030;1,5;4
16063;Campus Cachoeiro de Itapemirim;Licenciatura em Matemática;Superior;Ampla Concorrência;2025/1;4;8;38;2,5;2028,5;2028,5;0;4
16064;Campus Cachoeiro de Itapemirim;Licenciatura em Matemática;Superior;Ampla Concorrência;2025/1;1;8;43;4;2028,5;2030;1,5;4
16065;Campus Cachoeiro de Itapemirim;Licenciatura em Matemática;Superior;Ampla Concorrência;2025/1;2;8;45;3,5;2028,5;2029,5;1;4
16066;Campus Cachoeiro de Itapemirim;Licenciatura em Matemática;Superior;Ação Afirmativa;2025/1;4;8;38;2,5;2028,5;2028,5;0;4
16067;Campus Cachoeiro de Itapemirim;Licenciatura em Matemática;Superior;Ampla Concorrência;2025/1;2;8;41;3,5;2028,5;2029,5;1;4
16068;Campus Cachoeiro de Itapemirim;Licenciatura em Matemática;Superior;Ação Afirmativa;2025/1;4;8;35;2,5;2028,5;2028,5;0;4
16069;Campus Cachoeiro de Itapemirim;Licenciatura em Matemática;Superior;Ação Afirmativa;2025/1;1;8;56;4;2028,5;2030;1,5;4
16070;Campus Cachoeiro de Itapemirim;Licenciatura em Matemática;Superior;Ação Afirmativa;2025/1;4;8;38;2,5;2028,5;2028,5;0;4
16071;Campus Cachoeiro de Itapemirim;Licenciatura em Matemática;Superior;Ampla Concorrência;2025/1;4;8;38;2,5;2028,5;2028,5;0;4
16072;Campus Cachoeiro de Itapemirim;Licenciatura em Matemática;Superior;Ação Afirmativa;2025/1;1;8;47;4;2028,5;2030;1,5;4
16073;Campus Cachoeiro de Itapemirim;Licenciatura em Matemática;Superior;Ampla Concorrência;2025/1;4;8;38;2,5;2028,5;2028,5;0;4
16074;Campus Cachoeiro de Itapemirim;Licenciatura em Matemática;Superior;Ação Afirmativa;2025/1;4;8;38;2,5;2028,5;2028,5;0;4
16076;Campus Cachoeiro de Itapemirim;Licenciatura em Matemática;Superior;Ampla Concorrência;2025/1;4;8;36;2,5;2028,5;2028,5;0;4
16077;Campus Cachoeiro de Itapemirim;Licenciatura em Matemática;Superior;Ampla Concorrência;2025/1;4;8;36;2,5;2028,5;2028,5;0;4
16078;Campus Cachoeiro de Itapemirim;Licenciatura em Matemática;Superior;Ampla Concorrência;2025/1;4;8;38;2,5;2028,5;2028,5;0;4
16079;Campus Cachoeiro de Itapemirim;Licenciatura em Matemática;Superior;Ampla Concorrência;2025/1;1;8;48;4;2028,5;2030;1,5;4
16080;Campus Cachoeiro de Itapemirim;Licenciatura em Matemática;Superior;Ação Afirmativa;2025/1;4;8;38;2,5;2028,5;2028,5;0;4
16081;Campus Cachoeiro de Itapemirim;Licenciatura em Matemática;Superior;Ampla Concorrência;2025/1;1;8;56;4;2028,5;2030;1,5;4
16082;Campus Cachoeiro de Itapemirim;Licenciatura em Matemática;Superior;Ação Afirmativa;2025/1;4;8;38;2,5;2028,5;2028,5;0;4
16083;Campus Cachoeiro de Itapemirim;Licenciatura em Matemática;Superior;Ação Afirmativa;2025/1;1;8;56;4;2028,5;2030;1,5;4
16084;Campus Cachoeiro de Itapemirim;Licenciatura em Matemática;Superior;Ampla Concorrência;2025/1;2;8;39;3,5;2028,5;2029,5;1;4
16085;Campus Cachoeiro de Itapemirim;Licenciatura em Matemática;Superior;Ampla Concorrência;2025/1;4;8;38;2,5;2028,5;2028,5;0;4
16086;Campus Cachoeiro de Itapemirim;Licenciatura em Matemática;Superior;Ampla Concorrência;2025/1;2;8;39;3,5;2028,5;2029,5;1;4
16087;Campus Cachoeiro de Itapemirim;Licenciatura em Matemática;Superior;Ampla Concorrência;2025/1;4;8;38;2,5;2028,5;2028,5;0;4
16088;Campus Cachoeiro de Itapemirim;Licenciatura em Matemática;Superior;Ampla Concorrência;2025/1;4;8;38;2,5;2028,5;2028,5;0;4
16089;Campus Cachoeiro de Itapemirim;Licenciatura em Matemática;Superior;Ampla Concorrência;2025/1;1;8;44;4;2028,5;2030;1,5;4
16090;Campus Cachoeiro de Itapemirim;Licenciatura em Matemática;Superior;Ampla Concorrência;2025/1;1;8;40;4;2028,5;2030;1,5;4
16091;Campus Cachoeiro de Itapemirim;Licenciatura em Matemática;Superior;Ampla Concorrência;2025/1;1;8;44;4;2028,5;2030;1,5;4
16092;Campus Cachoeiro de Itapemirim;Licenciatura em Matemática;Superior;Outros;2025/1;1;8;48;4;2028,5;2030;1,5;4
16093;Campus Cachoeiro de Itapemirim;Licenciatura em Matemática;Superior;Outros;2025/1;1;8;38;4;2028,5;2030;1,5;4
16094;Campus Cachoeiro de Itapemirim;Licenciatura em Matemática;Superior;Outros;2025/1;1;8;28;4;2028,5;2030;1,5;4
16099;Campus Cachoeiro de Itapemirim;Técnico em Mineração;Concomitante;Ação Afirmativa;2025/1;4;4;7;0,5;2026,5;2026,5;0;2
16101;Campus Cachoeiro de Itapemirim;Técnico em Mineração;Concomitante;Ampla Concorrência;2025/1;4;4;7;0,5;2026,5;2026,5;0;2
16105;Campus Cachoeiro de Itapemirim;Técnico em Mineração;Concomitante;Ampla Concorrência;2025/1;4;4;7;0,5;2026,5;2026,5;0;2
16106;Campus Cachoeiro de Itapemirim;Técnico em Mineração;Concomitante;Ampla Concorrência;2025/1;4;4;7;0,5;2026,5;2026,5;0;2
16118;Campus Cachoeiro de Itapemirim;Técnico em Mineração;Concomitante;Ampla Concorrência;2025/1;4;4;7;0,5;2026,5;2026,5;0;2
16120;Campus Cachoeiro de Itapemirim;Técnico em Mineração;Concomitante;Ampla Concorrência;2025/1;4;4;7;0,5;2026,5;2026,5;0;2
16121;Campus Cachoeiro de Itapemirim;Técnico em Mineração;Concomitante;Ampla Concorrência;2025/1;4;4;7;0,5;2026,5;2026,5;0;2
16124;Campus Cachoeiro de Itapemirim;Técnico em Mineração;Concomitante;Ampla Concorrência;2025/1;4;4;7;0,5;2026,5;2026,5;0;2
16125;Campus Cachoeiro de Itapemirim;Técnico em Mineração;Concomitante;Ampla Concorrência;2025/1;4;4;7;0,5;2026,5;2026,5;0;2
16126;Campus Cachoeiro de Itapemirim;Técnico em Mineração;Concomitante;Ampla Concorrência;2025/1;4;4;7;0,5;2026,5;2026,5;0;2
16127;Campus Cachoeiro de Itapemirim;Técnico em Mineração;Concomitante;Ampla Concorrência;2025/1;4;4;7;0,5;2026,5;2026,5;0;2
16129;Campus Cachoeiro de Itapemirim;Técnico em Mineração;Concomitante;Ampla Concorrência;2025/1;3;4;8;1;2026,5;2027;0,5;2
16160;Campus Cachoeiro de Itapemirim;Partiu IF;FIC;Ação Afirmativa;2025/1;1;1;4;0,5;2025,0;2026,5;1,5;0,5
16161;Campus Cachoeiro de Itapemirim;Partiu IF;FIC;Ação Afirmativa;2025/1;1;1;4;0,5;2025,0;2026,5;1,5;0,5
16162;Campus Cachoeiro de Itapemirim;Partiu IF;FIC;Ação Afirmativa;2025/1;1;1;4;0,5;2025,0;2026,5;1,5;0,5
16163;Campus Cachoeiro de Itapemirim;Partiu IF;FIC;Ação Afirmativa;2025/1;1;1;4;0,5;2025,0;2026,5;1,5;0,5
16164;Campus Cachoeiro de Itapemirim;Partiu IF;FIC;Ação Afirmativa;2025/1;1;1;4;0,5;2025,0;2026,5;1,5;0,5
16165;Campus Cachoeiro de Itapemirim;Partiu IF;FIC;Ação Afirmativa;2025/1;1;1;4;0,5;2025,0;2026,5;1,5;0,5
16166;Campus Cachoeiro de Itapemirim;Partiu IF;FIC;Ação Afirmativa;2025/1;1;1;4;0,5;2025,0;2026,5;1,5;0,5
16167;Campus Cachoeiro de Itapemirim;Partiu IF;FIC;Ação Afirmativa;2025/1;1;1;4;0,5;2025,0;2026,5;1,5;0,5
16168;Campus Cachoeiro de Itapemirim;Partiu IF;FIC;Ação Afirmativa;2025/1;1;1;4;0,5;2025,0;2026,5;1,5;0,5
16169;Campus Cachoeiro de Itapemirim;Partiu IF;FIC;Ação Afirmativa;2025/1;1;1;4;0,5;2025,0;2026,5;1,5;0,5
16170;Campus Cachoeiro de Itapemirim;Partiu IF;FIC;Ação Afirmativa;2025/1;1;1;4;0,5;2025,0;2026,5;1,5;0,5
16171;Campus Cachoeiro de Itapemirim;Partiu IF;FIC;Ação Afirmativa;2025/1;1;1;4;0,5;2025,0;2026,5;1,5;0,5
16172;Campus Cachoeiro de Itapemirim;Partiu IF;FIC;Ação Afirmativa;2025/1;1;1;4;0,5;2025,0;2026,5;1,5;0,5
16173;Campus Cachoeiro de Itapemirim;Partiu IF;FIC;Ação Afirmativa;2025/1;1;1;4;0,5;2025,0;2026,5;1,5;0,5
16174;Campus Cachoeiro de Itapemirim;Partiu IF;FIC;Ação Afirmativa;2025/1;1;1;4;0,5;2025,0;2026,5;1,5;0,5
16175;Campus Cachoeiro de Itapemirim;Partiu IF;FIC;Ação Afirmativa;2025/1;1;1;4;0,5;2025,0;2026,5;1,5;0,5
16176;Campus Cachoeiro de Itapemirim;Partiu IF;FIC;Ação Afirmativa;2025/1;1;1;4;0,5;2025,0;2026,5;1,5;0,5
16177;Campus Cachoeiro de Itapemirim;Partiu IF;FIC;Ação Afirmativa;2025/1;1;1;4;0,5;2025,0;2026,5;1,5;0,5
16178;Campus Cachoeiro de Itapemirim;Partiu IF;FIC;Ação Afirmativa;2025/1;1;1;4;0,5;2025,0;2026,5;1,5;0,5
16179;Campus Cachoeiro de Itapemirim;Partiu IF;FIC;Ação Afirmativa;2025/1;1;1;4;0,5;2025,0;2026,5;1,5;0,5
16180;Campus Cachoeiro de Itapemirim;Partiu IF;FIC;Ação Afirmativa;2025/1;1;1;4;0,5;2025,0;2026,5;1,5;0,5
16181;Campus Cachoeiro de Itapemirim;Partiu IF;FIC;Ação Afirmativa;2025/1;1;1;4;0,5;2025,0;2026,5;1,5;0,5
16182;Campus Cachoeiro de Itapemirim;Partiu IF;FIC;Ação Afirmativa;2025/1;1;1;4;0,5;2025,0;2026,5;1,5;0,5
16183;Campus Cachoeiro de Itapemirim;Partiu IF;FIC;Ação Afirmativa;2025/1;1;1;4;0,5;2025,0;2026,5;1,5;0,5
16184;Campus Cachoeiro de Itapemirim;Sistemas de Informação;Superior;Ampla Concorrência;2025/1;3;8;44;3;2028,5;2029;0,5;4
16185;Campus Cachoeiro de Itapemirim;Sistemas de Informação;Superior;Ampla Concorrência;2025/1;3;8;44;3;2028,5;2029;0,5;4
16186;Campus Cachoeiro de Itapemirim;Sistemas de Informação;Superior;Ampla Concorrência;2025/1;3;8;42;3;2028,5;2029;0,5;4
16187;Campus Cachoeiro de Itapemirim;Sistemas de Informação;Superior;Ampla Concorrência;2025/1;3;8;43;3;2028,5;2029;0,5;4
16190;Campus Cachoeiro de Itapemirim;Sistemas de Informação;Superior;Ampla Concorrência;2025/1;3;8;44;3;2028,5;2029;0,5;4
16191;Campus Cachoeiro de Itapemirim;Sistemas de Informação;Superior;Ampla Concorrência;2025/1;3;8;44;3;2028,5;2029;0,5;4
16192;Campus Cachoeiro de Itapemirim;Sistemas de Informação;Superior;Ampla Concorrência;2025/1;3;8;45;3;2028,5;2029;0,5;4
16193;Campus Cachoeiro de Itapemirim;Sistemas de Informação;Superior;Ampla Concorrência;2025/1;3;8;42;3;2028,5;2029;0,5;4
16194;Campus Cachoeiro de Itapemirim;Sistemas de Informação;Superior;Ação Afirmativa;2025/1;3;8;44;3;2028,5;2029;0,5;4
16195;Campus Cachoeiro de Itapemirim;Sistemas de Informação;Superior;Ampla Concorrência;2025/1;3;8;43;3;2028,5;2029;0,5;4
16196;Campus Cachoeiro de Itapemirim;Sistemas de Informação;Superior;Ampla Concorrência;2025/1;3;8;42;3;2028,5;2029;0,5;4
16197;Campus Cachoeiro de Itapemirim;Sistemas de Informação;Superior;Ação Afirmativa;2025/1;3;8;44;3;2028,5;2029;0,5;4
16198;Campus Cachoeiro de Itapemirim;Sistemas de Informação;Superior;Ampla Concorrência;2025/1;3;8;44;3;2028,5;2029;0,5;4
16199;Campus Cachoeiro de Itapemirim;Sistemas de Informação;Superior;Ampla Concorrência;2025/1;3;8;44;3;2028,5;2029;0,5;4
16200;Campus Cachoeiro de Itapemirim;Sistemas de Informação;Superior;Ação Afirmativa;2025/1;1;8;50;4;2028,5;2030;1,5;4
16201;Campus Cachoeiro de Itapemirim;Sistemas de Informação;Superior;Ação Afirmativa;2025/1;2;8;46;3,5;2028,5;2029,5;1;4
16202;Campus Cachoeiro de Itapemirim;Sistemas de Informação;Superior;Ampla Concorrência;2025/1;3;8;44;3;2028,5;2029;0,5;4
16203;Campus Cachoeiro de Itapemirim;Sistemas de Informação;Superior;Ação Afirmativa;2025/1;3;8;43;3;2028,5;2029;0,5;4
16205;Campus Cachoeiro de Itapemirim;Sistemas de Informação;Superior;Ação Afirmativa;2025/1;2;8;47;3,5;2028,5;2029,5;1;4
16206;Campus Cachoeiro de Itapemirim;Sistemas de Informação;Superior;Ampla Concorrência;2025/1;3;8;43;3;2028,5;2029;0,5;4
16209;Campus Cachoeiro de Itapemirim;Sistemas de Informação;Superior;Ação Afirmativa;2025/1;3;8;44;3;2028,5;2029;0,5;4
16210;Campus Cachoeiro de Itapemirim;Sistemas de Informação;Superior;Ação Afirmativa;2025/1;1;8;59;4;2028,5;2030;1,5;4
16211;Campus Cachoeiro de Itapemirim;Sistemas de Informação;Superior;Ampla Concorrência;2025/1;3;8;43;3;2028,5;2029;0,5;4
16212;Campus Cachoeiro de Itapemirim;Sistemas de Informação;Superior;Ampla Concorrência;2025/1;3;8;44;3;2028,5;2029;0,5;4
16213;Campus Cachoeiro de Itapemirim;Sistemas de Informação;Superior;Ação Afirmativa;2025/1;3;8;42;3;2028,5;2029;0,5;4
16214;Campus Cachoeiro de Itapemirim;Sistemas de Informação;Superior;Ação Afirmativa;2025/1;3;8;44;3;2028,5;2029;0,5;4
16215;Campus Cachoeiro de Itapemirim;Sistemas de Informação;Superior;Ampla Concorrência;2025/1;3;8;42;3;2028,5;2029;0,5;4
16216;Campus Cachoeiro de Itapemirim;Sistemas de Informação;Superior;Ampla Concorrência;2025/1;3;8;44;3;2028,5;2029;0,5;4
16217;Campus Cachoeiro de Itapemirim;Sistemas de Informação;Superior;Ampla Concorrência;2025/1;3;8;43;3;2028,5;2029;0,5;4
16218;Campus Cachoeiro de Itapemirim;Sistemas de Informação;Superior;Ampla Concorrência;2025/1;3;8;44;3;2028,5;2029;0,5;4
16220;Campus Cachoeiro de Itapemirim;Sistemas de Informação;Superior;Ampla Concorrência;2025/1;3;8;44;3;2028,5;2029;0,5;4
16221;Campus Cachoeiro de Itapemirim;Sistemas de Informação;Superior;Ampla Concorrência;2025/1;2;8;53;3,5;2028,5;2029,5;1;4
16222;Campus Cachoeiro de Itapemirim;Sistemas de Informação;Superior;Ampla Concorrência;2025/1;3;8;44;3;2028,5;2029;0,5;4
16223;Campus Cachoeiro de Itapemirim;Sistemas de Informação;Superior;Ampla Concorrência;2025/1;1;8;55;4;2028,5;2030;1,5;4
16224;Campus Cachoeiro de Itapemirim;Assistente Administrativo;FIC;Ampla Concorrência;2025/1;1;1;12;0,5;2025,0;2026,5;1,5;0,5
16225;Campus Cachoeiro de Itapemirim;Assistente Administrativo;FIC;Ampla Concorrência;2025/1;1;1;12;0,5;2025,0;2026,5;1,5;0,5
16226;Campus Cachoeiro de Itapemirim;Assistente Administrativo;FIC;Ampla Concorrência;2025/1;1;1;12;0,5;2025,0;2026,5;1,5;0,5
16227;Campus Cachoeiro de Itapemirim;Assistente Administrativo;FIC;Ampla Concorrência;2025/1;1;1;12;0,5;2025,0;2026,5;1,5;0,5
16228;Campus Cachoeiro de Itapemirim;Assistente Administrativo;FIC;Ampla Concorrência;2025/1;1;1;12;0,5;2025,0;2026,5;1,5;0,5
16229;Campus Cachoeiro de Itapemirim;Assistente Administrativo;FIC;Ampla Concorrência;2025/1;1;1;12;0,5;2025,0;2026,5;1,5;0,5
16230;Campus Cachoeiro de Itapemirim;Assistente Administrativo;FIC;Ampla Concorrência;2025/1;1;1;12;0,5;2025,0;2026,5;1,5;0,5
16231;Campus Cachoeiro de Itapemirim;Assistente Administrativo;FIC;Ampla Concorrência;2025/1;1;1;12;0,5;2025,0;2026,5;1,5;0,5
16232;Campus Cachoeiro de Itapemirim;Assistente Administrativo;FIC;Ampla Concorrência;2025/1;1;1;12;0,5;2025,0;2026,5;1,5;0,5
16233;Campus Cachoeiro de Itapemirim;Assistente Administrativo;FIC;Ampla Concorrência;2025/1;1;1;12;0,5;2025,0;2026,5;1,5;0,5
16234;Campus Cachoeiro de Itapemirim;Assistente Administrativo;FIC;Ampla Concorrência;2025/1;1;1;12;0,5;2025,0;2026,5;1,5;0,5
16235;Campus Cachoeiro de Itapemirim;Assistente Administrativo;FIC;Ampla Concorrência;2025/1;1;1;12;0,5;2025,0;2026,5;1,5;0,5
16236;Campus Cachoeiro de Itapemirim;Assistente Administrativo;FIC;Ampla Concorrência;2025/1;1;1;12;0,5;2025,0;2026,5;1,5;0,5
16237;Campus Cachoeiro de Itapemirim;Assistente Administrativo;FIC;Ampla Concorrência;2025/1;1;1;12;0,5;2025,0;2026,5;1,5;0,5
16238;Campus Cachoeiro de Itapemirim;Assistente Administrativo;FIC;Ampla Concorrência;2025/1;1;1;12;0,5;2025,0;2026,5;1,5;0,5
16239;Campus Cachoeiro de Itapemirim;Assistente Administrativo;FIC;Ampla Concorrência;2025/1;1;1;12;0,5;2025,0;2026,5;1,5;0,5
16240;Campus Cachoeiro de Itapemirim;Assistente Administrativo;FIC;Ampla Concorrência;2025/1;1;1;12;0,5;2025,0;2026,5;1,5;0,5
16241;Campus Cachoeiro de Itapemirim;Assistente Administrativo;FIC;Ampla Concorrência;2025/1;1;1;12;0,5;2025,0;2026,5;1,5;0,5
16242;Campus Cachoeiro de Itapemirim;Assistente Administrativo;FIC;Ampla Concorrência;2025/1;1;1;12;0,5;2025,0;2026,5;1,5;0,5
16243;Campus Cachoeiro de Itapemirim;Assistente Administrativo;FIC;Ampla Concorrência;2025/1;1;1;12;0,5;2025,0;2026,5;1,5;0,5
16244;Campus Cachoeiro de Itapemirim;Assistente Administrativo;FIC;Ampla Concorrência;2025/1;1;1;12;0,5;2025,0;2026,5;1,5;0,5
16245;Campus Cachoeiro de Itapemirim;Assistente Administrativo;FIC;Ampla Concorrência;2025/1;1;1;12;0,5;2025,0;2026,5;1,5;0,5
16246;Campus Cachoeiro de Itapemirim;Assistente Administrativo;FIC;Ampla Concorrência;2025/1;1;1;12;0,5;2025,0;2026,5;1,5;0,5
16247;Campus Cachoeiro de Itapemirim;Assistente Administrativo;FIC;Ampla Concorrência;2025/1;1;1;12;0,5;2025,0;2026,5;1,5;0,5
16248;Campus Cachoeiro de Itapemirim;Assistente Administrativo;FIC;Ampla Concorrência;2025/1;1;1;12;0,5;2025,0;2026,5;1,5;0,5
16249;Campus Cachoeiro de Itapemirim;Assistente Administrativo;FIC;Ampla Concorrência;2025/1;1;1;12;0,5;2025,0;2026,5;1,5;0,5
16250;Campus Cachoeiro de Itapemirim;Assistente Administrativo;FIC;Ampla Concorrência;2025/1;1;1;12;0,5;2025,0;2026,5;1,5;0,5
16251;Campus Cachoeiro de Itapemirim;Assistente Administrativo;FIC;Ampla Concorrência;2025/1;1;1;12;0,5;2025,0;2026,5;1,5;0,5
16252;Campus Cachoeiro de Itapemirim;Assistente Administrativo;FIC;Ampla Concorrência;2025/1;1;1;12;0,5;2025,0;2026,5;1,5;0,5
16253;Campus Cachoeiro de Itapemirim;Assistente Administrativo;FIC;Ampla Concorrência;2025/1;1;1;12;0,5;2025,0;2026,5;1,5;0,5
16254;Campus Cachoeiro de Itapemirim;Assistente Administrativo;FIC;Outros;2025/2;1;1;12;0,5;2025,5;2026,5;1;0,5
16255;Campus Cachoeiro de Itapemirim;Assistente Administrativo;FIC;Outros;2025/2;1;1;12;0,5;2025,5;2026,5;1;0,5
16256;Campus Cachoeiro de Itapemirim;Assistente Administrativo;FIC;Outros;2025/2;1;1;12;0,5;2025,5;2026,5;1;0,5
16257;Campus Cachoeiro de Itapemirim;Assistente Administrativo;FIC;Outros;2025/2;1;1;12;0,5;2025,5;2026,5;1;0,5
16258;Campus Cachoeiro de Itapemirim;Assistente Administrativo;FIC;Outros;2025/2;1;1;12;0,5;2025,5;2026,5;1;0,5
16259;Campus Cachoeiro de Itapemirim;Assistente Administrativo;FIC;Outros;2025/2;1;1;12;0,5;2025,5;2026,5;1;0,5
16260;Campus Cachoeiro de Itapemirim;Assistente Administrativo;FIC;Outros;2025/2;1;1;12;0,5;2025,5;2026,5;1;0,5
16261;Campus Cachoeiro de Itapemirim;Assistente Administrativo;FIC;Outros;2025/2;1;1;12;0,5;2025,5;2026,5;1;0,5
16262;Campus Cachoeiro de Itapemirim;Assistente Administrativo;FIC;Outros;2025/2;1;1;12;0,5;2025,5;2026,5;1;0,5
16263;Campus Cachoeiro de Itapemirim;Assistente Administrativo;FIC;Outros;2025/2;1;1;12;0,5;2025,5;2026,5;1;0,5
16264;Campus Cachoeiro de Itapemirim;Assistente Administrativo;FIC;Outros;2025/2;1;1;12;0,5;2025,5;2026,5;1;0,5
16265;Campus Cachoeiro de Itapemirim;Assistente Administrativo;FIC;Outros;2025/2;1;1;12;0,5;2025,5;2026,5;1;0,5
16266;Campus Cachoeiro de Itapemirim;Assistente Administrativo;FIC;Outros;2025/2;1;1;12;0,5;2025,5;2026,5;1;0,5
16267;Campus Cachoeiro de Itapemirim;Assistente Administrativo;FIC;Outros;2025/2;1;1;12;0,5;2025,5;2026,5;1;0,5
16268;Campus Cachoeiro de Itapemirim;Assistente Administrativo;FIC;Outros;2025/2;1;1;12;0,5;2025,5;2026,5;1;0,5
16269;Campus Cachoeiro de Itapemirim;Assistente Administrativo;FIC;Outros;2025/2;1;1;12;0,5;2025,5;2026,5;1;0,5
16270;Campus Cachoeiro de Itapemirim;Assistente Administrativo;FIC;Outros;2025/2;1;1;12;0,5;2025,5;2026,5;1;0,5
16272;Campus Cachoeiro de Itapemirim;Técnico em Eletromecânica;Concomitante;Ampla Concorrência;2025/2;3;4;14;1;2027,0;2027;0;2
16273;Campus Cachoeiro de Itapemirim;Técnico em Eletromecânica;Concomitante;Ampla Concorrência;2025/2;2;4;15;1,5;2027,0;2027,5;0,5;2
16274;Campus Cachoeiro de Itapemirim;Técnico em Eletromecânica;Concomitante;Ampla Concorrência;2025/2;2;4;15;1,5;2027,0;2027,5;0,5;2
16275;Campus Cachoeiro de Itapemirim;Técnico em Eletromecânica;Concomitante;Ampla Concorrência;2025/2;3;4;14;1;2027,0;2027;0;2
16277;Campus Cachoeiro de Itapemirim;Técnico em Eletromecânica;Concomitante;Ampla Concorrência;2025/2;2;4;21;1,5;2027,0;2027,5;0,5;2
16280;Campus Cachoeiro de Itapemirim;Técnico em Eletromecânica;Concomitante;Ampla Concorrência;2025/2;3;4;14;1;2027,0;2027;0;2
16285;Campus Cachoeiro de Itapemirim;Técnico em Eletromecânica;Concomitante;Ampla Concorrência;2025/2;2;4;15;1,5;2027,0;2027,5;0,5;2
16286;Campus Cachoeiro de Itapemirim;Técnico em Eletromecânica;Concomitante;Ampla Concorrência;2025/2;1;4;16;2;2027,0;2028;1;2
16292;Campus Cachoeiro de Itapemirim;Técnico em Eletromecânica;Concomitante;Ampla Concorrência;2025/2;3;4;14;1;2027,0;2027;0;2
16301;Campus Cachoeiro de Itapemirim;Técnico em Eletromecânica;Integrado;Outros;2025/1;1;3;42;3;2027,5;2028,5;1;4
16302;Campus Cachoeiro de Itapemirim;Engenharia de Minas;Superior;Outros;2025/2;1;10;77;5;2030,0;2031;1;5
16303;Campus Cachoeiro de Itapemirim;Engenharia Mecânica;Superior;Outros;2025/2;1;10;74;5;2030,0;2031;1;5
16305;Campus Cachoeiro de Itapemirim;Técnico em Informática para Internet;Concomitante;Ampla Concorrência;2025/2;3;4;10;1;2027,0;2027;0;2
16306;Campus Cachoeiro de Itapemirim;Técnico em Informática para Internet;Concomitante;Ampla Concorrência;2025/2;3;4;10;1;2027,0;2027;0;2
16307;Campus Cachoeiro de Itapemirim;Técnico em Informática para Internet;Concomitante;Ampla Concorrência;2025/2;2;4;14;1,5;2027,0;2027,5;0,5;2
16308;Campus Cachoeiro de Itapemirim;Técnico em Informática para Internet;Concomitante;Ampla Concorrência;2025/2;3;4;10;1;2027,0;2027;0;2
16309;Campus Cachoeiro de Itapemirim;Técnico em Informática para Internet;Concomitante;Ampla Concorrência;2025/2;3;4;10;1;2027,0;2027;0;2
16310;Campus Cachoeiro de Itapemirim;Técnico em Informática para Internet;Concomitante;Ampla Concorrência;2025/2;3;4;10;1;2027,0;2027;0;2
16313;Campus Cachoeiro de Itapemirim;Técnico em Informática para Internet;Concomitante;Ampla Concorrência;2025/2;3;4;10;1;2027,0;2027;0;2
16314;Campus Cachoeiro de Itapemirim;Técnico em Informática para Internet;Concomitante;Ampla Concorrência;2025/2;1;4;14;2;2027,0;2028;1;2
16315;Campus Cachoeiro de Itapemirim;Técnico em Informática para Internet;Concomitante;Ampla Concorrência;2025/2;2;4;11;1,5;2027,0;2027,5;0,5;2
16317;Campus Cachoeiro de Itapemirim;Técnico em Informática para Internet;Concomitante;Ampla Concorrência;2025/2;3;4;10;1;2027,0;2027;0;2
16318;Campus Cachoeiro de Itapemirim;Técnico em Informática para Internet;Concomitante;Ampla Concorrência;2025/2;1;4;14;2;2027,0;2028;1;2
16320;Campus Cachoeiro de Itapemirim;Técnico em Informática para Internet;Concomitante;Ampla Concorrência;2025/2;2;4;14;1,5;2027,0;2027,5;0,5;2
16321;Campus Cachoeiro de Itapemirim;Técnico em Informática para Internet;Concomitante;Ampla Concorrência;2025/2;1;4;15;2;2027,0;2028;1;2
16322;Campus Cachoeiro de Itapemirim;Licenciatura em Matemática;Superior;Outros;2025/2;1;8;42;4;2029,0;2030;1;4
16323;Campus Cachoeiro de Itapemirim;Licenciatura em Matemática;Superior;Outros;2025/2;1;8;42;4;2029,0;2030;1;4
16324;Campus Cachoeiro de Itapemirim;Técnico em Mineração;Concomitante;Ampla Concorrência;2025/2;3;4;11;1;2027,0;2027;0;2
16325;Campus Cachoeiro de Itapemirim;Técnico em Mineração;Concomitante;Ampla Concorrência;2025/2;3;4;11;1;2027,0;2027;0;2
16326;Campus Cachoeiro de Itapemirim;Técnico em Mineração;Concomitante;Ampla Concorrência;2025/2;3;4;11;1;2027,0;2027;0;2
16327;Campus Cachoeiro de Itapemirim;Técnico em Mineração;Concomitante;Ampla Concorrência;2025/2;3;4;11;1;2027,0;2027;0;2
16330;Campus Cachoeiro de Itapemirim;Técnico em Mineração;Concomitante;Ampla Concorrência;2025/2;3;4;11;1;2027,0;2027;0;2
16331;Campus Cachoeiro de Itapemirim;Técnico em Mineração;Concomitante;Ampla Concorrência;2025/2;3;4;11;1;2027,0;2027;0;2
16333;Campus Cachoeiro de Itapemirim;Técnico em Mineração;Concomitante;Ampla Concorrência;2025/2;3;4;11;1;2027,0;2027;0;2
16334;Campus Cachoeiro de Itapemirim;Técnico em Mineração;Concomitante;Ampla Concorrência;2025/2;3;4;11;1;2027,0;2027;0;2
16341;Campus Cachoeiro de Itapemirim;Técnico em Mineração;Concomitante;Ampla Concorrência;2025/2;3;4;11;1;2027,0;2027;0;2
16342;Campus Cachoeiro de Itapemirim;Técnico em Mineração;Concomitante;Ampla Concorrência;2025/2;3;4;11;1;2027,0;2027;0;2
16377;Campus Cachoeiro de Itapemirim;Sistemas de Informação;Superior;Outros;2025/2;1;8;49;4;2029,0;2030;1;4
16379;Campus Cachoeiro de Itapemirim;Sistemas de Informação;Superior;Outros;2025/2;1;8;55;4;2029,0;2030;1;4
16382;Campus Cachoeiro de Itapemirim;Técnico em Mecânica Intercomplementar;Concomitante;Ampla Concorrência;2025/2;3;4;12;1;2027,0;2027;0;2
16383;Campus Cachoeiro de Itapemirim;Técnico em Mecânica Intercomplementar;Concomitante;Ampla Concorrência;2025/2;2;4;14;1,5;2027,0;2027,5;0,5;2
16384;Campus Cachoeiro de Itapemirim;Técnico em Mecânica Intercomplementar;Concomitante;Ampla Concorrência;2025/2;3;4;12;1;2027,0;2027;0;2
16385;Campus Cachoeiro de Itapemirim;Técnico em Mecânica Intercomplementar;Concomitante;Ação Afirmativa;2025/2;2;4;14;1,5;2027,0;2027,5;0,5;2
16386;Campus Cachoeiro de Itapemirim;Técnico em Mecânica Intercomplementar;Concomitante;Ampla Concorrência;2025/2;2;4;13;1,5;2027,0;2027,5;0,5;2
16387;Campus Cachoeiro de Itapemirim;Técnico em Mecânica Intercomplementar;Concomitante;Ampla Concorrência;2025/2;2;4;13;1,5;2027,0;2027,5;0,5;2
16388;Campus Cachoeiro de Itapemirim;Técnico em Mecânica Intercomplementar;Concomitante;Ampla Concorrência;2025/2;3;4;12;1;2027,0;2027;0;2
16389;Campus Cachoeiro de Itapemirim;Técnico em Mecânica Intercomplementar;Concomitante;Ampla Concorrência;2025/2;3;4;12;1;2027,0;2027;0;2
16390;Campus Cachoeiro de Itapemirim;Técnico em Mecânica Intercomplementar;Concomitante;Ação Afirmativa;2025/2;2;4;17;1,5;2027,0;2027,5;0,5;2
16392;Campus Cachoeiro de Itapemirim;Técnico em Mecânica Intercomplementar;Concomitante;Ampla Concorrência;2025/2;2;4;14;1,5;2027,0;2027,5;0,5;2
16394;Campus Cachoeiro de Itapemirim;Técnico em Mecânica Intercomplementar;Concomitante;Ampla Concorrência;2025/2;3;4;12;1;2027,0;2027;0;2
16395;Campus Cachoeiro de Itapemirim;Técnico em Mecânica Intercomplementar;Concomitante;Ampla Concorrência;2025/2;3;4;12;1;2027,0;2027;0;2
16398;Campus Cachoeiro de Itapemirim;Técnico em Mecânica Intercomplementar;Concomitante;Ação Afirmativa;2025/2;2;4;14;1,5;2027,0;2027,5;0,5;2
16400;Campus Cachoeiro de Itapemirim;Técnico em Mecânica Intercomplementar;Concomitante;Ampla Concorrência;2025/2;3;4;12;1;2027,0;2027;0;2
16401;Campus Cachoeiro de Itapemirim;Técnico em Mecânica Intercomplementar;Concomitante;Ampla Concorrência;2025/2;2;4;13;1,5;2027,0;2027,5;0,5;2
16402;Campus Cachoeiro de Itapemirim;Técnico em Mineração Intercomplementar;Concomitante;Ampla Concorrência;2025/2;3;4;10;1;2027,0;2027;0;2
16403;Campus Cachoeiro de Itapemirim;Técnico em Mineração Intercomplementar;Concomitante;Ampla Concorrência;2025/2;3;4;10;1;2027,0;2027;0;2
16404;Campus Cachoeiro de Itapemirim;Técnico em Mineração Intercomplementar;Concomitante;Ampla Concorrência;2025/2;3;4;10;1;2027,0;2027;0;2
16405;Campus Cachoeiro de Itapemirim;Técnico em Mineração Intercomplementar;Concomitante;Ampla Concorrência;2025/2;3;4;10;1;2027,0;2027;0;2
16406;Campus Cachoeiro de Itapemirim;Técnico em Mineração Intercomplementar;Concomitante;Ação Afirmativa;2025/2;3;4;10;1;2027,0;2027;0;2
16407;Campus Cachoeiro de Itapemirim;Técnico em Mineração Intercomplementar;Concomitante;Ampla Concorrência;2025/2;3;4;10;1;2027,0;2027;0;2
16408;Campus Cachoeiro de Itapemirim;Técnico em Mineração Intercomplementar;Concomitante;Ampla Concorrência;2025/2;3;4;10;1;2027,0;2027;0;2
16409;Campus Cachoeiro de Itapemirim;Técnico em Mineração Intercomplementar;Concomitante;Ampla Concorrência;2025/2;3;4;10;1;2027,0;2027;0;2
16410;Campus Cachoeiro de Itapemirim;Técnico em Mineração Intercomplementar;Concomitante;Ação Afirmativa;2025/2;3;4;10;1;2027,0;2027;0;2
16411;Campus Cachoeiro de Itapemirim;Técnico em Mineração Intercomplementar;Concomitante;Ampla Concorrência;2025/2;3;4;10;1;2027,0;2027;0;2
16413;Campus Cachoeiro de Itapemirim;Técnico em Mineração Intercomplementar;Concomitante;Ampla Concorrência;2025/2;3;4;10;1;2027,0;2027;0;2
16414;Campus Cachoeiro de Itapemirim;Técnico em Mineração Intercomplementar;Concomitante;Ampla Concorrência;2025/2;3;4;10;1;2027,0;2027;0;2
16415;Campus Cachoeiro de Itapemirim;Técnico em Mineração Intercomplementar;Concomitante;Ação Afirmativa;2025/2;2;4;15;1,5;2027,0;2027,5;0,5;2
16416;Campus Cachoeiro de Itapemirim;Técnico em Mineração Intercomplementar;Concomitante;Ampla Concorrência;2025/2;3;4;10;1;2027,0;2027;0;2
16417;Campus Cachoeiro de Itapemirim;Técnico em Mineração Intercomplementar;Concomitante;Ampla Concorrência;2025/2;3;4;10;1;2027,0;2027;0;2
16418;Campus Cachoeiro de Itapemirim;Técnico em Mineração Intercomplementar;Concomitante;Ampla Concorrência;2025/2;3;4;10;1;2027,0;2027;0;2
16419;Campus Cachoeiro de Itapemirim;Técnico em Mineração Intercomplementar;Concomitante;Ação Afirmativa;2025/2;3;4;10;1;2027,0;2027;0;2
16420;Campus Cachoeiro de Itapemirim;Técnico em Mineração Intercomplementar;Concomitante;Ampla Concorrência;2025/2;3;4;10;1;2027,0;2027;0;2
16421;Campus Cachoeiro de Itapemirim;Técnico em Mineração Intercomplementar;Concomitante;Ação Afirmativa;2025/2;2;4;11;1,5;2027,0;2027,5;0,5;2
16422;Campus Cachoeiro de Itapemirim;Técnico em Eletromecânica;Concomitante;Ampla Concorrência;2026/1;2;4;21;1,5;2027,5;2027,5;0;2
16424;Campus Cachoeiro de Itapemirim;Técnico em Eletromecânica;Concomitante;Ampla Concorrência;2026/1;2;4;21;1,5;2027,5;2027,5;0;2
16426;Campus Cachoeiro de Itapemirim;Técnico em Eletromecânica;Concomitante;Ampla Concorrência;2026/1;2;4;21;1,5;2027,5;2027,5;0;2
16432;Campus Cachoeiro de Itapemirim;Técnico em Eletromecânica;Concomitante;Ampla Concorrência;2026/1;2;4;21;1,5;2027,5;2027,5;0;2
16433;Campus Cachoeiro de Itapemirim;Técnico em Eletromecânica;Concomitante;Ampla Concorrência;2026/1;2;4;21;1,5;2027,5;2027,5;0;2
16436;Campus Cachoeiro de Itapemirim;Técnico em Eletromecânica;Concomitante;Ampla Concorrência;2026/1;2;4;21;1,5;2027,5;2027,5;0;2
16438;Campus Cachoeiro de Itapemirim;Técnico em Eletromecânica;Concomitante;Ampla Concorrência;2026/1;2;4;21;1,5;2027,5;2027,5;0;2
16439;Campus Cachoeiro de Itapemirim;Técnico em Eletromecânica;Concomitante;Ampla Concorrência;2026/1;2;4;21;1,5;2027,5;2027,5;0;2
16440;Campus Cachoeiro de Itapemirim;Técnico em Eletromecânica;Concomitante;Ampla Concorrência;2026/1;2;4;21;1,5;2027,5;2027,5;0;2
16443;Campus Cachoeiro de Itapemirim;Técnico em Eletromecânica;Concomitante;Ampla Concorrência;2026/1;2;4;21;1,5;2027,5;2027,5;0;2
16444;Campus Cachoeiro de Itapemirim;Técnico em Eletromecânica;Concomitante;Ampla Concorrência;2026/1;2;4;21;1,5;2027,5;2027,5;0;2
16445;Campus Cachoeiro de Itapemirim;Técnico em Eletromecânica;Concomitante;Ampla Concorrência;2026/1;2;4;21;1,5;2027,5;2027,5;0;2
16447;Campus Cachoeiro de Itapemirim;Técnico em Eletromecânica;Concomitante;Ampla Concorrência;2026/1;1;4;23;2;2027,5;2028;0,5;2
16449;Campus Cachoeiro de Itapemirim;Técnico em Eletromecânica;Concomitante;Ampla Concorrência;2026/1;2;4;21;1,5;2027,5;2027,5;0;2
16451;Campus Cachoeiro de Itapemirim;Técnico em Eletromecânica;Concomitante;Ampla Concorrência;2026/1;2;4;21;1,5;2027,5;2027,5;0;2
16452;Campus Cachoeiro de Itapemirim;Técnico em Eletromecânica;Concomitante;Ampla Concorrência;2026/1;2;4;21;1,5;2027,5;2027,5;0;2
16457;Campus Cachoeiro de Itapemirim;Técnico em Eletromecânica;Concomitante;Ampla Concorrência;2026/1;2;4;21;1,5;2027,5;2027,5;0;2
16459;Campus Cachoeiro de Itapemirim;Técnico em Eletromecânica;Integrado;Ampla Concorrência;2026/1;1;3;42;3;2028,5;2028,5;0;4
16460;Campus Cachoeiro de Itapemirim;Técnico em Eletromecânica;Integrado;Ação Afirmativa;2026/1;1;3;42;3;2028,5;2028,5;0;4
16461;Campus Cachoeiro de Itapemirim;Técnico em Eletromecânica;Integrado;Ampla Concorrência;2026/1;1;3;42;3;2028,5;2028,5;0;4
16462;Campus Cachoeiro de Itapemirim;Técnico em Eletromecânica;Integrado;Ação Afirmativa;2026/1;1;3;42;3;2028,5;2028,5;0;4
16463;Campus Cachoeiro de Itapemirim;Técnico em Eletromecânica;Integrado;Ampla Concorrência;2026/1;1;3;42;3;2028,5;2028,5;0;4
16464;Campus Cachoeiro de Itapemirim;Técnico em Eletromecânica;Integrado;Ação Afirmativa;2026/1;1;3;42;3;2028,5;2028,5;0;4
16465;Campus Cachoeiro de Itapemirim;Técnico em Eletromecânica;Integrado;Ampla Concorrência;2026/1;1;3;42;3;2028,5;2028,5;0;4
16466;Campus Cachoeiro de Itapemirim;Técnico em Eletromecânica;Integrado;Ação Afirmativa;2026/1;1;3;42;3;2028,5;2028,5;0;4
16467;Campus Cachoeiro de Itapemirim;Técnico em Eletromecânica;Integrado;Ampla Concorrência;2026/1;1;3;42;3;2028,5;2028,5;0;4
16468;Campus Cachoeiro de Itapemirim;Técnico em Eletromecânica;Integrado;Ampla Concorrência;2026/1;1;3;42;3;2028,5;2028,5;0;4
16469;Campus Cachoeiro de Itapemirim;Técnico em Eletromecânica;Integrado;Ação Afirmativa;2026/1;1;3;42;3;2028,5;2028,5;0;4
16470;Campus Cachoeiro de Itapemirim;Técnico em Eletromecânica;Integrado;Ação Afirmativa;2026/1;1;3;42;3;2028,5;2028,5;0;4
16471;Campus Cachoeiro de Itapemirim;Técnico em Eletromecânica;Integrado;Ampla Concorrência;2026/1;1;3;42;3;2028,5;2028,5;0;4
16472;Campus Cachoeiro de Itapemirim;Técnico em Eletromecânica;Integrado;Ação Afirmativa;2026/1;1;3;42;3;2028,5;2028,5;0;4
16473;Campus Cachoeiro de Itapemirim;Técnico em Eletromecânica;Integrado;Ação Afirmativa;2026/1;1;3;42;3;2028,5;2028,5;0;4
16474;Campus Cachoeiro de Itapemirim;Técnico em Eletromecânica;Integrado;Ampla Concorrência;2026/1;1;3;42;3;2028,5;2028,5;0;4
16475;Campus Cachoeiro de Itapemirim;Técnico em Eletromecânica;Integrado;Ampla Concorrência;2026/1;1;3;42;3;2028,5;2028,5;0;4
16476;Campus Cachoeiro de Itapemirim;Técnico em Eletromecânica;Integrado;Ação Afirmativa;2026/1;1;3;42;3;2028,5;2028,5;0;4
16477;Campus Cachoeiro de Itapemirim;Técnico em Eletromecânica;Integrado;Ação Afirmativa;2026/1;1;3;42;3;2028,5;2028,5;0;4
16478;Campus Cachoeiro de Itapemirim;Técnico em Eletromecânica;Integrado;Ação Afirmativa;2026/1;1;3;42;3;2028,5;2028,5;0;4
16479;Campus Cachoeiro de Itapemirim;Técnico em Eletromecânica;Integrado;Ampla Concorrência;2026/1;1;3;42;3;2028,5;2028,5;0;4
16480;Campus Cachoeiro de Itapemirim;Técnico em Eletromecânica;Integrado;Ação Afirmativa;2026/1;1;3;42;3;2028,5;2028,5;0;4
16481;Campus Cachoeiro de Itapemirim;Técnico em Eletromecânica;Integrado;Ampla Concorrência;2026/1;1;3;42;3;2028,5;2028,5;0;4
16482;Campus Cachoeiro de Itapemirim;Técnico em Eletromecânica;Integrado;Ampla Concorrência;2026/1;1;3;42;3;2028,5;2028,5;0;4
16483;Campus Cachoeiro de Itapemirim;Técnico em Eletromecânica;Integrado;Ação Afirmativa;2026/1;1;3;42;3;2028,5;2028,5;0;4
16484;Campus Cachoeiro de Itapemirim;Técnico em Eletromecânica;Integrado;Ação Afirmativa;2026/1;1;3;42;3;2028,5;2028,5;0;4
16485;Campus Cachoeiro de Itapemirim;Técnico em Eletromecânica;Integrado;Ação Afirmativa;2026/1;1;3;42;3;2028,5;2028,5;0;4
16486;Campus Cachoeiro de Itapemirim;Técnico em Eletromecânica;Integrado;Ampla Concorrência;2026/1;1;3;42;3;2028,5;2028,5;0;4
16487;Campus Cachoeiro de Itapemirim;Técnico em Eletromecânica;Integrado;Ampla Concorrência;2026/1;1;3;42;3;2028,5;2028,5;0;4
16488;Campus Cachoeiro de Itapemirim;Técnico em Eletromecânica;Integrado;Ação Afirmativa;2026/1;1;3;42;3;2028,5;2028,5;0;4
16489;Campus Cachoeiro de Itapemirim;Técnico em Eletromecânica;Integrado;Ampla Concorrência;2026/1;1;3;42;3;2028,5;2028,5;0;4
16490;Campus Cachoeiro de Itapemirim;Técnico em Eletromecânica;Integrado;Ação Afirmativa;2026/1;1;3;42;3;2028,5;2028,5;0;4
16491;Campus Cachoeiro de Itapemirim;Técnico em Eletromecânica;Integrado;Ação Afirmativa;2026/1;1;3;42;3;2028,5;2028,5;0;4
16492;Campus Cachoeiro de Itapemirim;Técnico em Eletromecânica;Integrado;Ampla Concorrência;2026/1;1;3;42;3;2028,5;2028,5;0;4
16493;Campus Cachoeiro de Itapemirim;Técnico em Eletromecânica;Integrado;Ampla Concorrência;2026/1;1;3;42;3;2028,5;2028,5;0;4
16494;Campus Cachoeiro de Itapemirim;Técnico em Eletromecânica;Integrado;Ação Afirmativa;2026/1;1;3;42;3;2028,5;2028,5;0;4
16495;Campus Cachoeiro de Itapemirim;Técnico em Eletromecânica;Integrado;Ampla Concorrência;2026/1;1;3;42;3;2028,5;2028,5;0;4
16496;Campus Cachoeiro de Itapemirim;Técnico em Eletromecânica;Integrado;Ação Afirmativa;2026/1;1;3;42;3;2028,5;2028,5;0;4
16497;Campus Cachoeiro de Itapemirim;Técnico em Eletromecânica;Integrado;Ação Afirmativa;2026/1;1;3;42;3;2028,5;2028,5;0;4
16498;Campus Cachoeiro de Itapemirim;Técnico em Eletromecânica;Integrado;Ampla Concorrência;2026/1;1;3;42;3;2028,5;2028,5;0;4
16499;Campus Cachoeiro de Itapemirim;Engenharia de Minas;Superior;Ação Afirmativa;2026/1;1;10;81;5;2030,5;2031;0,5;5
16500;Campus Cachoeiro de Itapemirim;Engenharia de Minas;Superior;Ação Afirmativa;2026/1;1;10;79;5;2030,5;2031;0,5;5
16501;Campus Cachoeiro de Itapemirim;Engenharia de Minas;Superior;Ação Afirmativa;2026/1;1;10;79;5;2030,5;2031;0,5;5
16503;Campus Cachoeiro de Itapemirim;Engenharia de Minas;Superior;Ação Afirmativa;2026/1;1;10;81;5;2030,5;2031;0,5;5
16504;Campus Cachoeiro de Itapemirim;Engenharia de Minas;Superior;Ação Afirmativa;2026/1;1;10;82;5;2030,5;2031;0,5;5
16505;Campus Cachoeiro de Itapemirim;Engenharia de Minas;Superior;Ação Afirmativa;2026/1;1;10;80;5;2030,5;2031;0,5;5
16507;Campus Cachoeiro de Itapemirim;Engenharia de Minas;Superior;Ampla Concorrência;2026/1;1;10;85;5;2030,5;2031;0,5;5
16508;Campus Cachoeiro de Itapemirim;Engenharia de Minas;Superior;Ação Afirmativa;2026/1;1;10;79;5;2030,5;2031;0,5;5
16509;Campus Cachoeiro de Itapemirim;Engenharia de Minas;Superior;Ação Afirmativa;2026/1;1;10;85;5;2030,5;2031;0,5;5
16510;Campus Cachoeiro de Itapemirim;Engenharia de Minas;Superior;Ação Afirmativa;2026/1;1;10;81;5;2030,5;2031;0,5;5
16511;Campus Cachoeiro de Itapemirim;Engenharia de Minas;Superior;Ação Afirmativa;2026/1;1;10;80;5;2030,5;2031;0,5;5
16512;Campus Cachoeiro de Itapemirim;Engenharia de Minas;Superior;Ação Afirmativa;2026/1;1;10;80;5;2030,5;2031;0,5;5
16513;Campus Cachoeiro de Itapemirim;Engenharia de Minas;Superior;Ação Afirmativa;2026/1;1;10;80;5;2030,5;2031;0,5;5
16514;Campus Cachoeiro de Itapemirim;Engenharia de Minas;Superior;Ação Afirmativa;2026/1;1;10;79;5;2030,5;2031;0,5;5
16516;Campus Cachoeiro de Itapemirim;Engenharia de Minas;Superior;Ação Afirmativa;2026/1;1;10;79;5;2030,5;2031;0,5;5
16518;Campus Cachoeiro de Itapemirim;Engenharia de Minas;Superior;Ação Afirmativa;2026/1;1;10;83;5;2030,5;2031;0,5;5
16519;Campus Cachoeiro de Itapemirim;Engenharia de Minas;Superior;Ação Afirmativa;2026/1;1;10;85;5;2030,5;2031;0,5;5
16520;Campus Cachoeiro de Itapemirim;Engenharia de Minas;Superior;Ação Afirmativa;2026/1;1;10;80;5;2030,5;2031;0,5;5
16521;Campus Cachoeiro de Itapemirim;Engenharia de Minas;Superior;Ampla Concorrência;2026/1;1;10;84;5;2030,5;2031;0,5;5
16522;Campus Cachoeiro de Itapemirim;Engenharia de Minas;Superior;Ampla Concorrência;2026/1;1;10;80;5;2030,5;2031;0,5;5
16523;Campus Cachoeiro de Itapemirim;Engenharia de Minas;Superior;Ampla Concorrência;2026/1;1;10;81;5;2030,5;2031;0,5;5
16524;Campus Cachoeiro de Itapemirim;Engenharia de Minas;Superior;Ação Afirmativa;2026/1;1;10;79;5;2030,5;2031;0,5;5
16525;Campus Cachoeiro de Itapemirim;Engenharia de Minas;Superior;Ação Afirmativa;2026/1;1;10;80;5;2030,5;2031;0,5;5
16526;Campus Cachoeiro de Itapemirim;Engenharia de Minas;Superior;Ampla Concorrência;2026/1;2;10;78;4,5;2030,5;2030,5;0;5
16527;Campus Cachoeiro de Itapemirim;Engenharia de Minas;Superior;Ampla Concorrência;2026/1;1;10;85;5;2030,5;2031;0,5;5
16529;Campus Cachoeiro de Itapemirim;Engenharia de Minas;Superior;Ampla Concorrência;2026/1;1;10;85;5;2030,5;2031;0,5;5
16530;Campus Cachoeiro de Itapemirim;Engenharia de Minas;Superior;Ampla Concorrência;2026/1;1;10;85;5;2030,5;2031;0,5;5
16531;Campus Cachoeiro de Itapemirim;Engenharia de Minas;Superior;Ampla Concorrência;2026/1;1;10;79;5;2030,5;2031;0,5;5
16532;Campus Cachoeiro de Itapemirim;Engenharia de Minas;Superior;Ampla Concorrência;2026/1;1;10;80;5;2030,5;2031;0,5;5
16533;Campus Cachoeiro de Itapemirim;Engenharia Mecânica;Superior;Ação Afirmativa;2026/1;1;10;93;5;2030,5;2031;0,5;5
16535;Campus Cachoeiro de Itapemirim;Engenharia Mecânica;Superior;Ação Afirmativa;2026/1;1;10;93;5;2030,5;2031;0,5;5
16536;Campus Cachoeiro de Itapemirim;Engenharia Mecânica;Superior;Ação Afirmativa;2026/1;1;10;87;5;2030,5;2031;0,5;5
16537;Campus Cachoeiro de Itapemirim;Engenharia Mecânica;Superior;Ação Afirmativa;2026/1;1;10;93;5;2030,5;2031;0,5;5
16538;Campus Cachoeiro de Itapemirim;Engenharia Mecânica;Superior;Ampla Concorrência;2026/1;1;10;88;5;2030,5;2031;0,5;5
16539;Campus Cachoeiro de Itapemirim;Engenharia Mecânica;Superior;Ação Afirmativa;2026/1;1;10;89;5;2030,5;2031;0,5;5
16540;Campus Cachoeiro de Itapemirim;Engenharia Mecânica;Superior;Ação Afirmativa;2026/1;1;10;93;5;2030,5;2031;0,5;5
16541;Campus Cachoeiro de Itapemirim;Engenharia Mecânica;Superior;Ampla Concorrência;2026/1;2;10;86;4,5;2030,5;2030,5;0;5
16542;Campus Cachoeiro de Itapemirim;Engenharia Mecânica;Superior;Ação Afirmativa;2026/1;2;10;86;4,5;2030,5;2030,5;0;5
16543;Campus Cachoeiro de Itapemirim;Engenharia Mecânica;Superior;Ampla Concorrência;2026/1;2;10;86;4,5;2030,5;2030,5;0;5
16544;Campus Cachoeiro de Itapemirim;Engenharia Mecânica;Superior;Ampla Concorrência;2026/1;2;10;86;4,5;2030,5;2030,5;0;5
16545;Campus Cachoeiro de Itapemirim;Engenharia Mecânica;Superior;Ampla Concorrência;2026/1;1;10;87;5;2030,5;2031;0,5;5
16547;Campus Cachoeiro de Itapemirim;Engenharia Mecânica;Superior;Ação Afirmativa;2026/1;1;10;88;5;2030,5;2031;0,5;5
16548;Campus Cachoeiro de Itapemirim;Engenharia Mecânica;Superior;Ação Afirmativa;2026/1;1;10;92;5;2030,5;2031;0,5;5
16549;Campus Cachoeiro de Itapemirim;Engenharia Mecânica;Superior;Ampla Concorrência;2026/1;1;10;89;5;2030,5;2031;0,5;5
16550;Campus Cachoeiro de Itapemirim;Engenharia Mecânica;Superior;Ampla Concorrência;2026/1;2;10;86;4,5;2030,5;2030,5;0;5
16551;Campus Cachoeiro de Itapemirim;Engenharia Mecânica;Superior;Ampla Concorrência;2026/1;1;10;91;5;2030,5;2031;0,5;5
16552;Campus Cachoeiro de Itapemirim;Engenharia Mecânica;Superior;Ampla Concorrência;2026/1;1;10;88;5;2030,5;2031;0,5;5
16554;Campus Cachoeiro de Itapemirim;Engenharia Mecânica;Superior;Outros;2026/1;1;10;82;5;2030,5;2031;0,5;5
16555;Campus Cachoeiro de Itapemirim;Engenharia Mecânica;Superior;Ação Afirmativa;2026/1;1;10;93;5;2030,5;2031;0,5;5
16556;Campus Cachoeiro de Itapemirim;Engenharia Mecânica;Superior;Ampla Concorrência;2026/1;1;10;92;5;2030,5;2031;0,5;5
16557;Campus Cachoeiro de Itapemirim;Engenharia Mecânica;Superior;Ação Afirmativa;2026/1;1;10;93;5;2030,5;2031;0,5;5
16558;Campus Cachoeiro de Itapemirim;Engenharia Mecânica;Superior;Ampla Concorrência;2026/1;1;10;89;5;2030,5;2031;0,5;5
16559;Campus Cachoeiro de Itapemirim;Engenharia Mecânica;Superior;Ação Afirmativa;2026/1;1;10;87;5;2030,5;2031;0,5;5
16560;Campus Cachoeiro de Itapemirim;Engenharia Mecânica;Superior;Ampla Concorrência;2026/1;1;10;90;5;2030,5;2031;0,5;5
16561;Campus Cachoeiro de Itapemirim;Engenharia Mecânica;Superior;Ação Afirmativa;2026/1;1;10;90;5;2030,5;2031;0,5;5
16562;Campus Cachoeiro de Itapemirim;Engenharia Mecânica;Superior;Ampla Concorrência;2026/1;1;10;93;5;2030,5;2031;0,5;5
16563;Campus Cachoeiro de Itapemirim;Engenharia Mecânica;Superior;Ampla Concorrência;2026/1;1;10;91;5;2030,5;2031;0,5;5
16564;Campus Cachoeiro de Itapemirim;Engenharia Mecânica;Superior;Ampla Concorrência;2026/1;1;10;87;5;2030,5;2031;0,5;5
16565;Campus Cachoeiro de Itapemirim;Engenharia Mecânica;Superior;Outros;2026/1;2;10;64;4,5;2030,5;2030,5;0;5
16566;Campus Cachoeiro de Itapemirim;Engenharia Mecânica;Superior;Outros;2026/1;1;10;91;5;2030,5;2031;0,5;5
16567;Campus Cachoeiro de Itapemirim;Técnico em Informática para Internet;Concomitante;Ampla Concorrência;2026/1;2;4;14;1,5;2027,5;2027,5;0;2
16569;Campus Cachoeiro de Itapemirim;Técnico em Informática para Internet;Concomitante;Ampla Concorrência;2026/1;2;4;14;1,5;2027,5;2027,5;0;2
16571;Campus Cachoeiro de Itapemirim;Técnico em Informática para Internet;Concomitante;Ação Afirmativa;2026/1;2;4;14;1,5;2027,5;2027,5;0;2
16572;Campus Cachoeiro de Itapemirim;Técnico em Informática para Internet;Concomitante;Ampla Concorrência;2026/1;1;4;16;2;2027,5;2028;0,5;2
16573;Campus Cachoeiro de Itapemirim;Técnico em Informática para Internet;Concomitante;Ampla Concorrência;2026/1;2;4;14;1,5;2027,5;2027,5;0;2
16574;Campus Cachoeiro de Itapemirim;Técnico em Informática para Internet;Concomitante;Ampla Concorrência;2026/1;2;4;14;1,5;2027,5;2027,5;0;2
16575;Campus Cachoeiro de Itapemirim;Técnico em Informática para Internet;Concomitante;Ampla Concorrência;2026/1;2;4;14;1,5;2027,5;2027,5;0;2
16577;Campus Cachoeiro de Itapemirim;Técnico em Informática para Internet;Concomitante;Ampla Concorrência;2026/1;1;4;15;2;2027,5;2028;0,5;2
16578;Campus Cachoeiro de Itapemirim;Técnico em Informática para Internet;Concomitante;Ampla Concorrência;2026/1;2;4;14;1,5;2027,5;2027,5;0;2
16579;Campus Cachoeiro de Itapemirim;Técnico em Informática para Internet;Concomitante;Ampla Concorrência;2026/1;1;4;15;2;2027,5;2028;0,5;2
16581;Campus Cachoeiro de Itapemirim;Técnico em Informática para Internet;Concomitante;Ampla Concorrência;2026/1;1;4;15;2;2027,5;2028;0,5;2
16585;Campus Cachoeiro de Itapemirim;Técnico em Informática para Internet;Concomitante;Ampla Concorrência;2026/1;2;4;14;1,5;2027,5;2027,5;0;2
16587;Campus Cachoeiro de Itapemirim;Técnico em Informática para Internet;Concomitante;Ampla Concorrência;2026/1;2;4;14;1,5;2027,5;2027,5;0;2
16588;Campus Cachoeiro de Itapemirim;Técnico em Informática para Internet;Concomitante;Ampla Concorrência;2026/1;2;4;14;1,5;2027,5;2027,5;0;2
16590;Campus Cachoeiro de Itapemirim;Técnico em Informática para Internet;Concomitante;Ampla Concorrência;2026/1;2;4;14;1,5;2027,5;2027,5;0;2
16593;Campus Cachoeiro de Itapemirim;Técnico em Informática para Internet;Concomitante;Ampla Concorrência;2026/1;2;4;14;1,5;2027,5;2027,5;0;2
16594;Campus Cachoeiro de Itapemirim;Técnico em Informática para Internet;Concomitante;Ampla Concorrência;2026/1;1;4;11;2;2027,5;2028;0,5;2
16595;Campus Cachoeiro de Itapemirim;Técnico em Informática para Internet;Concomitante;Ampla Concorrência;2026/1;2;4;14;1,5;2027,5;2027,5;0;2
16596;Campus Cachoeiro de Itapemirim;Técnico em Informática para Internet;Concomitante;Ampla Concorrência;2026/1;2;4;14;1,5;2027,5;2027,5;0;2
16598;Campus Cachoeiro de Itapemirim;Técnico em Informática para Internet;Concomitante;Ampla Concorrência;2026/1;1;4;20;2;2027,5;2028;0,5;2
16599;Campus Cachoeiro de Itapemirim;Técnico em Informática para Internet;Integrado;Ampla Concorrência;2026/1;1;3;41;3;2028,5;2028,5;0;3
16600;Campus Cachoeiro de Itapemirim;Técnico em Informática para Internet;Integrado;Ampla Concorrência;2026/1;1;3;41;3;2028,5;2028,5;0;3
16601;Campus Cachoeiro de Itapemirim;Técnico em Informática para Internet;Integrado;Ampla Concorrência;2026/1;1;3;41;3;2028,5;2028,5;0;3
16602;Campus Cachoeiro de Itapemirim;Técnico em Informática para Internet;Integrado;Ação Afirmativa;2026/1;1;3;41;3;2028,5;2028,5;0;3
16603;Campus Cachoeiro de Itapemirim;Técnico em Informática para Internet;Integrado;Ação Afirmativa;2026/1;1;3;41;3;2028,5;2028,5;0;3
16604;Campus Cachoeiro de Itapemirim;Técnico em Informática para Internet;Integrado;Ampla Concorrência;2026/1;1;3;41;3;2028,5;2028,5;0;3
16605;Campus Cachoeiro de Itapemirim;Técnico em Informática para Internet;Integrado;Ação Afirmativa;2026/1;1;3;41;3;2028,5;2028,5;0;3
16606;Campus Cachoeiro de Itapemirim;Técnico em Informática para Internet;Integrado;Ampla Concorrência;2026/1;1;3;41;3;2028,5;2028,5;0;3
16607;Campus Cachoeiro de Itapemirim;Técnico em Informática para Internet;Integrado;Ação Afirmativa;2026/1;1;3;41;3;2028,5;2028,5;0;3
16608;Campus Cachoeiro de Itapemirim;Técnico em Informática para Internet;Integrado;Ampla Concorrência;2026/1;1;3;41;3;2028,5;2028,5;0;3
16609;Campus Cachoeiro de Itapemirim;Técnico em Informática para Internet;Integrado;Ampla Concorrência;2026/1;1;3;41;3;2028,5;2028,5;0;3
16610;Campus Cachoeiro de Itapemirim;Técnico em Informática para Internet;Integrado;Ampla Concorrência;2026/1;1;3;41;3;2028,5;2028,5;0;3
16611;Campus Cachoeiro de Itapemirim;Técnico em Informática para Internet;Integrado;Ação Afirmativa;2026/1;1;3;41;3;2028,5;2028,5;0;3
16612;Campus Cachoeiro de Itapemirim;Técnico em Informática para Internet;Integrado;Ampla Concorrência;2026/1;1;3;41;3;2028,5;2028,5;0;3
16613;Campus Cachoeiro de Itapemirim;Técnico em Informática para Internet;Integrado;Ação Afirmativa;2026/1;1;3;41;3;2028,5;2028,5;0;3
16614;Campus Cachoeiro de Itapemirim;Técnico em Informática para Internet;Integrado;Ação Afirmativa;2026/1;1;3;41;3;2028,5;2028,5;0;3
16615;Campus Cachoeiro de Itapemirim;Técnico em Informática para Internet;Integrado;Ação Afirmativa;2026/1;1;3;41;3;2028,5;2028,5;0;3
16616;Campus Cachoeiro de Itapemirim;Técnico em Informática para Internet;Integrado;Ação Afirmativa;2026/1;1;3;41;3;2028,5;2028,5;0;3
16617;Campus Cachoeiro de Itapemirim;Técnico em Informática para Internet;Integrado;Ampla Concorrência;2026/1;1;3;41;3;2028,5;2028,5;0;3
16618;Campus Cachoeiro de Itapemirim;Técnico em Informática para Internet;Integrado;Ação Afirmativa;2026/1;1;3;41;3;2028,5;2028,5;0;3
16619;Campus Cachoeiro de Itapemirim;Técnico em Informática para Internet;Integrado;Ampla Concorrência;2026/1;1;3;41;3;2028,5;2028,5;0;3
16620;Campus Cachoeiro de Itapemirim;Técnico em Informática para Internet;Integrado;Ampla Concorrência;2026/1;1;3;41;3;2028,5;2028,5;0;3
16621;Campus Cachoeiro de Itapemirim;Técnico em Informática para Internet;Integrado;Ampla Concorrência;2026/1;1;3;41;3;2028,5;2028,5;0;3
16622;Campus Cachoeiro de Itapemirim;Técnico em Informática para Internet;Integrado;Ação Afirmativa;2026/1;1;3;41;3;2028,5;2028,5;0;3
16623;Campus Cachoeiro de Itapemirim;Técnico em Informática para Internet;Integrado;Ação Afirmativa;2026/1;1;3;41;3;2028,5;2028,5;0;3
16624;Campus Cachoeiro de Itapemirim;Técnico em Informática para Internet;Integrado;Ação Afirmativa;2026/1;1;3;41;3;2028,5;2028,5;0;3
16625;Campus Cachoeiro de Itapemirim;Técnico em Informática para Internet;Integrado;Ação Afirmativa;2026/1;1;3;41;3;2028,5;2028,5;0;3
16626;Campus Cachoeiro de Itapemirim;Técnico em Informática para Internet;Integrado;Ação Afirmativa;2026/1;1;3;41;3;2028,5;2028,5;0;3
16627;Campus Cachoeiro de Itapemirim;Técnico em Informática para Internet;Integrado;Ampla Concorrência;2026/1;1;3;41;3;2028,5;2028,5;0;3
16628;Campus Cachoeiro de Itapemirim;Técnico em Informática para Internet;Integrado;Ação Afirmativa;2026/1;1;3;41;3;2028,5;2028,5;0;3
16629;Campus Cachoeiro de Itapemirim;Técnico em Informática para Internet;Integrado;Ampla Concorrência;2026/1;1;3;41;3;2028,5;2028,5;0;3
16630;Campus Cachoeiro de Itapemirim;Técnico em Informática para Internet;Integrado;Ação Afirmativa;2026/1;1;3;41;3;2028,5;2028,5;0;3
16631;Campus Cachoeiro de Itapemirim;Técnico em Informática para Internet;Integrado;Ampla Concorrência;2026/1;1;3;41;3;2028,5;2028,5;0;3
16633;Campus Cachoeiro de Itapemirim;Técnico em Informática para Internet;Integrado;Ação Afirmativa;2026/1;1;3;41;3;2028,5;2028,5;0;3
16634;Campus Cachoeiro de Itapemirim;Técnico em Informática para Internet;Integrado;Ampla Concorrência;2026/1;1;3;41;3;2028,5;2028,5;0;3
16635;Campus Cachoeiro de Itapemirim;Técnico em Informática para Internet;Integrado;Ampla Concorrência;2026/1;1;3;41;3;2028,5;2028,5;0;3
16636;Campus Cachoeiro de Itapemirim;Técnico em Informática para Internet;Integrado;Ampla Concorrência;2026/1;1;3;41;3;2028,5;2028,5;0;3
16637;Campus Cachoeiro de Itapemirim;Técnico em Informática para Internet;Integrado;Ampla Concorrência;2026/1;1;3;41;3;2028,5;2028,5;0;3
16638;Campus Cachoeiro de Itapemirim;Técnico em Informática para Internet;Integrado;Ampla Concorrência;2026/1;1;3;41;3;2028,5;2028,5;0;3
16639;Campus Cachoeiro de Itapemirim;Técnico em Informática para Internet;Integrado;Ação Afirmativa;2026/1;1;3;41;3;2028,5;2028,5;0;3
16640;Campus Cachoeiro de Itapemirim;Técnico em Informática para Internet;Integrado;Outros;2026/1;1;3;33;3;2028,5;2028,5;0;3
16641;Campus Cachoeiro de Itapemirim;Licenciatura em Matemática;Superior;Ação Afirmativa;2026/1;1;8;57;4;2029,5;2030;0,5;4
16642;Campus Cachoeiro de Itapemirim;Licenciatura em Matemática;Superior;Ação Afirmativa;2026/1;2;8;51;3,5;2029,5;2029,5;0;4
16643;Campus Cachoeiro de Itapemirim;Licenciatura em Matemática;Superior;Ação Afirmativa;2026/1;2;8;51;3,5;2029,5;2029,5;0;4
16644;Campus Cachoeiro de Itapemirim;Licenciatura em Matemática;Superior;Ampla Concorrência;2026/1;2;8;51;3,5;2029,5;2029,5;0;4
16645;Campus Cachoeiro de Itapemirim;Licenciatura em Matemática;Superior;Ampla Concorrência;2026/1;2;8;10;3,5;2029,5;2029,5;0;4
16646;Campus Cachoeiro de Itapemirim;Licenciatura em Matemática;Superior;Ampla Concorrência;2026/1;1;8;52;4;2029,5;2030;0,5;4
16647;Campus Cachoeiro de Itapemirim;Licenciatura em Matemática;Superior;Ação Afirmativa;2026/1;1;8;52;4;2029,5;2030;0,5;4
16648;Campus Cachoeiro de Itapemirim;Licenciatura em Matemática;Superior;Ação Afirmativa;2026/1;2;8;51;3,5;2029,5;2029,5;0;4
16649;Campus Cachoeiro de Itapemirim;Licenciatura em Matemática;Superior;Ampla Concorrência;2026/1;2;8;51;3,5;2029,5;2029,5;0;4
16650;Campus Cachoeiro de Itapemirim;Licenciatura em Matemática;Superior;Ampla Concorrência;2026/1;1;8;57;4;2029,5;2030;0,5;4
16651;Campus Cachoeiro de Itapemirim;Licenciatura em Matemática;Superior;Ampla Concorrência;2026/1;1;8;57;4;2029,5;2030;0,5;4
16652;Campus Cachoeiro de Itapemirim;Licenciatura em Matemática;Superior;Ampla Concorrência;2026/1;1;8;57;4;2029,5;2030;0,5;4
16653;Campus Cachoeiro de Itapemirim;Licenciatura em Matemática;Superior;Ampla Concorrência;2026/1;2;8;51;3,5;2029,5;2029,5;0;4
16654;Campus Cachoeiro de Itapemirim;Licenciatura em Matemática;Superior;Ampla Concorrência;2026/1;2;8;51;3,5;2029,5;2029,5;0;4
16655;Campus Cachoeiro de Itapemirim;Licenciatura em Matemática;Superior;Ação Afirmativa;2026/1;2;8;51;3,5;2029,5;2029,5;0;4
16656;Campus Cachoeiro de Itapemirim;Licenciatura em Matemática;Superior;Ampla Concorrência;2026/1;2;8;51;3,5;2029,5;2029,5;0;4
16657;Campus Cachoeiro de Itapemirim;Licenciatura em Matemática;Superior;Ampla Concorrência;2026/1;2;8;51;3,5;2029,5;2029,5;0;4
16658;Campus Cachoeiro de Itapemirim;Licenciatura em Matemática;Superior;Ação Afirmativa;2026/1;2;8;51;3,5;2029,5;2029,5;0;4
16659;Campus Cachoeiro de Itapemirim;Licenciatura em Matemática;Superior;Ação Afirmativa;2026/1;1;8;57;4;2029,5;2030;0,5;4
16660;Campus Cachoeiro de Itapemirim;Licenciatura em Matemática;Superior;Ação Afirmativa;2026/1;1;8;52;4;2029,5;2030;0,5;4
16661;Campus Cachoeiro de Itapemirim;Licenciatura em Matemática;Superior;Ampla Concorrência;2026/1;1;8;57;4;2029,5;2030;0,5;4
16662;Campus Cachoeiro de Itapemirim;Licenciatura em Matemática;Superior;Ampla Concorrência;2026/1;1;8;57;4;2029,5;2030;0,5;4
16663;Campus Cachoeiro de Itapemirim;Licenciatura em Matemática;Superior;Ação Afirmativa;2026/1;1;8;53;4;2029,5;2030;0,5;4
16664;Campus Cachoeiro de Itapemirim;Licenciatura em Matemática;Superior;Ampla Concorrência;2026/1;2;8;51;3,5;2029,5;2029,5;0;4
16665;Campus Cachoeiro de Itapemirim;Licenciatura em Matemática;Superior;Ampla Concorrência;2026/1;1;8;56;4;2029,5;2030;0,5;4
16666;Campus Cachoeiro de Itapemirim;Licenciatura em Matemática;Superior;Ampla Concorrência;2026/1;1;8;52;4;2029,5;2030;0,5;4
16667;Campus Cachoeiro de Itapemirim;Licenciatura em Matemática;Superior;Ampla Concorrência;2026/1;2;8;51;3,5;2029,5;2029,5;0;4
16668;Campus Cachoeiro de Itapemirim;Licenciatura em Matemática;Superior;Ampla Concorrência;2026/1;1;8;56;4;2029,5;2030;0,5;4
16670;Campus Cachoeiro de Itapemirim;Licenciatura em Matemática;Superior;Ampla Concorrência;2026/1;1;8;57;4;2029,5;2030;0,5;4
16672;Campus Cachoeiro de Itapemirim;Técnico em Mineração;Concomitante;Ampla Concorrência;2026/1;1;4;22;2;2027,5;2028;0,5;2
16673;Campus Cachoeiro de Itapemirim;Técnico em Mineração;Concomitante;Ampla Concorrência;2026/1;2;4;16;1,5;2027,5;2027,5;0;2
16675;Campus Cachoeiro de Itapemirim;Técnico em Mineração;Concomitante;Ampla Concorrência;2026/1;2;4;16;1,5;2027,5;2027,5;0;2
16677;Campus Cachoeiro de Itapemirim;Técnico em Mineração;Concomitante;Ampla Concorrência;2026/1;2;4;16;1,5;2027,5;2027,5;0;2
16679;Campus Cachoeiro de Itapemirim;Técnico em Mineração;Concomitante;Ampla Concorrência;2026/1;2;4;16;1,5;2027,5;2027,5;0;2
16681;Campus Cachoeiro de Itapemirim;Técnico em Mineração;Concomitante;Ampla Concorrência;2026/1;2;4;16;1,5;2027,5;2027,5;0;2
16683;Campus Cachoeiro de Itapemirim;Técnico em Mineração;Concomitante;Ampla Concorrência;2026/1;2;4;16;1,5;2027,5;2027,5;0;2
16685;Campus Cachoeiro de Itapemirim;Técnico em Mineração;Concomitante;Ampla Concorrência;2026/1;2;4;16;1,5;2027,5;2027,5;0;2
16686;Campus Cachoeiro de Itapemirim;Técnico em Mineração;Concomitante;Ampla Concorrência;2026/1;2;4;16;1,5;2027,5;2027,5;0;2
16687;Campus Cachoeiro de Itapemirim;Técnico em Mineração;Concomitante;Ampla Concorrência;2026/1;2;4;16;1,5;2027,5;2027,5;0;2
16689;Campus Cachoeiro de Itapemirim;Técnico em Mineração;Concomitante;Ampla Concorrência;2026/1;2;4;16;1,5;2027,5;2027,5;0;2
16690;Campus Cachoeiro de Itapemirim;Técnico em Mineração;Concomitante;Ampla Concorrência;2026/1;1;4;22;2;2027,5;2028;0,5;2
16695;Campus Cachoeiro de Itapemirim;Técnico em Mineração;Concomitante;Ampla Concorrência;2026/1;2;4;16;1,5;2027,5;2027,5;0;2
16700;Campus Cachoeiro de Itapemirim;Técnico em Mineração;Concomitante;Ampla Concorrência;2026/1;2;4;16;1,5;2027,5;2027,5;0;2
16702;Campus Cachoeiro de Itapemirim;Técnico em Mineração;Concomitante;Ampla Concorrência;2026/1;2;4;16;1,5;2027,5;2027,5;0;2
16705;Campus Cachoeiro de Itapemirim;Técnico em Mineração;Concomitante;Ampla Concorrência;2026/1;2;4;16;1,5;2027,5;2027,5;0;2
16706;Campus Cachoeiro de Itapemirim;Rochas Ornamentais;Pós-Graduação;Ampla Concorrência;2026/1;2;4;6;1,5;2027,5;2027,5;0;2
16707;Campus Cachoeiro de Itapemirim;Rochas Ornamentais;Pós-Graduação;Ampla Concorrência;2026/1;2;4;6;1,5;2027,5;2027,5;0;2
16708;Campus Cachoeiro de Itapemirim;Rochas Ornamentais;Pós-Graduação;Ampla Concorrência;2026/1;2;4;6;1,5;2027,5;2027,5;0;2
16710;Campus Cachoeiro de Itapemirim;Rochas Ornamentais;Pós-Graduação;Ampla Concorrência;2026/1;2;4;6;1,5;2027,5;2027,5;0;2
16711;Campus Cachoeiro de Itapemirim;Rochas Ornamentais;Pós-Graduação;Ampla Concorrência;2026/1;2;4;6;1,5;2027,5;2027,5;0;2
16712;Campus Cachoeiro de Itapemirim;Rochas Ornamentais;Pós-Graduação;Ampla Concorrência;2026/1;2;4;6;1,5;2027,5;2027,5;0;2
16713;Campus Cachoeiro de Itapemirim;Rochas Ornamentais;Pós-Graduação;Ampla Concorrência;2026/1;2;4;6;1,5;2027,5;2027,5;0;2
16714;Campus Cachoeiro de Itapemirim;Rochas Ornamentais;Pós-Graduação;Ampla Concorrência;2026/1;2;4;6;1,5;2027,5;2027,5;0;2
16715;Campus Cachoeiro de Itapemirim;Rochas Ornamentais;Pós-Graduação;Ampla Concorrência;2026/1;2;4;6;1,5;2027,5;2027,5;0;2
16716;Campus Cachoeiro de Itapemirim;Rochas Ornamentais;Pós-Graduação;Ampla Concorrência;2026/1;2;4;6;1,5;2027,5;2027,5;0;2
16717;Campus Cachoeiro de Itapemirim;Rochas Ornamentais;Pós-Graduação;Ampla Concorrência;2026/1;2;4;6;1,5;2027,5;2027,5;0;2
16718;Campus Cachoeiro de Itapemirim;Rochas Ornamentais;Pós-Graduação;Ampla Concorrência;2026/1;2;4;6;1,5;2027,5;2027,5;0;2
16719;Campus Cachoeiro de Itapemirim;Rochas Ornamentais;Pós-Graduação;Ampla Concorrência;2026/1;2;4;6;1,5;2027,5;2027,5;0;2
16720;Campus Cachoeiro de Itapemirim;Rochas Ornamentais;Pós-Graduação;Ampla Concorrência;2026/1;2;4;6;1,5;2027,5;2027,5;0;2
16721;Campus Cachoeiro de Itapemirim;Rochas Ornamentais;Pós-Graduação;Ampla Concorrência;2026/1;2;4;6;1,5;2027,5;2027,5;0;2
16722;Campus Cachoeiro de Itapemirim;Rochas Ornamentais;Pós-Graduação;Ampla Concorrência;2026/1;2;4;6;1,5;2027,5;2027,5;0;2
16723;Campus Cachoeiro de Itapemirim;Rochas Ornamentais;Pós-Graduação;Ampla Concorrência;2026/1;2;4;6;1,5;2027,5;2027,5;0;2
16724;Campus Cachoeiro de Itapemirim;Rochas Ornamentais;Pós-Graduação;Ampla Concorrência;2026/1;2;4;6;1,5;2027,5;2027,5;0;2
16725;Campus Cachoeiro de Itapemirim;Rochas Ornamentais;Pós-Graduação;Ampla Concorrência;2026/1;2;4;6;1,5;2027,5;2027,5;0;2
16727;Campus Cachoeiro de Itapemirim;Rochas Ornamentais;Pós-Graduação;Ampla Concorrência;2026/1;2;4;6;1,5;2027,5;2027,5;0;2
16728;Campus Cachoeiro de Itapemirim;Rochas Ornamentais;Pós-Graduação;Ampla Concorrência;2026/1;2;4;6;1,5;2027,5;2027,5;0;2
16729;Campus Cachoeiro de Itapemirim;Rochas Ornamentais;Pós-Graduação;Ampla Concorrência;2026/1;2;4;6;1,5;2027,5;2027,5;0;2
16730;Campus Cachoeiro de Itapemirim;Rochas Ornamentais;Pós-Graduação;Ampla Concorrência;2026/1;2;4;6;1,5;2027,5;2027,5;0;2
16732;Campus Cachoeiro de Itapemirim;Rochas Ornamentais;Pós-Graduação;Ampla Concorrência;2026/1;2;4;6;1,5;2027,5;2027,5;0;2
16735;Campus Cachoeiro de Itapemirim;Rochas Ornamentais;Pós-Graduação;Ampla Concorrência;2026/1;2;4;6;1,5;2027,5;2027,5;0;2
16736;Campus Cachoeiro de Itapemirim;Rochas Ornamentais;Pós-Graduação;Ampla Concorrência;2026/1;2;4;6;1,5;2027,5;2027,5;0;2
16737;Campus Cachoeiro de Itapemirim;Rochas Ornamentais;Pós-Graduação;Ampla Concorrência;2026/1;2;4;6;1,5;2027,5;2027,5;0;2
16738;Campus Cachoeiro de Itapemirim;Rochas Ornamentais;Pós-Graduação;Ampla Concorrência;2026/1;2;4;6;1,5;2027,5;2027,5;0;2
16739;Campus Cachoeiro de Itapemirim;Rochas Ornamentais;Pós-Graduação;Ampla Concorrência;2026/1;2;4;6;1,5;2027,5;2027,5;0;2
16740;Campus Cachoeiro de Itapemirim;Rochas Ornamentais;Pós-Graduação;Ampla Concorrência;2026/1;2;4;6;1,5;2027,5;2027,5;0;2
16741;Campus Cachoeiro de Itapemirim;Rochas Ornamentais;Pós-Graduação;Ampla Concorrência;2026/1;2;4;6;1,5;2027,5;2027,5;0;2
16742;Campus Cachoeiro de Itapemirim;Rochas Ornamentais;Pós-Graduação;Ampla Concorrência;2026/1;2;4;6;1,5;2027,5;2027,5;0;2
16743;Campus Cachoeiro de Itapemirim;Rochas Ornamentais;Pós-Graduação;Ampla Concorrência;2026/1;2;4;6;1,5;2027,5;2027,5;0;2
16744;Campus Cachoeiro de Itapemirim;Rochas Ornamentais;Pós-Graduação;Ampla Concorrência;2026/1;2;4;6;1,5;2027,5;2027,5;0;2
16745;Campus Cachoeiro de Itapemirim;Rochas Ornamentais;Pós-Graduação;Ampla Concorrência;2026/1;2;4;6;1,5;2027,5;2027,5;0;2
16747;Campus Cachoeiro de Itapemirim;Rochas Ornamentais;Pós-Graduação;Ampla Concorrência;2026/1;2;4;6;1,5;2027,5;2027,5;0;2
16748;Campus Cachoeiro de Itapemirim;Rochas Ornamentais;Pós-Graduação;Ampla Concorrência;2026/1;2;4;6;1,5;2027,5;2027,5;0;2
16749;Campus Cachoeiro de Itapemirim;Rochas Ornamentais;Pós-Graduação;Ampla Concorrência;2026/1;2;4;6;1,5;2027,5;2027,5;0;2
16750;Campus Cachoeiro de Itapemirim;Rochas Ornamentais;Pós-Graduação;Ampla Concorrência;2026/1;2;4;6;1,5;2027,5;2027,5;0;2
16751;Campus Cachoeiro de Itapemirim;Rochas Ornamentais;Pós-Graduação;Ampla Concorrência;2026/1;2;4;6;1,5;2027,5;2027,5;0;2
16752;Campus Cachoeiro de Itapemirim;Rochas Ornamentais;Pós-Graduação;Ampla Concorrência;2026/1;2;4;6;1,5;2027,5;2027,5;0;2
16753;Campus Cachoeiro de Itapemirim;Rochas Ornamentais;Pós-Graduação;Ampla Concorrência;2026/1;2;4;6;1,5;2027,5;2027,5;0;2
16754;Campus Cachoeiro de Itapemirim;Rochas Ornamentais;Pós-Graduação;Ampla Concorrência;2026/1;2;4;6;1,5;2027,5;2027,5;0;2
16755;Campus Cachoeiro de Itapemirim;Rochas Ornamentais;Pós-Graduação;Ampla Concorrência;2026/1;2;4;6;1,5;2027,5;2027,5;0;2
16757;Campus Cachoeiro de Itapemirim;Rochas Ornamentais;Pós-Graduação;Ampla Concorrência;2026/1;2;4;6;1,5;2027,5;2027,5;0;2
16758;Campus Cachoeiro de Itapemirim;Rochas Ornamentais;Pós-Graduação;Ampla Concorrência;2026/1;2;4;6;1,5;2027,5;2027,5;0;2
16761;Campus Cachoeiro de Itapemirim;Rochas Ornamentais;Pós-Graduação;Ampla Concorrência;2026/1;2;4;6;1,5;2027,5;2027,5;0;2
16762;Campus Cachoeiro de Itapemirim;Rochas Ornamentais;Pós-Graduação;Ampla Concorrência;2026/1;2;4;6;1,5;2027,5;2027,5;0;2
16763;Campus Cachoeiro de Itapemirim;Rochas Ornamentais;Pós-Graduação;Ampla Concorrência;2026/1;2;4;6;1,5;2027,5;2027,5;0;2
16764;Campus Cachoeiro de Itapemirim;Rochas Ornamentais;Pós-Graduação;Ampla Concorrência;2026/1;2;4;6;1,5;2027,5;2027,5;0;2
16765;Campus Cachoeiro de Itapemirim;Rochas Ornamentais;Pós-Graduação;Ampla Concorrência;2026/1;2;4;6;1,5;2027,5;2027,5;0;2
16766;Campus Cachoeiro de Itapemirim;Rochas Ornamentais;Pós-Graduação;Ampla Concorrência;2026/1;2;4;6;1,5;2027,5;2027,5;0;2
16767;Campus Cachoeiro de Itapemirim;Rochas Ornamentais;Pós-Graduação;Ampla Concorrência;2026/1;2;4;6;1,5;2027,5;2027,5;0;2
16768;Campus Cachoeiro de Itapemirim;Rochas Ornamentais;Pós-Graduação;Ampla Concorrência;2026/1;2;4;6;1,5;2027,5;2027,5;0;2
16769;Campus Cachoeiro de Itapemirim;Rochas Ornamentais;Pós-Graduação;Ampla Concorrência;2026/1;2;4;6;1,5;2027,5;2027,5;0;2
16770;Campus Cachoeiro de Itapemirim;Rochas Ornamentais;Pós-Graduação;Ampla Concorrência;2026/1;2;4;6;1,5;2027,5;2027,5;0;2
16771;Campus Cachoeiro de Itapemirim;Rochas Ornamentais;Pós-Graduação;Ampla Concorrência;2026/1;2;4;6;1,5;2027,5;2027,5;0;2
16772;Campus Cachoeiro de Itapemirim;Rochas Ornamentais;Pós-Graduação;Ampla Concorrência;2026/1;2;4;6;1,5;2027,5;2027,5;0;2
16773;Campus Cachoeiro de Itapemirim;Rochas Ornamentais;Pós-Graduação;Ampla Concorrência;2026/1;2;4;6;1,5;2027,5;2027,5;0;2
16774;Campus Cachoeiro de Itapemirim;Rochas Ornamentais;Pós-Graduação;Ampla Concorrência;2026/1;2;4;6;1,5;2027,5;2027,5;0;2
16775;Campus Cachoeiro de Itapemirim;Rochas Ornamentais;Pós-Graduação;Ampla Concorrência;2026/1;2;4;6;1,5;2027,5;2027,5;0;2
16776;Campus Cachoeiro de Itapemirim;Rochas Ornamentais;Pós-Graduação;Ampla Concorrência;2026/1;2;4;6;1,5;2027,5;2027,5;0;2
16777;Campus Cachoeiro de Itapemirim;Rochas Ornamentais;Pós-Graduação;Ampla Concorrência;2026/1;2;4;6;1,5;2027,5;2027,5;0;2
16778;Campus Cachoeiro de Itapemirim;Rochas Ornamentais;Pós-Graduação;Ampla Concorrência;2026/1;2;4;6;1,5;2027,5;2027,5;0;2
16782;Campus Cachoeiro de Itapemirim;Rochas Ornamentais;Pós-Graduação;Ampla Concorrência;2026/1;2;4;6;1,5;2027,5;2027,5;0;2
16783;Campus Cachoeiro de Itapemirim;Rochas Ornamentais;Pós-Graduação;Ampla Concorrência;2026/1;2;4;6;1,5;2027,5;2027,5;0;2
16784;Campus Cachoeiro de Itapemirim;Rochas Ornamentais;Pós-Graduação;Ampla Concorrência;2026/1;2;4;6;1,5;2027,5;2027,5;0;2
16786;Campus Cachoeiro de Itapemirim;Rochas Ornamentais;Pós-Graduação;Ampla Concorrência;2026/1;2;4;6;1,5;2027,5;2027,5;0;2
16787;Campus Cachoeiro de Itapemirim;Rochas Ornamentais;Pós-Graduação;Ampla Concorrência;2026/1;2;4;6;1,5;2027,5;2027,5;0;2
16788;Campus Cachoeiro de Itapemirim;Rochas Ornamentais;Pós-Graduação;Ampla Concorrência;2026/1;2;4;6;1,5;2027,5;2027,5;0;2
16789;Campus Cachoeiro de Itapemirim;Construção Rápida de Apps para Mídias Digitais;FIC;Outros;2026/1;1;1;1;0,5;2026,0;2026,5;0,5;0,5
16790;Campus Cachoeiro de Itapemirim;Construção Rápida de Apps para Mídias Digitais;FIC;Outros;2026/1;1;1;4;0,5;2026,0;2026,5;0,5;0,5
16793;Campus Cachoeiro de Itapemirim;Construção Rápida de Apps para Mídias Digitais;FIC;Outros;2026/1;1;1;1;0,5;2026,0;2026,5;0,5;0,5
16794;Campus Cachoeiro de Itapemirim;Construção Rápida de Apps para Mídias Digitais;FIC;Outros;2026/1;1;1;1;0,5;2026,0;2026,5;0,5;0,5
16795;Campus Cachoeiro de Itapemirim;Construção Rápida de Apps para Mídias Digitais;FIC;Outros;2026/1;1;1;1;0,5;2026,0;2026,5;0,5;0,5
16800;Campus Cachoeiro de Itapemirim;Construção Rápida de Apps para Mídias Digitais;FIC;Outros;2026/1;1;1;4;0,5;2026,0;2026,5;0,5;0,5
16801;Campus Cachoeiro de Itapemirim;Construção Rápida de Apps para Mídias Digitais;FIC;Outros;2026/1;1;1;4;0,5;2026,0;2026,5;0,5;0,5
16802;Campus Cachoeiro de Itapemirim;Construção Rápida de Apps para Mídias Digitais;FIC;Outros;2026/1;1;1;1;0,5;2026,0;2026,5;0,5;0,5
16805;Campus Cachoeiro de Itapemirim;Construção Rápida de Apps para Mídias Digitais;FIC;Outros;2026/1;1;1;1;0,5;2026,0;2026,5;0,5;0,5
16806;Campus Cachoeiro de Itapemirim;Construção Rápida de Apps para Mídias Digitais;FIC;Outros;2026/1;1;1;4;0,5;2026,0;2026,5;0,5;0,5
16807;Campus Cachoeiro de Itapemirim;Construção Rápida de Apps para Mídias Digitais;FIC;Outros;2026/1;1;1;4;0,5;2026,0;2026,5;0,5;0,5
16808;Campus Cachoeiro de Itapemirim;Construção Rápida de Apps para Mídias Digitais;FIC;Outros;2026/1;1;1;4;0,5;2026,0;2026,5;0,5;0,5
16809;Campus Cachoeiro de Itapemirim;Construção Rápida de Apps para Mídias Digitais;FIC;Outros;2026/1;1;1;4;0,5;2026,0;2026,5;0,5;0,5
16811;Campus Cachoeiro de Itapemirim;Construção Rápida de Apps para Mídias Digitais;FIC;Outros;2026/1;1;1;4;0,5;2026,0;2026,5;0,5;0,5
16813;Campus Cachoeiro de Itapemirim;Construção Rápida de Apps para Mídias Digitais;FIC;Outros;2026/1;1;1;4;0,5;2026,0;2026,5;0,5;0,5
16815;Campus Cachoeiro de Itapemirim;Construção Rápida de Apps para Mídias Digitais;FIC;Outros;2026/1;1;1;1;0,5;2026,0;2026,5;0,5;0,5
16816;Campus Cachoeiro de Itapemirim;Construção Rápida de Apps para Mídias Digitais;FIC;Outros;2026/1;1;1;4;0,5;2026,0;2026,5;0,5;0,5
16818;Campus Cachoeiro de Itapemirim;Construção Rápida de Apps para Mídias Digitais;FIC;Outros;2026/1;1;1;1;0,5;2026,0;2026,5;0,5;0,5
16819;Campus Cachoeiro de Itapemirim;Construção Rápida de Apps para Mídias Digitais;FIC;Outros;2026/1;1;1;1;0,5;2026,0;2026,5;0,5;0,5
16820;Campus Cachoeiro de Itapemirim;Construção Rápida de Apps para Mídias Digitais;FIC;Outros;2026/1;1;1;1;0,5;2026,0;2026,5;0,5;0,5
16821;Campus Cachoeiro de Itapemirim;Construção Rápida de Apps para Mídias Digitais;FIC;Outros;2026/1;1;1;1;0,5;2026,0;2026,5;0,5;0,5
16822;Campus Cachoeiro de Itapemirim;Construção Rápida de Apps para Mídias Digitais;FIC;Outros;2026/1;1;1;4;0,5;2026,0;2026,5;0,5;0,5
16824;Campus Cachoeiro de Itapemirim;Drones e Impressoras 3D;FIC;Outros;2026/1;1;1;1;0,5;2026,0;2026,5;0,5;0,5
16825;Campus Cachoeiro de Itapemirim;Drones e Impressoras 3D;FIC;Outros;2026/1;1;1;4;0,5;2026,0;2026,5;0,5;0,5
16830;Campus Cachoeiro de Itapemirim;Drones e Impressoras 3D;FIC;Outros;2026/1;1;1;1;0,5;2026,0;2026,5;0,5;0,5
16831;Campus Cachoeiro de Itapemirim;Drones e Impressoras 3D;FIC;Outros;2026/1;1;1;2;0,5;2026,0;2026,5;0,5;0,5
16832;Campus Cachoeiro de Itapemirim;Drones e Impressoras 3D;FIC;Outros;2026/1;1;1;1;0,5;2026,0;2026,5;0,5;0,5
16840;Campus Cachoeiro de Itapemirim;Drones e Impressoras 3D;FIC;Outros;2026/1;1;1;2;0,5;2026,0;2026,5;0,5;0,5
16843;Campus Cachoeiro de Itapemirim;Drones e Impressoras 3D;FIC;Outros;2026/1;1;1;4;0,5;2026,0;2026,5;0,5;0,5
16845;Campus Cachoeiro de Itapemirim;Drones e Impressoras 3D;FIC;Outros;2026/1;1;1;1;0,5;2026,0;2026,5;0,5;0,5
16847;Campus Cachoeiro de Itapemirim;Drones e Impressoras 3D;FIC;Outros;2026/1;1;1;1;0,5;2026,0;2026,5;0,5;0,5
16852;Campus Cachoeiro de Itapemirim;Partiu IF;FIC;Ação Afirmativa;2026/1;1;1;4;0,5;2026,0;2026,5;0,5;0,5
16853;Campus Cachoeiro de Itapemirim;Partiu IF;FIC;Ação Afirmativa;2026/1;1;1;4;0,5;2026,0;2026,5;0,5;0,5
16854;Campus Cachoeiro de Itapemirim;Partiu IF;FIC;Ação Afirmativa;2026/1;1;1;4;0,5;2026,0;2026,5;0,5;0,5
16855;Campus Cachoeiro de Itapemirim;Partiu IF;FIC;Ação Afirmativa;2026/1;1;1;4;0,5;2026,0;2026,5;0,5;0,5
16856;Campus Cachoeiro de Itapemirim;Partiu IF;FIC;Ação Afirmativa;2026/1;1;1;4;0,5;2026,0;2026,5;0,5;0,5
16857;Campus Cachoeiro de Itapemirim;Partiu IF;FIC;Ação Afirmativa;2026/1;1;1;4;0,5;2026,0;2026,5;0,5;0,5
16858;Campus Cachoeiro de Itapemirim;Partiu IF;FIC;Ação Afirmativa;2026/1;1;1;4;0,5;2026,0;2026,5;0,5;0,5
16859;Campus Cachoeiro de Itapemirim;Partiu IF;FIC;Ação Afirmativa;2026/1;1;1;4;0,5;2026,0;2026,5;0,5;0,5
16860;Campus Cachoeiro de Itapemirim;Partiu IF;FIC;Ação Afirmativa;2026/1;1;1;4;0,5;2026,0;2026,5;0,5;0,5
16861;Campus Cachoeiro de Itapemirim;Partiu IF;FIC;Ação Afirmativa;2026/1;1;1;4;0,5;2026,0;2026,5;0,5;0,5
16862;Campus Cachoeiro de Itapemirim;Partiu IF;FIC;Ação Afirmativa;2026/1;1;1;4;0,5;2026,0;2026,5;0,5;0,5
16863;Campus Cachoeiro de Itapemirim;Partiu IF;FIC;Ação Afirmativa;2026/1;1;1;4;0,5;2026,0;2026,5;0,5;0,5
16864;Campus Cachoeiro de Itapemirim;Partiu IF;FIC;Ação Afirmativa;2026/1;1;1;4;0,5;2026,0;2026,5;0,5;0,5
16865;Campus Cachoeiro de Itapemirim;Partiu IF;FIC;Ação Afirmativa;2026/1;1;1;4;0,5;2026,0;2026,5;0,5;0,5
16866;Campus Cachoeiro de Itapemirim;Partiu IF;FIC;Ação Afirmativa;2026/1;1;1;4;0,5;2026,0;2026,5;0,5;0,5
16867;Campus Cachoeiro de Itapemirim;Partiu IF;FIC;Ação Afirmativa;2026/1;1;1;4;0,5;2026,0;2026,5;0,5;0,5
16868;Campus Cachoeiro de Itapemirim;Partiu IF;FIC;Ação Afirmativa;2026/1;1;1;4;0,5;2026,0;2026,5;0,5;0,5
16869;Campus Cachoeiro de Itapemirim;Partiu IF;FIC;Ação Afirmativa;2026/1;1;1;4;0,5;2026,0;2026,5;0,5;0,5
16870;Campus Cachoeiro de Itapemirim;Partiu IF;FIC;Ação Afirmativa;2026/1;1;1;4;0,5;2026,0;2026,5;0,5;0,5
16871;Campus Cachoeiro de Itapemirim;Partiu IF;FIC;Ação Afirmativa;2026/1;1;1;4;0,5;2026,0;2026,5;0,5;0,5
16872;Campus Cachoeiro de Itapemirim;Partiu IF;FIC;Ação Afirmativa;2026/1;1;1;4;0,5;2026,0;2026,5;0,5;0,5
16873;Campus Cachoeiro de Itapemirim;Partiu IF;FIC;Ação Afirmativa;2026/1;1;1;4;0,5;2026,0;2026,5;0,5;0,5
16874;Campus Cachoeiro de Itapemirim;Partiu IF;FIC;Ação Afirmativa;2026/1;1;1;4;0,5;2026,0;2026,5;0,5;0,5
16875;Campus Cachoeiro de Itapemirim;Partiu IF;FIC;Ação Afirmativa;2026/1;1;1;4;0,5;2026,0;2026,5;0,5;0,5
16876;Campus Cachoeiro de Itapemirim;Partiu IF;FIC;Ação Afirmativa;2026/1;1;1;4;0,5;2026,0;2026,5;0,5;0,5
16877;Campus Cachoeiro de Itapemirim;Partiu IF;FIC;Ação Afirmativa;2026/1;1;1;4;0,5;2026,0;2026,5;0,5;0,5
16878;Campus Cachoeiro de Itapemirim;Partiu IF;FIC;Ação Afirmativa;2026/1;1;1;4;0,5;2026,0;2026,5;0,5;0,5
16879;Campus Cachoeiro de Itapemirim;Partiu IF;FIC;Ação Afirmativa;2026/1;1;1;4;0,5;2026,0;2026,5;0,5;0,5
16880;Campus Cachoeiro de Itapemirim;Partiu IF;FIC;Ação Afirmativa;2026/1;1;1;4;0,5;2026,0;2026,5;0,5;0,5
16881;Campus Cachoeiro de Itapemirim;Partiu IF;FIC;Ação Afirmativa;2026/1;1;1;4;0,5;2026,0;2026,5;0,5;0,5
16882;Campus Cachoeiro de Itapemirim;Partiu IF;FIC;Ação Afirmativa;2026/1;1;1;4;0,5;2026,0;2026,5;0,5;0,5
16883;Campus Cachoeiro de Itapemirim;Partiu IF;FIC;Ação Afirmativa;2026/1;1;1;4;0,5;2026,0;2026,5;0,5;0,5
16884;Campus Cachoeiro de Itapemirim;Partiu IF;FIC;Ação Afirmativa;2026/1;1;1;4;0,5;2026,0;2026,5;0,5;0,5
16885;Campus Cachoeiro de Itapemirim;Partiu IF;FIC;Ação Afirmativa;2026/1;1;1;4;0,5;2026,0;2026,5;0,5;0,5
16886;Campus Cachoeiro de Itapemirim;Partiu IF;FIC;Ação Afirmativa;2026/1;1;1;4;0,5;2026,0;2026,5;0,5;0,5
16887;Campus Cachoeiro de Itapemirim;Partiu IF;FIC;Ação Afirmativa;2026/1;1;1;4;0,5;2026,0;2026,5;0,5;0,5
16888;Campus Cachoeiro de Itapemirim;Partiu IF;FIC;Ação Afirmativa;2026/1;1;1;4;0,5;2026,0;2026,5;0,5;0,5
16889;Campus Cachoeiro de Itapemirim;Partiu IF;FIC;Ação Afirmativa;2026/1;1;1;4;0,5;2026,0;2026,5;0,5;0,5
16890;Campus Cachoeiro de Itapemirim;Partiu IF;FIC;Ação Afirmativa;2026/1;1;1;4;0,5;2026,0;2026,5;0,5;0,5
16891;Campus Cachoeiro de Itapemirim;Partiu IF;FIC;Ação Afirmativa;2026/1;1;1;4;0,5;2026,0;2026,5;0,5;0,5
16892;Campus Cachoeiro de Itapemirim;Partiu IF;FIC;Ação Afirmativa;2026/1;1;1;4;0,5;2026,0;2026,5;0,5;0,5
16893;Campus Cachoeiro de Itapemirim;Partiu IF;FIC;Ação Afirmativa;2026/1;1;1;4;0,5;2026,0;2026,5;0,5;0,5
16894;Campus Cachoeiro de Itapemirim;Partiu IF;FIC;Ação Afirmativa;2026/1;1;1;4;0,5;2026,0;2026,5;0,5;0,5
16895;Campus Cachoeiro de Itapemirim;Partiu IF;FIC;Ação Afirmativa;2026/1;1;1;4;0,5;2026,0;2026,5;0,5;0,5
16896;Campus Cachoeiro de Itapemirim;Sistemas de Informação;Superior;Ampla Concorrência;2026/1;1;8;54;4;2029,5;2030;0,5;4
16897;Campus Cachoeiro de Itapemirim;Sistemas de Informação;Superior;Ampla Concorrência;2026/1;1;8;54;4;2029,5;2030;0,5;4
16898;Campus Cachoeiro de Itapemirim;Sistemas de Informação;Superior;Ampla Concorrência;2026/1;1;8;54;4;2029,5;2030;0,5;4
16899;Campus Cachoeiro de Itapemirim;Sistemas de Informação;Superior;Ampla Concorrência;2026/1;1;8;54;4;2029,5;2030;0,5;4
16900;Campus Cachoeiro de Itapemirim;Sistemas de Informação;Superior;Ampla Concorrência;2026/1;1;8;54;4;2029,5;2030;0,5;4
16901;Campus Cachoeiro de Itapemirim;Sistemas de Informação;Superior;Ampla Concorrência;2026/1;1;8;54;4;2029,5;2030;0,5;4
16902;Campus Cachoeiro de Itapemirim;Sistemas de Informação;Superior;Ampla Concorrência;2026/1;1;8;54;4;2029,5;2030;0,5;4
16903;Campus Cachoeiro de Itapemirim;Sistemas de Informação;Superior;Ampla Concorrência;2026/1;1;8;58;4;2029,5;2030;0,5;4
16904;Campus Cachoeiro de Itapemirim;Sistemas de Informação;Superior;Ampla Concorrência;2026/1;1;8;54;4;2029,5;2030;0,5;4
16905;Campus Cachoeiro de Itapemirim;Sistemas de Informação;Superior;Ampla Concorrência;2026/1;1;8;54;4;2029,5;2030;0,5;4
16906;Campus Cachoeiro de Itapemirim;Sistemas de Informação;Superior;Ampla Concorrência;2026/1;1;8;54;4;2029,5;2030;0,5;4
16907;Campus Cachoeiro de Itapemirim;Sistemas de Informação;Superior;Ampla Concorrência;2026/1;1;8;54;4;2029,5;2030;0,5;4
16908;Campus Cachoeiro de Itapemirim;Sistemas de Informação;Superior;Ampla Concorrência;2026/1;1;8;54;4;2029,5;2030;0,5;4
16909;Campus Cachoeiro de Itapemirim;Sistemas de Informação;Superior;Ampla Concorrência;2026/1;1;8;54;4;2029,5;2030;0,5;4
16910;Campus Cachoeiro de Itapemirim;Sistemas de Informação;Superior;Ampla Concorrência;2026/1;1;8;54;4;2029,5;2030;0,5;4
16911;Campus Cachoeiro de Itapemirim;Sistemas de Informação;Superior;Ampla Concorrência;2026/1;1;8;54;4;2029,5;2030;0,5;4
16912;Campus Cachoeiro de Itapemirim;Sistemas de Informação;Superior;Ampla Concorrência;2026/1;1;8;55;4;2029,5;2030;0,5;4
16913;Campus Cachoeiro de Itapemirim;Sistemas de Informação;Superior;Ação Afirmativa;2026/1;1;8;55;4;2029,5;2030;0,5;4
16914;Campus Cachoeiro de Itapemirim;Sistemas de Informação;Superior;Ação Afirmativa;2026/1;1;8;55;4;2029,5;2030;0,5;4
16915;Campus Cachoeiro de Itapemirim;Sistemas de Informação;Superior;Ação Afirmativa;2026/1;1;8;54;4;2029,5;2030;0,5;4
16916;Campus Cachoeiro de Itapemirim;Sistemas de Informação;Superior;Ação Afirmativa;2026/1;1;8;56;4;2029,5;2030;0,5;4
16917;Campus Cachoeiro de Itapemirim;Sistemas de Informação;Superior;Ação Afirmativa;2026/1;1;8;54;4;2029,5;2030;0,5;4
16918;Campus Cachoeiro de Itapemirim;Sistemas de Informação;Superior;Ação Afirmativa;2026/1;1;8;57;4;2029,5;2030;0,5;4
16919;Campus Cachoeiro de Itapemirim;Sistemas de Informação;Superior;Ação Afirmativa;2026/1;1;8;56;4;2029,5;2030;0,5;4
16920;Campus Cachoeiro de Itapemirim;Sistemas de Informação;Superior;Ampla Concorrência;2026/1;1;8;54;4;2029,5;2030;0,5;4
16921;Campus Cachoeiro de Itapemirim;Sistemas de Informação;Superior;Ação Afirmativa;2026/1;1;8;59;4;2029,5;2030;0,5;4
16922;Campus Cachoeiro de Itapemirim;Sistemas de Informação;Superior;Ampla Concorrência;2026/1;1;8;56;4;2029,5;2030;0,5;4
16923;Campus Cachoeiro de Itapemirim;Sistemas de Informação;Superior;Ampla Concorrência;2026/1;1;8;54;4;2029,5;2030;0,5;4
16925;Campus Cachoeiro de Itapemirim;Sistemas de Informação;Superior;Ampla Concorrência;2026/1;1;8;54;4;2029,5;2030;0,5;4
16926;Campus Cachoeiro de Itapemirim;Sistemas de Informação;Superior;Ampla Concorrência;2026/1;1;8;55;4;2029,5;2030;0,5;4
16927;Campus Cachoeiro de Itapemirim;Sistemas de Informação;Superior;Ampla Concorrência;2026/1;1;8;55;4;2029,5;2030;0,5;4
16928;Campus Cachoeiro de Itapemirim;Sistemas de Informação;Superior;Ação Afirmativa;2026/1;1;8;54;4;2029,5;2030;0,5;4
16929;Campus Cachoeiro de Itapemirim;Sistemas de Informação;Superior;Ampla Concorrência;2026/1;1;8;54;4;2029,5;2030;0,5;4
16930;Campus Cachoeiro de Itapemirim;Sistemas de Informação;Superior;Ampla Concorrência;2026/1;1;8;54;4;2029,5;2030;0,5;4
16931;Campus Cachoeiro de Itapemirim;Sistemas de Informação;Superior;Ação Afirmativa;2026/1;1;8;54;4;2029,5;2030;0,5;4
16932;Campus Cachoeiro de Itapemirim;Sistemas de Informação;Superior;Ampla Concorrência;2026/1;1;8;55;4;2029,5;2030;0,5;4
16933;Campus Cachoeiro de Itapemirim;Sistemas de Informação;Superior;Ampla Concorrência;2026/1;1;8;59;4;2029,5;2030;0,5;4
16934;Campus Cachoeiro de Itapemirim;Sistemas de Informação;Superior;Ampla Concorrência;2026/1;1;8;53;4;2029,5;2030;0,5;4
16935;Campus Cachoeiro de Itapemirim;Sistemas de Informação;Superior;Ampla Concorrência;2026/1;1;8;55;4;2029,5;2030;0,5;4
16936;Campus Cachoeiro de Itapemirim;Técnico em Eletromecânica;Concomitante;Ação Afirmativa;2026/2;1;4;29;2;2028,0;2028;0;2
16937;Campus Cachoeiro de Itapemirim;Técnico em Eletromecânica;Concomitante;Ampla Concorrência;2026/2;1;4;29;2;2028,0;2028;0;2
16938;Campus Cachoeiro de Itapemirim;Técnico em Eletromecânica;Concomitante;Ampla Concorrência;2026/2;1;4;29;2;2028,0;2028;0;2
16939;Campus Cachoeiro de Itapemirim;Técnico em Eletromecânica;Concomitante;Ação Afirmativa;2026/2;1;4;29;2;2028,0;2028;0;2
16940;Campus Cachoeiro de Itapemirim;Técnico em Eletromecânica;Concomitante;Ampla Concorrência;2026/2;1;4;29;2;2028,0;2028;0;2
16941;Campus Cachoeiro de Itapemirim;Técnico em Eletromecânica;Concomitante;Ampla Concorrência;2026/2;1;4;29;2;2028,0;2028;0;2
16942;Campus Cachoeiro de Itapemirim;Técnico em Eletromecânica;Concomitante;Ampla Concorrência;2026/2;1;4;29;2;2028,0;2028;0;2
16943;Campus Cachoeiro de Itapemirim;Técnico em Eletromecânica;Concomitante;Ampla Concorrência;2026/2;1;4;29;2;2028,0;2028;0;2
16944;Campus Cachoeiro de Itapemirim;Técnico em Eletromecânica;Concomitante;Ação Afirmativa;2026/2;1;4;29;2;2028,0;2028;0;2
16945;Campus Cachoeiro de Itapemirim;Técnico em Eletromecânica;Concomitante;Ampla Concorrência;2026/2;1;4;29;2;2028,0;2028;0;2
16946;Campus Cachoeiro de Itapemirim;Técnico em Eletromecânica;Concomitante;Ampla Concorrência;2026/2;1;4;29;2;2028,0;2028;0;2
16947;Campus Cachoeiro de Itapemirim;Técnico em Eletromecânica;Concomitante;Ação Afirmativa;2026/2;1;4;29;2;2028,0;2028;0;2
16948;Campus Cachoeiro de Itapemirim;Técnico em Eletromecânica;Concomitante;Ampla Concorrência;2026/2;1;4;29;2;2028,0;2028;0;2
16949;Campus Cachoeiro de Itapemirim;Técnico em Eletromecânica;Concomitante;Ação Afirmativa;2026/2;1;4;29;2;2028,0;2028;0;2
16950;Campus Cachoeiro de Itapemirim;Técnico em Eletromecânica;Concomitante;Ampla Concorrência;2026/2;1;4;29;2;2028,0;2028;0;2
16951;Campus Cachoeiro de Itapemirim;Técnico em Eletromecânica;Concomitante;Ampla Concorrência;2026/2;1;4;29;2;2028,0;2028;0;2
16952;Campus Cachoeiro de Itapemirim;Técnico em Eletromecânica;Concomitante;Ampla Concorrência;2026/2;1;4;29;2;2028,0;2028;0;2
16953;Campus Cachoeiro de Itapemirim;Técnico em Eletromecânica;Concomitante;Ampla Concorrência;2026/2;1;4;29;2;2028,0;2028;0;2
16954;Campus Cachoeiro de Itapemirim;Técnico em Eletromecânica;Concomitante;Ampla Concorrência;2026/2;1;4;29;2;2028,0;2028;0;2
16955;Campus Cachoeiro de Itapemirim;Técnico em Eletromecânica;Concomitante;Ampla Concorrência;2026/2;1;4;29;2;2028,0;2028;0;2
16956;Campus Cachoeiro de Itapemirim;Técnico em Eletromecânica;Concomitante;Ampla Concorrência;2026/2;1;4;29;2;2028,0;2028;0;2
16957;Campus Cachoeiro de Itapemirim;Técnico em Eletromecânica;Concomitante;Ampla Concorrência;2026/2;1;4;29;2;2028,0;2028;0;2
16958;Campus Cachoeiro de Itapemirim;Técnico em Eletromecânica;Concomitante;Ampla Concorrência;2026/2;1;4;29;2;2028,0;2028;0;2
16959;Campus Cachoeiro de Itapemirim;Técnico em Eletromecânica;Concomitante;Ampla Concorrência;2026/2;1;4;29;2;2028,0;2028;0;2
16960;Campus Cachoeiro de Itapemirim;Técnico em Eletromecânica;Concomitante;Ampla Concorrência;2026/2;1;4;29;2;2028,0;2028;0;2
16961;Campus Cachoeiro de Itapemirim;Técnico em Eletromecânica;Concomitante;Ampla Concorrência;2026/2;1;4;29;2;2028,0;2028;0;2
16962;Campus Cachoeiro de Itapemirim;Técnico em Eletromecânica;Concomitante;Ampla Concorrência;2026/2;1;4;29;2;2028,0;2028;0;2
16963;Campus Cachoeiro de Itapemirim;Técnico em Eletromecânica;Concomitante;Ampla Concorrência;2026/2;1;4;29;2;2028,0;2028;0;2
16964;Campus Cachoeiro de Itapemirim;Técnico em Informática para Internet;Concomitante;Ação Afirmativa;2026/2;1;4;20;2;2028,0;2028;0;2
16965;Campus Cachoeiro de Itapemirim;Técnico em Informática para Internet;Concomitante;Ação Afirmativa;2026/2;1;4;20;2;2028,0;2028;0;2
16966;Campus Cachoeiro de Itapemirim;Técnico em Informática para Internet;Concomitante;Ampla Concorrência;2026/2;1;4;20;2;2028,0;2028;0;2
16967;Campus Cachoeiro de Itapemirim;Técnico em Informática para Internet;Concomitante;Ampla Concorrência;2026/2;1;4;20;2;2028,0;2028;0;2
16968;Campus Cachoeiro de Itapemirim;Técnico em Informática para Internet;Concomitante;Ação Afirmativa;2026/2;1;4;20;2;2028,0;2028;0;2
16969;Campus Cachoeiro de Itapemirim;Técnico em Informática para Internet;Concomitante;Ampla Concorrência;2026/2;1;4;20;2;2028,0;2028;0;2
16970;Campus Cachoeiro de Itapemirim;Técnico em Informática para Internet;Concomitante;Ampla Concorrência;2026/2;1;4;20;2;2028,0;2028;0;2
16971;Campus Cachoeiro de Itapemirim;Técnico em Informática para Internet;Concomitante;Ampla Concorrência;2026/2;1;4;20;2;2028,0;2028;0;2
16972;Campus Cachoeiro de Itapemirim;Técnico em Informática para Internet;Concomitante;Ampla Concorrência;2026/2;1;4;20;2;2028,0;2028;0;2
16973;Campus Cachoeiro de Itapemirim;Técnico em Informática para Internet;Concomitante;Ampla Concorrência;2026/2;1;4;20;2;2028,0;2028;0;2
16974;Campus Cachoeiro de Itapemirim;Técnico em Informática para Internet;Concomitante;Ampla Concorrência;2026/2;1;4;20;2;2028,0;2028;0;2
16975;Campus Cachoeiro de Itapemirim;Técnico em Informática para Internet;Concomitante;Ampla Concorrência;2026/2;1;4;20;2;2028,0;2028;0;2
16976;Campus Cachoeiro de Itapemirim;Técnico em Informática para Internet;Concomitante;Ampla Concorrência;2026/2;1;4;20;2;2028,0;2028;0;2
16977;Campus Cachoeiro de Itapemirim;Técnico em Informática para Internet;Concomitante;Ampla Concorrência;2026/2;1;4;20;2;2028,0;2028;0;2
16978;Campus Cachoeiro de Itapemirim;Técnico em Informática para Internet;Concomitante;Ampla Concorrência;2026/2;1;4;20;2;2028,0;2028;0;2
16979;Campus Cachoeiro de Itapemirim;Técnico em Informática para Internet;Concomitante;Ampla Concorrência;2026/2;1;4;20;2;2028,0;2028;0;2
16980;Campus Cachoeiro de Itapemirim;Técnico em Informática para Internet;Concomitante;Ampla Concorrência;2026/2;1;4;20;2;2028,0;2028;0;2
16981;Campus Cachoeiro de Itapemirim;Técnico em Informática para Internet;Concomitante;Ampla Concorrência;2026/2;1;4;20;2;2028,0;2028;0;2
16982;Campus Cachoeiro de Itapemirim;Técnico em Informática para Internet;Concomitante;Ação Afirmativa;2026/2;1;4;20;2;2028,0;2028;0;2
16983;Campus Cachoeiro de Itapemirim;Técnico em Informática para Internet;Concomitante;Ampla Concorrência;2026/2;1;4;20;2;2028,0;2028;0;2
16984;Campus Cachoeiro de Itapemirim;Técnico em Informática para Internet;Concomitante;Ampla Concorrência;2026/2;1;4;20;2;2028,0;2028;0;2
16985;Campus Cachoeiro de Itapemirim;Técnico em Informática para Internet;Concomitante;Ação Afirmativa;2026/2;1;4;20;2;2028,0;2028;0;2
16986;Campus Cachoeiro de Itapemirim;Técnico em Informática para Internet;Concomitante;Ampla Concorrência;2026/2;1;4;20;2;2028,0;2028;0;2
16987;Campus Cachoeiro de Itapemirim;Técnico em Informática para Internet;Concomitante;Ampla Concorrência;2026/2;1;4;20;2;2028,0;2028;0;2
16988;Campus Cachoeiro de Itapemirim;Técnico em Informática para Internet;Concomitante;Ampla Concorrência;2026/2;1;4;20;2;2028,0;2028;0;2
16989;Campus Cachoeiro de Itapemirim;Técnico em Informática para Internet;Concomitante;Ação Afirmativa;2026/2;1;4;20;2;2028,0;2028;0;2
16990;Campus Cachoeiro de Itapemirim;Técnico em Informática para Internet;Concomitante;Ampla Concorrência;2026/2;1;4;20;2;2028,0;2028;0;2
16991;Campus Cachoeiro de Itapemirim;Técnico em Informática para Internet;Concomitante;Ampla Concorrência;2026/2;1;4;20;2;2028,0;2028;0;2
16992;Campus Cachoeiro de Itapemirim;Técnico em Informática para Internet;Concomitante;Outros;2026/2;1;4;20;2;2028,0;2028;0;2
16993;Campus Cachoeiro de Itapemirim;Técnico em Informática para Internet;Concomitante;Ampla Concorrência;2026/2;1;4;20;2;2028,0;2028;0;2
16994;Campus Cachoeiro de Itapemirim;Técnico em Mineração;Concomitante;Ampla Concorrência;2026/2;1;4;22;2;2028,0;2028;0;2
16995;Campus Cachoeiro de Itapemirim;Técnico em Mineração;Concomitante;Ampla Concorrência;2026/2;1;4;22;2;2028,0;2028;0;2
16996;Campus Cachoeiro de Itapemirim;Técnico em Mineração;Concomitante;Ampla Concorrência;2026/2;1;4;22;2;2028,0;2028;0;2
16997;Campus Cachoeiro de Itapemirim;Técnico em Mineração;Concomitante;Ampla Concorrência;2026/2;1;4;22;2;2028,0;2028;0;2
16998;Campus Cachoeiro de Itapemirim;Técnico em Mineração;Concomitante;Ampla Concorrência;2026/2;1;4;22;2;2028,0;2028;0;2
16999;Campus Cachoeiro de Itapemirim;Técnico em Mineração;Concomitante;Ampla Concorrência;2026/2;1;4;22;2;2028,0;2028;0;2
17001;Campus Cachoeiro de Itapemirim;Técnico em Mineração;Concomitante;Ampla Concorrência;2026/2;1;4;22;2;2028,0;2028;0;2
17002;Campus Cachoeiro de Itapemirim;Técnico em Mineração;Concomitante;Ampla Concorrência;2026/2;1;4;22;2;2028,0;2028;0;2
17003;Campus Cachoeiro de Itapemirim;Técnico em Mineração;Concomitante;Ampla Concorrência;2026/2;1;4;22;2;2028,0;2028;0;2
17004;Campus Cachoeiro de Itapemirim;Técnico em Mineração;Concomitante;Ação Afirmativa;2026/2;1;4;22;2;2028,0;2028;0;2
17005;Campus Cachoeiro de Itapemirim;Técnico em Mineração;Concomitante;Ampla Concorrência;2026/2;1;4;22;2;2028,0;2028;0;2
17006;Campus Cachoeiro de Itapemirim;Técnico em Mineração;Concomitante;Ação Afirmativa;2026/2;1;4;22;2;2028,0;2028;0;2
17007;Campus Cachoeiro de Itapemirim;Técnico em Mineração;Concomitante;Ampla Concorrência;2026/2;1;4;22;2;2028,0;2028;0;2
17008;Campus Cachoeiro de Itapemirim;Técnico em Mineração;Concomitante;Ampla Concorrência;2026/2;1;4;22;2;2028,0;2028;0;2
17009;Campus Cachoeiro de Itapemirim;Técnico em Mineração;Concomitante;Ampla Concorrência;2026/2;1;4;22;2;2028,0;2028;0;2
17010;Campus Cachoeiro de Itapemirim;Técnico em Mineração;Concomitante;Ampla Concorrência;2026/2;1;4;22;2;2028,0;2028;0;2
17011;Campus Cachoeiro de Itapemirim;Técnico em Mineração;Concomitante;Ampla Concorrência;2026/2;1;4;22;2;2028,0;2028;0;2
17012;Campus Cachoeiro de Itapemirim;Técnico em Mineração;Concomitante;Ampla Concorrência;2026/2;1;4;22;2;2028,0;2028;0;2
17013;Campus Cachoeiro de Itapemirim;Técnico em Mineração;Concomitante;Ampla Concorrência;2026/2;1;4;22;2;2028,0;2028;0;2
17015;Campus Cachoeiro de Itapemirim;Técnico em Mineração;Concomitante;Ampla Concorrência;2026/2;1;4;22;2;2028,0;2028;0;2
17016;Campus Cachoeiro de Itapemirim;Técnico em Mineração;Concomitante;Ampla Concorrência;2026/2;1;4;22;2;2028,0;2028;0;2
17017;Campus Cachoeiro de Itapemirim;Técnico em Mineração;Concomitante;Ampla Concorrência;2026/2;1;4;22;2;2028,0;2028;0;2
17018;Campus Cachoeiro de Itapemirim;Técnico em Mineração;Concomitante;Ampla Concorrência;2026/2;1;4;22;2;2028,0;2028;0;2
17020;Campus Cachoeiro de Itapemirim;Técnico em Mineração;Concomitante;Ampla Concorrência;2026/2;1;4;22;2;2028,0;2028;0;2
17021;Campus Cachoeiro de Itapemirim;Técnico em Mineração;Concomitante;Ampla Concorrência;2026/2;1;4;22;2;2028,0;2028;0;2
17022;Campus Cachoeiro de Itapemirim;Técnico em Mineração;Concomitante;Ampla Concorrência;2026/2;1;4;22;2;2028,0;2028;0;2
17023;Campus Cachoeiro de Itapemirim;Técnico em Mineração;Concomitante;Ampla Concorrência;2026/2;1;4;22;2;2028,0;2028;0;2
17024;Campus Cachoeiro de Itapemirim;Técnico em Mineração;Concomitante;Ampla Concorrência;2026/2;1;4;22;2;2028,0;2028;0;2
17025;Campus Cachoeiro de Itapemirim;Técnico em Mecânica Intercomplementar;Concomitante;Ampla Concorrência;2026/2;1;4;25;2;2028,0;2028;0;2
17026;Campus Cachoeiro de Itapemirim;Técnico em Mecânica Intercomplementar;Concomitante;Ampla Concorrência;2026/2;1;4;25;2;2028,0;2028;0;2
17027;Campus Cachoeiro de Itapemirim;Técnico em Mecânica Intercomplementar;Concomitante;Ampla Concorrência;2026/2;1;4;25;2;2028,0;2028;0;2
17028;Campus Cachoeiro de Itapemirim;Técnico em Mecânica Intercomplementar;Concomitante;Ampla Concorrência;2026/2;1;4;25;2;2028,0;2028;0;2
17029;Campus Cachoeiro de Itapemirim;Técnico em Mecânica Intercomplementar;Concomitante;Ampla Concorrência;2026/2;1;4;25;2;2028,0;2028;0;2
17030;Campus Cachoeiro de Itapemirim;Técnico em Mecânica Intercomplementar;Concomitante;Ampla Concorrência;2026/2;1;4;25;2;2028,0;2028;0;2
17031;Campus Cachoeiro de Itapemirim;Técnico em Mecânica Intercomplementar;Concomitante;Ampla Concorrência;2026/2;1;4;25;2;2028,0;2028;0;2
17032;Campus Cachoeiro de Itapemirim;Técnico em Mecânica Intercomplementar;Concomitante;Ampla Concorrência;2026/2;1;4;25;2;2028,0;2028;0;2
17033;Campus Cachoeiro de Itapemirim;Técnico em Mecânica Intercomplementar;Concomitante;Ampla Concorrência;2026/2;1;4;25;2;2028,0;2028;0;2
17034;Campus Cachoeiro de Itapemirim;Técnico em Mecânica Intercomplementar;Concomitante;Ampla Concorrência;2026/2;1;4;25;2;2028,0;2028;0;2
17035;Campus Cachoeiro de Itapemirim;Técnico em Mecânica Intercomplementar;Concomitante;Ampla Concorrência;2026/2;1;4;25;2;2028,0;2028;0;2
17036;Campus Cachoeiro de Itapemirim;Técnico em Mecânica Intercomplementar;Concomitante;Ampla Concorrência;2026/2;1;4;25;2;2028,0;2028;0;2
17037;Campus Cachoeiro de Itapemirim;Técnico em Mecânica Intercomplementar;Concomitante;Ampla Concorrência;2026/2;1;4;25;2;2028,0;2028;0;2
17038;Campus Cachoeiro de Itapemirim;Técnico em Mecânica Intercomplementar;Concomitante;Ampla Concorrência;2026/2;1;4;25;2;2028,0;2028;0;2
17039;Campus Cachoeiro de Itapemirim;Técnico em Mecânica Intercomplementar;Concomitante;Ampla Concorrência;2026/2;1;4;25;2;2028,0;2028;0;2
17040;Campus Cachoeiro de Itapemirim;Técnico em Mecânica Intercomplementar;Concomitante;Ampla Concorrência;2026/2;1;4;25;2;2028,0;2028;0;2
17041;Campus Cachoeiro de Itapemirim;Técnico em Mecânica Intercomplementar;Concomitante;Ampla Concorrência;2026/2;1;4;25;2;2028,0;2028;0;2
17042;Campus Cachoeiro de Itapemirim;Técnico em Mecânica Intercomplementar;Concomitante;Ampla Concorrência;2026/2;1;4;25;2;2028,0;2028;0;2
17043;Campus Cachoeiro de Itapemirim;Técnico em Mecânica Intercomplementar;Concomitante;Ampla Concorrência;2026/2;1;4;25;2;2028,0;2028;0;2
17044;Campus Cachoeiro de Itapemirim;Técnico em Mineração Intercomplementar;Concomitante;Ação Afirmativa;2026/2;1;4;20;2;2028,0;2028;0;2
17045;Campus Cachoeiro de Itapemirim;Técnico em Mineração Intercomplementar;Concomitante;Ampla Concorrência;2026/2;1;4;20;2;2028,0;2028;0;2
17046;Campus Cachoeiro de Itapemirim;Técnico em Mineração Intercomplementar;Concomitante;Ampla Concorrência;2026/2;1;4;20;2;2028,0;2028;0;2
17047;Campus Cachoeiro de Itapemirim;Técnico em Mineração Intercomplementar;Concomitante;Ação Afirmativa;2026/2;1;4;20;2;2028,0;2028;0;2
17048;Campus Cachoeiro de Itapemirim;Técnico em Mineração Intercomplementar;Concomitante;Ampla Concorrência;2026/2;1;4;20;2;2028,0;2028;0;2
17049;Campus Cachoeiro de Itapemirim;Técnico em Mineração Intercomplementar;Concomitante;Ampla Concorrência;2026/2;1;4;20;2;2028,0;2028;0;2
17050;Campus Cachoeiro de Itapemirim;Técnico em Mineração Intercomplementar;Concomitante;Ampla Concorrência;2026/2;1;4;20;2;2028,0;2028;0;2
17051;Campus Cachoeiro de Itapemirim;Técnico em Mineração Intercomplementar;Concomitante;Ampla Concorrência;2026/2;1;4;20;2;2028,0;2028;0;2
17052;Campus Cachoeiro de Itapemirim;Técnico em Mineração Intercomplementar;Concomitante;Ação Afirmativa;2026/2;1;4;20;2;2028,0;2028;0;2
17053;Campus Cachoeiro de Itapemirim;Técnico em Mineração Intercomplementar;Concomitante;Ação Afirmativa;2026/2;1;4;20;2;2028,0;2028;0;2
17054;Campus Cachoeiro de Itapemirim;Técnico em Mineração Intercomplementar;Concomitante;Ampla Concorrência;2026/2;1;4;20;2;2028,0;2028;0;2
17055;Campus Cachoeiro de Itapemirim;Técnico em Mineração Intercomplementar;Concomitante;Ampla Concorrência;2026/2;1;4;20;2;2028,0;2028;0;2
17056;Campus Cachoeiro de Itapemirim;Técnico em Mineração Intercomplementar;Concomitante;Ampla Concorrência;2026/2;1;4;20;2;2028,0;2028;0;2
17057;Campus Cachoeiro de Itapemirim;Técnico em Mineração Intercomplementar;Concomitante;Ampla Concorrência;2026/2;1;4;20;2;2028,0;2028;0;2
17058;Campus Cachoeiro de Itapemirim;Técnico em Mineração Intercomplementar;Concomitante;Ampla Concorrência;2026/2;1;4;20;2;2028,0;2028;0;2
17059;Campus Cachoeiro de Itapemirim;Técnico em Mineração Intercomplementar;Concomitante;Ação Afirmativa;2026/2;1;4;20;2;2028,0;2028;0;2
17060;Campus Cachoeiro de Itapemirim;Técnico em Mineração Intercomplementar;Concomitante;Ação Afirmativa;2026/2;1;4;20;2;2028,0;2028;0;2
17061;Campus Cachoeiro de Itapemirim;Técnico em Mineração Intercomplementar;Concomitante;Ação Afirmativa;2026/2;1;4;20;2;2028,0;2028;0;2
17062;Campus Cachoeiro de Itapemirim;Técnico em Mineração Intercomplementar;Concomitante;Ampla Concorrência;2026/2;1;4;20;2;2028,0;2028;0;2
