Ano;Instituição;Estrutura com Matrícula;Modalidade de Ensino;Tipo de Curso;Tipo de Oferta;Nome do Curso;Turno do Curso;Situação;Fluxo Escolar;FluxoRetido;Matrículas
2025;IFES;Campus Cachoeiro de Itapemirim;Educação a Distância;Licenciatura;Não se aplica;Licenciatura em Informática;Não se aplica;Concluintes;Concluída;Em fluxo;6
2025;IFES;Campus Cachoeiro de Itapemirim;Educação a Distância;Licenciatura;Não se aplica;Licenciatura em Informática;Não se aplica;Concluintes;Integralizada;Em fluxo;3
2025;IFES;Campus Cachoeiro de Itapemirim;Educação a Distância;Licenciatura;Não se aplica;Licenciatura em Informática;Não se aplica;Em curso;Em curso;Em fluxo;
2025;IFES;Campus Cachoeiro de Itapemirim;Educação a Distância;Licenciatura;Não se aplica;Licenciatura em Informática;Não se aplica;Em curso;Em curso;Retido;7
2025;IFES;Campus Cachoeiro de Itapemirim;Educação a Distância;Licenciatura;Não se aplica;Licenciatura em Informática;Não se aplica;Evadidos;Abandono;Em fluxo;
2025;IFES;Campus Cachoeiro de Itapemirim;Educação a Distância;Licenciatura;Não se aplica;Licenciatura em Informática;Não se aplica;Evadidos;Desligada;Em fluxo;8
2025;IFES;Campus Cachoeiro de Itapemirim;Educação a Distância;Licenciatura;Não se aplica;Licenciatura em Informática;Não se aplica;Evadidos;Transf. externa;Em fluxo;
2025;IFES;Campus Cachoeiro de Itapemirim;Educação a Distância;Especialização (Lato Sensu);Não se aplica;Ensino de Ciências Naturais;Não se aplica;Concluintes;Concluída;Em fluxo;
2025;IFES;Campus Cachoeiro de Itapemirim;Educação a Distância;Especialização (Lato Sensu);Não se aplica;Ensino de Ciências Naturais;Não se aplica;Concluintes;Integralizada;Em fluxo;
2025;IFES;Campus Cachoeiro de Itapemirim;Educação a Distância;Especialização (Lato Sensu);Não se aplica;Ensino de Ciências Naturais;Não se aplica;Em curso;Em curso;Em fluxo;
2025;IFES;Campus Cachoeiro de Itapemirim;Educação a Distância;Especialização (Lato Sensu);Não se aplica;Ensino de Ciências Naturais;Não se aplica;Em curso;Em curso;Retido;29
2025;IFES;Campus Cachoeiro de Itapemirim;Educação a Distância;Especialização (Lato Sensu);Não se aplica;Ensino de Ciências Naturais;Não se aplica;Evadidos;Abandono;Em fluxo;
2025;IFES;Campus Cachoeiro de Itapemirim;Educação a Distância;Especialização (Lato Sensu);Não se aplica;Ensino de Ciências Naturais;Não se aplica;Evadidos;Desligada;Em fluxo;1
2025;IFES;Campus Cachoeiro de Itapemirim;Educação a Distância;Especialização (Lato Sensu);Não se aplica;Ensino de Ciências Naturais;Não se aplica;Evadidos;Transf. externa;Em fluxo;
2025;IFES;Campus Cachoeiro de Itapemirim;Educação Presencial;Qualificação Profissional (FIC);Concomitante;Qualificação Profissional (FIC) - Desenvolvimento Educacional e Social;Vespertino;Concluintes;Concluída;Em fluxo;31
2025;IFES;Campus Cachoeiro de Itapemirim;Educação Presencial;Qualificação Profissional (FIC);Concomitante;Qualificação Profissional (FIC) - Desenvolvimento Educacional e Social;Vespertino;Concluintes;Integralizada;Em fluxo;
2025;IFES;Campus Cachoeiro de Itapemirim;Educação Presencial;Qualificação Profissional (FIC);Concomitante;Qualificação Profissional (FIC) - Desenvolvimento Educacional e Social;Vespertino;Em curso;Em curso;Em fluxo;
2025;IFES;Campus Cachoeiro de Itapemirim;Educação Presencial;Qualificação Profissional (FIC);Concomitante;Qualificação Profissional (FIC) - Desenvolvimento Educacional e Social;Vespertino;Em curso;Em curso;Retido;
2025;IFES;Campus Cachoeiro de Itapemirim;Educação Presencial;Qualificação Profissional (FIC);Concomitante;Qualificação Profissional (FIC) - Desenvolvimento Educacional e Social;Vespertino;Evadidos;Abandono;Em fluxo;5
2025;IFES;Campus Cachoeiro de Itapemirim;Educação Presencial;Qualificação Profissional (FIC);Concomitante;Qualificação Profissional (FIC) - Desenvolvimento Educacional e Social;Vespertino;Evadidos;Desligada;Em fluxo;
2025;IFES;Campus Cachoeiro de Itapemirim;Educação Presencial;Qualificação Profissional (FIC);Concomitante;Qualificação Profissional (FIC) - Desenvolvimento Educacional e Social;Vespertino;Evadidos;Transf. externa;Em fluxo;
2025;IFES;Campus Cachoeiro de Itapemirim;Educação Presencial;Qualificação Profissional (FIC);Não se aplica;Qualificação Profissional (FIC) - Produção Industrial;Noturno;Concluintes;Concluída;Em fluxo;
2025;IFES;Campus Cachoeiro de Itapemirim;Educação Presencial;Qualificação Profissional (FIC);Não se aplica;Qualificação Profissional (FIC) - Produção Industrial;Noturno;Concluintes;Integralizada;Em fluxo;
2025;IFES;Campus Cachoeiro de Itapemirim;Educação Presencial;Qualificação Profissional (FIC);Não se aplica;Qualificação Profissional (FIC) - Produção Industrial;Noturno;Em curso;Em curso;Em fluxo;
2025;IFES;Campus Cachoeiro de Itapemirim;Educação Presencial;Qualificação Profissional (FIC);Não se aplica;Qualificação Profissional (FIC) - Produção Industrial;Noturno;Em curso;Em curso;Retido;
2025;IFES;Campus Cachoeiro de Itapemirim;Educação Presencial;Qualificação Profissional (FIC);Não se aplica;Qualificação Profissional (FIC) - Produção Industrial;Noturno;Evadidos;Abandono;Em fluxo;1
2025;IFES;Campus Cachoeiro de Itapemirim;Educação Presencial;Qualificação Profissional (FIC);Não se aplica;Qualificação Profissional (FIC) - Produção Industrial;Noturno;Evadidos;Desligada;Em fluxo;
2025;IFES;Campus Cachoeiro de Itapemirim;Educação Presencial;Qualificação Profissional (FIC);Não se aplica;Qualificação Profissional (FIC) - Produção Industrial;Noturno;Evadidos;Transf. externa;Em fluxo;
2025;IFES;Campus Cachoeiro de Itapemirim;Educação Presencial;Técnico;Concomitante;Técnico em Eletromecânica;Noturno;Concluintes;Concluída;Em fluxo;13
2025;IFES;Campus Cachoeiro de Itapemirim;Educação Presencial;Técnico;Concomitante;Técnico em Eletromecânica;Noturno;Concluintes;Integralizada;Em fluxo;3
2025;IFES;Campus Cachoeiro de Itapemirim;Educação Presencial;Técnico;Concomitante;Técnico em Eletromecânica;Noturno;Em curso;Em curso;Em fluxo;70
2025;IFES;Campus Cachoeiro de Itapemirim;Educação Presencial;Técnico;Concomitante;Técnico em Eletromecânica;Noturno;Em curso;Em curso;Retido;23
2025;IFES;Campus Cachoeiro de Itapemirim;Educação Presencial;Técnico;Concomitante;Técnico em Eletromecânica;Noturno;Evadidos;Abandono;Em fluxo;
2025;IFES;Campus Cachoeiro de Itapemirim;Educação Presencial;Técnico;Concomitante;Técnico em Eletromecânica;Noturno;Evadidos;Desligada;Em fluxo;42
2025;IFES;Campus Cachoeiro de Itapemirim;Educação Presencial;Técnico;Concomitante;Técnico em Eletromecânica;Noturno;Evadidos;Transf. externa;Em fluxo;
2025;IFES;Campus Cachoeiro de Itapemirim;Educação Presencial;Técnico;Concomitante;Técnico em Informática;Noturno;Concluintes;Concluída;Em fluxo;11
2025;IFES;Campus Cachoeiro de Itapemirim;Educação Presencial;Técnico;Concomitante;Técnico em Informática;Noturno;Concluintes;Integralizada;Em fluxo;
2025;IFES;Campus Cachoeiro de Itapemirim;Educação Presencial;Técnico;Concomitante;Técnico em Informática;Noturno;Em curso;Em curso;Em fluxo;
2025;IFES;Campus Cachoeiro de Itapemirim;Educação Presencial;Técnico;Concomitante;Técnico em Informática;Noturno;Em curso;Em curso;Retido;15
2025;IFES;Campus Cachoeiro de Itapemirim;Educação Presencial;Técnico;Concomitante;Técnico em Informática;Noturno;Evadidos;Abandono;Em fluxo;
2025;IFES;Campus Cachoeiro de Itapemirim;Educação Presencial;Técnico;Concomitante;Técnico em Informática;Noturno;Evadidos;Desligada;Em fluxo;13
2025;IFES;Campus Cachoeiro de Itapemirim;Educação Presencial;Técnico;Concomitante;Técnico em Informática;Noturno;Evadidos;Transf. externa;Em fluxo;4
2025;IFES;Campus Cachoeiro de Itapemirim;Educação Presencial;Técnico;Concomitante;Técnico em Informática para Internet;Noturno;Concluintes;Concluída;Em fluxo;
2025;IFES;Campus Cachoeiro de Itapemirim;Educação Presencial;Técnico;Concomitante;Técnico em Informática para Internet;Noturno;Concluintes;Integralizada;Em fluxo;
2025;IFES;Campus Cachoeiro de Itapemirim;Educação Presencial;Técnico;Concomitante;Técnico em Informática para Internet;Noturno;Em curso;Em curso;Em fluxo;64
2025;IFES;Campus Cachoeiro de Itapemirim;Educação Presencial;Técnico;Concomitante;Técnico em Informática para Internet;Noturno;Em curso;Em curso;Retido;19
2025;IFES;Campus Cachoeiro de Itapemirim;Educação Presencial;Técnico;Concomitante;Técnico em Informática para Internet;Noturno;Evadidos;Abandono;Em fluxo;
2025;IFES;Campus Cachoeiro de Itapemirim;Educação Presencial;Técnico;Concomitante;Técnico em Informática para Internet;Noturno;Evadidos;Desligada;Em fluxo;42
2025;IFES;Campus Cachoeiro de Itapemirim;Educação Presencial;Técnico;Concomitante;Técnico em Informática para Internet;Noturno;Evadidos;Transf. externa;Em fluxo;
2025;IFES;Campus Cachoeiro de Itapemirim;Educação Presencial;Técnico;Concomitante;Técnico em Mecânica;Vespertino;Concluintes;Concluída;Em fluxo;1
2025;IFES;Campus Cachoeiro de Itapemirim;Educação Presencial;Técnico;Concomitante;Técnico em Mecânica;Vespertino;Concluintes;Integralizada;Em fluxo;
2025;IFES;Campus Cachoeiro de Itapemirim;Educação Presencial;Técnico;Concomitante;Técnico em Mecânica;Vespertino;Em curso;Em curso;Em fluxo;39
2025;IFES;Campus Cachoeiro de Itapemirim;Educação Presencial;Técnico;Concomitante;Técnico em Mecânica;Vespertino;Em curso;Em curso;Retido;11
2025;IFES;Campus Cachoeiro de Itapemirim;Educação Presencial;Técnico;Concomitante;Técnico em Mecânica;Vespertino;Evadidos;Abandono;Em fluxo;
2025;IFES;Campus Cachoeiro de Itapemirim;Educação Presencial;Técnico;Concomitante;Técnico em Mecânica;Vespertino;Evadidos;Desligada;Em fluxo;7
2025;IFES;Campus Cachoeiro de Itapemirim;Educação Presencial;Técnico;Concomitante;Técnico em Mecânica;Vespertino;Evadidos;Transf. externa;Em fluxo;
2025;IFES;Campus Cachoeiro de Itapemirim;Educação Presencial;Técnico;Concomitante;Técnico em Mineração;Noturno;Concluintes;Concluída;Em fluxo;5
2025;IFES;Campus Cachoeiro de Itapemirim;Educação Presencial;Técnico;Concomitante;Técnico em Mineração;Noturno;Concluintes;Integralizada;Em fluxo;
2025;IFES;Campus Cachoeiro de Itapemirim;Educação Presencial;Técnico;Concomitante;Técnico em Mineração;Noturno;Em curso;Em curso;Em fluxo;59
2025;IFES;Campus Cachoeiro de Itapemirim;Educação Presencial;Técnico;Concomitante;Técnico em Mineração;Noturno;Em curso;Em curso;Retido;53
2025;IFES;Campus Cachoeiro de Itapemirim;Educação Presencial;Técnico;Concomitante;Técnico em Mineração;Noturno;Evadidos;Abandono;Em fluxo;
2025;IFES;Campus Cachoeiro de Itapemirim;Educação Presencial;Técnico;Concomitante;Técnico em Mineração;Noturno;Evadidos;Desligada;Em fluxo;54
2025;IFES;Campus Cachoeiro de Itapemirim;Educação Presencial;Técnico;Concomitante;Técnico em Mineração;Noturno;Evadidos;Transf. externa;Em fluxo;
2025;IFES;Campus Cachoeiro de Itapemirim;Educação Presencial;Técnico;Concomitante;Técnico em Mineração;Vespertino;Concluintes;Concluída;Em fluxo;17
2025;IFES;Campus Cachoeiro de Itapemirim;Educação Presencial;Técnico;Concomitante;Técnico em Mineração;Vespertino;Concluintes;Integralizada;Em fluxo;
2025;IFES;Campus Cachoeiro de Itapemirim;Educação Presencial;Técnico;Concomitante;Técnico em Mineração;Vespertino;Em curso;Em curso;Em fluxo;39
2025;IFES;Campus Cachoeiro de Itapemirim;Educação Presencial;Técnico;Concomitante;Técnico em Mineração;Vespertino;Em curso;Em curso;Retido;18
2025;IFES;Campus Cachoeiro de Itapemirim;Educação Presencial;Técnico;Concomitante;Técnico em Mineração;Vespertino;Evadidos;Abandono;Em fluxo;
2025;IFES;Campus Cachoeiro de Itapemirim;Educação Presencial;Técnico;Concomitante;Técnico em Mineração;Vespertino;Evadidos;Desligada;Em fluxo;1
2025;IFES;Campus Cachoeiro de Itapemirim;Educação Presencial;Técnico;Concomitante;Técnico em Mineração;Vespertino;Evadidos;Transf. externa;Em fluxo;
2025;IFES;Campus Cachoeiro de Itapemirim;Educação Presencial;Técnico;Integrado;Técnico em Eletromecânica;Matutino;Concluintes;Concluída;Em fluxo;2
2025;IFES;Campus Cachoeiro de Itapemirim;Educação Presencial;Técnico;Integrado;Técnico em Eletromecânica;Matutino;Concluintes;Integralizada;Em fluxo;
2025;IFES;Campus Cachoeiro de Itapemirim;Educação Presencial;Técnico;Integrado;Técnico em Eletromecânica;Matutino;Em curso;Em curso;Em fluxo;71
2025;IFES;Campus Cachoeiro de Itapemirim;Educação Presencial;Técnico;Integrado;Técnico em Eletromecânica;Matutino;Em curso;Em curso;Retido;
2025;IFES;Campus Cachoeiro de Itapemirim;Educação Presencial;Técnico;Integrado;Técnico em Eletromecânica;Matutino;Evadidos;Abandono;Em fluxo;
2025;IFES;Campus Cachoeiro de Itapemirim;Educação Presencial;Técnico;Integrado;Técnico em Eletromecânica;Matutino;Evadidos;Desligada;Em fluxo;7
2025;IFES;Campus Cachoeiro de Itapemirim;Educação Presencial;Técnico;Integrado;Técnico em Eletromecânica;Matutino;Evadidos;Transf. externa;Em fluxo;4
2025;IFES;Campus Cachoeiro de Itapemirim;Educação Presencial;Técnico;Integrado;Técnico em Eletromecânica;Vespertino;Concluintes;Concluída;Em fluxo;28
2025;IFES;Campus Cachoeiro de Itapemirim;Educação Presencial;Técnico;Integrado;Técnico em Eletromecânica;Vespertino;Concluintes;Integralizada;Em fluxo;
2025;IFES;Campus Cachoeiro de Itapemirim;Educação Presencial;Técnico;Integrado;Técnico em Eletromecânica;Vespertino;Em curso;Em curso;Em fluxo;39
2025;IFES;Campus Cachoeiro de Itapemirim;Educação Presencial;Técnico;Integrado;Técnico em Eletromecânica;Vespertino;Em curso;Em curso;Retido;9
2025;IFES;Campus Cachoeiro de Itapemirim;Educação Presencial;Técnico;Integrado;Técnico em Eletromecânica;Vespertino;Evadidos;Abandono;Em fluxo;
2025;IFES;Campus Cachoeiro de Itapemirim;Educação Presencial;Técnico;Integrado;Técnico em Eletromecânica;Vespertino;Evadidos;Desligada;Em fluxo;2
2025;IFES;Campus Cachoeiro de Itapemirim;Educação Presencial;Técnico;Integrado;Técnico em Eletromecânica;Vespertino;Evadidos;Transf. externa;Em fluxo;2
2025;IFES;Campus Cachoeiro de Itapemirim;Educação Presencial;Técnico;Integrado;Técnico em Informática;Matutino;Concluintes;Concluída;Em fluxo;1
2025;IFES;Campus Cachoeiro de Itapemirim;Educação Presencial;Técnico;Integrado;Técnico em Informática;Matutino;Concluintes;Integralizada;Em fluxo;
2025;IFES;Campus Cachoeiro de Itapemirim;Educação Presencial;Técnico;Integrado;Técnico em Informática;Matutino;Em curso;Em curso;Em fluxo;38
2025;IFES;Campus Cachoeiro de Itapemirim;Educação Presencial;Técnico;Integrado;Técnico em Informática;Matutino;Em curso;Em curso;Retido;
2025;IFES;Campus Cachoeiro de Itapemirim;Educação Presencial;Técnico;Integrado;Técnico em Informática;Matutino;Evadidos;Abandono;Em fluxo;
2025;IFES;Campus Cachoeiro de Itapemirim;Educação Presencial;Técnico;Integrado;Técnico em Informática;Matutino;Evadidos;Desligada;Em fluxo;2
2025;IFES;Campus Cachoeiro de Itapemirim;Educação Presencial;Técnico;Integrado;Técnico em Informática;Matutino;Evadidos;Transf. externa;Em fluxo;1
2025;IFES;Campus Cachoeiro de Itapemirim;Educação Presencial;Técnico;Integrado;Técnico em Informática;Vespertino;Concluintes;Concluída;Em fluxo;37
2025;IFES;Campus Cachoeiro de Itapemirim;Educação Presencial;Técnico;Integrado;Técnico em Informática;Vespertino;Concluintes;Integralizada;Em fluxo;
2025;IFES;Campus Cachoeiro de Itapemirim;Educação Presencial;Técnico;Integrado;Técnico em Informática;Vespertino;Em curso;Em curso;Em fluxo;40
2025;IFES;Campus Cachoeiro de Itapemirim;Educação Presencial;Técnico;Integrado;Técnico em Informática;Vespertino;Em curso;Em curso;Retido;4
2025;IFES;Campus Cachoeiro de Itapemirim;Educação Presencial;Técnico;Integrado;Técnico em Informática;Vespertino;Evadidos;Abandono;Em fluxo;
2025;IFES;Campus Cachoeiro de Itapemirim;Educação Presencial;Técnico;Integrado;Técnico em Informática;Vespertino;Evadidos;Desligada;Em fluxo;
2025;IFES;Campus Cachoeiro de Itapemirim;Educação Presencial;Técnico;Integrado;Técnico em Informática;Vespertino;Evadidos;Transf. externa;Em fluxo;1
2025;IFES;Campus Cachoeiro de Itapemirim;Educação Presencial;Técnico;Integrado;Técnico em Informática para Internet;Matutino;Concluintes;Concluída;Em fluxo;
2025;IFES;Campus Cachoeiro de Itapemirim;Educação Presencial;Técnico;Integrado;Técnico em Informática para Internet;Matutino;Concluintes;Integralizada;Em fluxo;
2025;IFES;Campus Cachoeiro de Itapemirim;Educação Presencial;Técnico;Integrado;Técnico em Informática para Internet;Matutino;Em curso;Em curso;Em fluxo;40
2025;IFES;Campus Cachoeiro de Itapemirim;Educação Presencial;Técnico;Integrado;Técnico em Informática para Internet;Matutino;Em curso;Em curso;Retido;
2025;IFES;Campus Cachoeiro de Itapemirim;Educação Presencial;Técnico;Integrado;Técnico em Informática para Internet;Matutino;Evadidos;Abandono;Em fluxo;
2025;IFES;Campus Cachoeiro de Itapemirim;Educação Presencial;Técnico;Integrado;Técnico em Informática para Internet;Matutino;Evadidos;Desligada;Em fluxo;
2025;IFES;Campus Cachoeiro de Itapemirim;Educação Presencial;Técnico;Integrado;Técnico em Informática para Internet;Matutino;Evadidos;Transf. externa;Em fluxo;
2025;IFES;Campus Cachoeiro de Itapemirim;Educação Presencial;Bacharelado;Não se aplica;Bacharelado em Sistemas de Informação;Integral;Concluintes;Concluída;Em fluxo;30
2025;IFES;Campus Cachoeiro de Itapemirim;Educação Presencial;Bacharelado;Não se aplica;Bacharelado em Sistemas de Informação;Integral;Concluintes;Integralizada;Em fluxo;1
2025;IFES;Campus Cachoeiro de Itapemirim;Educação Presencial;Bacharelado;Não se aplica;Bacharelado em Sistemas de Informação;Integral;Em curso;Em curso;Em fluxo;104
2025;IFES;Campus Cachoeiro de Itapemirim;Educação Presencial;Bacharelado;Não se aplica;Bacharelado em Sistemas de Informação;Integral;Em curso;Em curso;Retido;48
2025;IFES;Campus Cachoeiro de Itapemirim;Educação Presencial;Bacharelado;Não se aplica;Bacharelado em Sistemas de Informação;Integral;Evadidos;Abandono;Em fluxo;
2025;IFES;Campus Cachoeiro de Itapemirim;Educação Presencial;Bacharelado;Não se aplica;Bacharelado em Sistemas de Informação;Integral;Evadidos;Desligada;Em fluxo;12
2025;IFES;Campus Cachoeiro de Itapemirim;Educação Presencial;Bacharelado;Não se aplica;Bacharelado em Sistemas de Informação;Integral;Evadidos;Transf. externa;Em fluxo;1
2025;IFES;Campus Cachoeiro de Itapemirim;Educação Presencial;Bacharelado;Não se aplica;Engenharia de Minas;Integral;Concluintes;Concluída;Em fluxo;12
2025;IFES;Campus Cachoeiro de Itapemirim;Educação Presencial;Bacharelado;Não se aplica;Engenharia de Minas;Integral;Concluintes;Integralizada;Em fluxo;
2025;IFES;Campus Cachoeiro de Itapemirim;Educação Presencial;Bacharelado;Não se aplica;Engenharia de Minas;Integral;Em curso;Em curso;Em fluxo;66
2025;IFES;Campus Cachoeiro de Itapemirim;Educação Presencial;Bacharelado;Não se aplica;Engenharia de Minas;Integral;Em curso;Em curso;Retido;14
2025;IFES;Campus Cachoeiro de Itapemirim;Educação Presencial;Bacharelado;Não se aplica;Engenharia de Minas;Integral;Evadidos;Abandono;Em fluxo;
2025;IFES;Campus Cachoeiro de Itapemirim;Educação Presencial;Bacharelado;Não se aplica;Engenharia de Minas;Integral;Evadidos;Desligada;Em fluxo;7
2025;IFES;Campus Cachoeiro de Itapemirim;Educação Presencial;Bacharelado;Não se aplica;Engenharia de Minas;Integral;Evadidos;Transf. externa;Em fluxo;
2025;IFES;Campus Cachoeiro de Itapemirim;Educação Presencial;Bacharelado;Não se aplica;Engenharia Mecânica;Integral;Concluintes;Concluída;Em fluxo;12
2025;IFES;Campus Cachoeiro de Itapemirim;Educação Presencial;Bacharelado;Não se aplica;Engenharia Mecânica;Integral;Concluintes;Integralizada;Em fluxo;
2025;IFES;Campus Cachoeiro de Itapemirim;Educação Presencial;Bacharelado;Não se aplica;Engenharia Mecânica;Integral;Em curso;Em curso;Em fluxo;83
2025;IFES;Campus Cachoeiro de Itapemirim;Educação Presencial;Bacharelado;Não se aplica;Engenharia Mecânica;Integral;Em curso;Em curso;Retido;20
2025;IFES;Campus Cachoeiro de Itapemirim;Educação Presencial;Bacharelado;Não se aplica;Engenharia Mecânica;Integral;Evadidos;Abandono;Em fluxo;
2025;IFES;Campus Cachoeiro de Itapemirim;Educação Presencial;Bacharelado;Não se aplica;Engenharia Mecânica;Integral;Evadidos;Desligada;Em fluxo;11
2025;IFES;Campus Cachoeiro de Itapemirim;Educação Presencial;Bacharelado;Não se aplica;Engenharia Mecânica;Integral;Evadidos;Transf. externa;Em fluxo;1
2025;IFES;Campus Cachoeiro de Itapemirim;Educação Presencial;Licenciatura;Não se aplica;Licenciatura em Matemática;Noturno;Concluintes;Concluída;Em fluxo;8
2025;IFES;Campus Cachoeiro de Itapemirim;Educação Presencial;Licenciatura;Não se aplica;Licenciatura em Matemática;Noturno;Concluintes;Integralizada;Em fluxo;1
2025;IFES;Campus Cachoeiro de Itapemirim;Educação Presencial;Licenciatura;Não se aplica;Licenciatura em Matemática;Noturno;Em curso;Em curso;Em fluxo;80
2025;IFES;Campus Cachoeiro de Itapemirim;Educação Presencial;Licenciatura;Não se aplica;Licenciatura em Matemática;Noturno;Em curso;Em curso;Retido;35
2025;IFES;Campus Cachoeiro de Itapemirim;Educação Presencial;Licenciatura;Não se aplica;Licenciatura em Matemática;Noturno;Evadidos;Abandono;Em fluxo;
2025;IFES;Campus Cachoeiro de Itapemirim;Educação Presencial;Licenciatura;Não se aplica;Licenciatura em Matemática;Noturno;Evadidos;Desligada;Em fluxo;10
2025;IFES;Campus Cachoeiro de Itapemirim;Educação Presencial;Licenciatura;Não se aplica;Licenciatura em Matemática;Noturno;Evadidos;Transf. externa;Em fluxo;1
2025;IFES;Campus Cachoeiro de Itapemirim;Educação Presencial;Especialização (Lato Sensu);Não se aplica;Tecnologias de Produção de Rochas Ornamentais;Noturno;Concluintes;Concluída;Em fluxo;
2025;IFES;Campus Cachoeiro de Itapemirim;Educação Presencial;Especialização (Lato Sensu);Não se aplica;Tecnologias de Produção de Rochas Ornamentais;Noturno;Concluintes;Integralizada;Em fluxo;
2025;IFES;Campus Cachoeiro de Itapemirim;Educação Presencial;Especialização (Lato Sensu);Não se aplica;Tecnologias de Produção de Rochas Ornamentais;Noturno;Em curso;Em curso;Em fluxo;
2025;IFES;Campus Cachoeiro de Itapemirim;Educação Presencial;Especialização (Lato Sensu);Não se aplica;Tecnologias de Produção de Rochas Ornamentais;Noturno;Em curso;Em curso;Retido;29
2025;IFES;Campus Cachoeiro de Itapemirim;Educação Presencial;Especialização (Lato Sensu);Não se aplica;Tecnologias de Produção de Rochas Ornamentais;Noturno;Evadidos;Abandono;Em fluxo;
2025;IFES;Campus Cachoeiro de Itapemirim;Educação Presencial;Especialização (Lato Sensu);Não se aplica;Tecnologias de Produção de Rochas Ornamentais;Noturno;Evadidos;Desligada;Em fluxo;
2025;IFES;Campus Cachoeiro de Itapemirim;Educação Presencial;Especialização (Lato Sensu);Não se aplica;Tecnologias de Produção de Rochas Ornamentais;Noturno;Evadidos;Transf. externa;Em fluxo;
2024;IFES;Campus Cachoeiro de Itapemirim;Educação a Distância;Qualificação Profissional (FIC);Não se aplica;Qualificação Profissional (FIC) - Informação e Comunicação;Não se aplica;Concluintes;Concluída;Em fluxo;443
2024;IFES;Campus Cachoeiro de Itapemirim;Educação a Distância;Qualificação Profissional (FIC);Não se aplica;Qualificação Profissional (FIC) - Informação e Comunicação;Não se aplica;Concluintes;Integralizada;Em fluxo;
2024;IFES;Campus Cachoeiro de Itapemirim;Educação a Distância;Qualificação Profissional (FIC);Não se aplica;Qualificação Profissional (FIC) - Informação e Comunicação;Não se aplica;Em curso;Em curso;Em fluxo;
2024;IFES;Campus Cachoeiro de Itapemirim;Educação a Distância;Qualificação Profissional (FIC);Não se aplica;Qualificação Profissional (FIC) - Informação e Comunicação;Não se aplica;Em curso;Em curso;Retido;
2024;IFES;Campus Cachoeiro de Itapemirim;Educação a Distância;Qualificação Profissional (FIC);Não se aplica;Qualificação Profissional (FIC) - Informação e Comunicação;Não se aplica;Evadidos;Abandono;Em fluxo;
2024;IFES;Campus Cachoeiro de Itapemirim;Educação a Distância;Qualificação Profissional (FIC);Não se aplica;Qualificação Profissional (FIC) - Informação e Comunicação;Não se aplica;Evadidos;Desligada;Em fluxo;13
2024;IFES;Campus Cachoeiro de Itapemirim;Educação a Distância;Qualificação Profissional (FIC);Não se aplica;Qualificação Profissional (FIC) - Informação e Comunicação;Não se aplica;Evadidos;Reprovado;Em fluxo;417
2024;IFES;Campus Cachoeiro de Itapemirim;Educação a Distância;Qualificação Profissional (FIC);Não se aplica;Qualificação Profissional (FIC) - Informação e Comunicação;Não se aplica;Evadidos;Transf. externa;Em fluxo;
2024;IFES;Campus Cachoeiro de Itapemirim;Educação a Distância;Licenciatura;Não se aplica;Licenciatura em Informática;Não se aplica;Concluintes;Concluída;Em fluxo;11
2024;IFES;Campus Cachoeiro de Itapemirim;Educação a Distância;Licenciatura;Não se aplica;Licenciatura em Informática;Não se aplica;Concluintes;Integralizada;Em fluxo;
2024;IFES;Campus Cachoeiro de Itapemirim;Educação a Distância;Licenciatura;Não se aplica;Licenciatura em Informática;Não se aplica;Em curso;Em curso;Em fluxo;
2024;IFES;Campus Cachoeiro de Itapemirim;Educação a Distância;Licenciatura;Não se aplica;Licenciatura em Informática;Não se aplica;Em curso;Em curso;Retido;26
2024;IFES;Campus Cachoeiro de Itapemirim;Educação a Distância;Licenciatura;Não se aplica;Licenciatura em Informática;Não se aplica;Evadidos;Abandono;Em fluxo;
2024;IFES;Campus Cachoeiro de Itapemirim;Educação a Distância;Licenciatura;Não se aplica;Licenciatura em Informática;Não se aplica;Evadidos;Desligada;Em fluxo;2
2024;IFES;Campus Cachoeiro de Itapemirim;Educação a Distância;Licenciatura;Não se aplica;Licenciatura em Informática;Não se aplica;Evadidos;Reprovado;Em fluxo;
2024;IFES;Campus Cachoeiro de Itapemirim;Educação a Distância;Licenciatura;Não se aplica;Licenciatura em Informática;Não se aplica;Evadidos;Transf. externa;Em fluxo;
2024;IFES;Campus Cachoeiro de Itapemirim;Educação a Distância;Especialização (Lato Sensu);Não se aplica;Ensino de Ciências Naturais;Não se aplica;Concluintes;Concluída;Em fluxo;
2024;IFES;Campus Cachoeiro de Itapemirim;Educação a Distância;Especialização (Lato Sensu);Não se aplica;Ensino de Ciências Naturais;Não se aplica;Concluintes;Integralizada;Em fluxo;
2024;IFES;Campus Cachoeiro de Itapemirim;Educação a Distância;Especialização (Lato Sensu);Não se aplica;Ensino de Ciências Naturais;Não se aplica;Em curso;Em curso;Em fluxo;30
2024;IFES;Campus Cachoeiro de Itapemirim;Educação a Distância;Especialização (Lato Sensu);Não se aplica;Ensino de Ciências Naturais;Não se aplica;Em curso;Em curso;Retido;
2024;IFES;Campus Cachoeiro de Itapemirim;Educação a Distância;Especialização (Lato Sensu);Não se aplica;Ensino de Ciências Naturais;Não se aplica;Evadidos;Abandono;Em fluxo;
2024;IFES;Campus Cachoeiro de Itapemirim;Educação a Distância;Especialização (Lato Sensu);Não se aplica;Ensino de Ciências Naturais;Não se aplica;Evadidos;Desligada;Em fluxo;
2024;IFES;Campus Cachoeiro de Itapemirim;Educação a Distância;Especialização (Lato Sensu);Não se aplica;Ensino de Ciências Naturais;Não se aplica;Evadidos;Reprovado;Em fluxo;
2024;IFES;Campus Cachoeiro de Itapemirim;Educação a Distância;Especialização (Lato Sensu);Não se aplica;Ensino de Ciências Naturais;Não se aplica;Evadidos;Transf. externa;Em fluxo;
2024;IFES;Campus Cachoeiro de Itapemirim;Educação Presencial;Qualificação Profissional (FIC);Não se aplica;Qualificação Profissional (FIC) - Produção Industrial;Noturno;Concluintes;Concluída;Em fluxo;
2024;IFES;Campus Cachoeiro de Itapemirim;Educação Presencial;Qualificação Profissional (FIC);Não se aplica;Qualificação Profissional (FIC) - Produção Industrial;Noturno;Concluintes;Integralizada;Em fluxo;
2024;IFES;Campus Cachoeiro de Itapemirim;Educação Presencial;Qualificação Profissional (FIC);Não se aplica;Qualificação Profissional (FIC) - Produção Industrial;Noturno;Em curso;Em curso;Em fluxo;21
2024;IFES;Campus Cachoeiro de Itapemirim;Educação Presencial;Qualificação Profissional (FIC);Não se aplica;Qualificação Profissional (FIC) - Produção Industrial;Noturno;Em curso;Em curso;Retido;
2024;IFES;Campus Cachoeiro de Itapemirim;Educação Presencial;Qualificação Profissional (FIC);Não se aplica;Qualificação Profissional (FIC) - Produção Industrial;Noturno;Evadidos;Abandono;Em fluxo;6
2024;IFES;Campus Cachoeiro de Itapemirim;Educação Presencial;Qualificação Profissional (FIC);Não se aplica;Qualificação Profissional (FIC) - Produção Industrial;Noturno;Evadidos;Desligada;Em fluxo;
2024;IFES;Campus Cachoeiro de Itapemirim;Educação Presencial;Qualificação Profissional (FIC);Não se aplica;Qualificação Profissional (FIC) - Produção Industrial;Noturno;Evadidos;Reprovado;Em fluxo;
2024;IFES;Campus Cachoeiro de Itapemirim;Educação Presencial;Qualificação Profissional (FIC);Não se aplica;Qualificação Profissional (FIC) - Produção Industrial;Noturno;Evadidos;Transf. externa;Em fluxo;
2024;IFES;Campus Cachoeiro de Itapemirim;Educação Presencial;Técnico;Concomitante;Técnico em Eletromecânica;Noturno;Concluintes;Concluída;Em fluxo;22
2024;IFES;Campus Cachoeiro de Itapemirim;Educação Presencial;Técnico;Concomitante;Técnico em Eletromecânica;Noturno;Concluintes;Integralizada;Em fluxo;
2024;IFES;Campus Cachoeiro de Itapemirim;Educação Presencial;Técnico;Concomitante;Técnico em Eletromecânica;Noturno;Em curso;Em curso;Em fluxo;81
2024;IFES;Campus Cachoeiro de Itapemirim;Educação Presencial;Técnico;Concomitante;Técnico em Eletromecânica;Noturno;Em curso;Em curso;Retido;14
2024;IFES;Campus Cachoeiro de Itapemirim;Educação Presencial;Técnico;Concomitante;Técnico em Eletromecânica;Noturno;Evadidos;Abandono;Em fluxo;
2024;IFES;Campus Cachoeiro de Itapemirim;Educação Presencial;Técnico;Concomitante;Técnico em Eletromecânica;Noturno;Evadidos;Desligada;Em fluxo;46
2024;IFES;Campus Cachoeiro de Itapemirim;Educação Presencial;Técnico;Concomitante;Técnico em Eletromecânica;Noturno;Evadidos;Reprovado;Em fluxo;
2024;IFES;Campus Cachoeiro de Itapemirim;Educação Presencial;Técnico;Concomitante;Técnico em Eletromecânica;Noturno;Evadidos;Transf. externa;Em fluxo;
2024;IFES;Campus Cachoeiro de Itapemirim;Educação Presencial;Técnico;Concomitante;Técnico em Informática;Noturno;Concluintes;Concluída;Em fluxo;15
2024;IFES;Campus Cachoeiro de Itapemirim;Educação Presencial;Técnico;Concomitante;Técnico em Informática;Noturno;Concluintes;Integralizada;Em fluxo;
2024;IFES;Campus Cachoeiro de Itapemirim;Educação Presencial;Técnico;Concomitante;Técnico em Informática;Noturno;Em curso;Em curso;Em fluxo;21
2024;IFES;Campus Cachoeiro de Itapemirim;Educação Presencial;Técnico;Concomitante;Técnico em Informática;Noturno;Em curso;Em curso;Retido;34
2024;IFES;Campus Cachoeiro de Itapemirim;Educação Presencial;Técnico;Concomitante;Técnico em Informática;Noturno;Evadidos;Abandono;Em fluxo;
2024;IFES;Campus Cachoeiro de Itapemirim;Educação Presencial;Técnico;Concomitante;Técnico em Informática;Noturno;Evadidos;Desligada;Em fluxo;22
2024;IFES;Campus Cachoeiro de Itapemirim;Educação Presencial;Técnico;Concomitante;Técnico em Informática;Noturno;Evadidos;Reprovado;Em fluxo;
2024;IFES;Campus Cachoeiro de Itapemirim;Educação Presencial;Técnico;Concomitante;Técnico em Informática;Noturno;Evadidos;Transf. externa;Em fluxo;4
2024;IFES;Campus Cachoeiro de Itapemirim;Educação Presencial;Técnico;Concomitante;Técnico em Informática para Internet;Noturno;Concluintes;Concluída;Em fluxo;
2024;IFES;Campus Cachoeiro de Itapemirim;Educação Presencial;Técnico;Concomitante;Técnico em Informática para Internet;Noturno;Concluintes;Integralizada;Em fluxo;
2024;IFES;Campus Cachoeiro de Itapemirim;Educação Presencial;Técnico;Concomitante;Técnico em Informática para Internet;Noturno;Em curso;Em curso;Em fluxo;66
2024;IFES;Campus Cachoeiro de Itapemirim;Educação Presencial;Técnico;Concomitante;Técnico em Informática para Internet;Noturno;Em curso;Em curso;Retido;
2024;IFES;Campus Cachoeiro de Itapemirim;Educação Presencial;Técnico;Concomitante;Técnico em Informática para Internet;Noturno;Evadidos;Abandono;Em fluxo;
2024;IFES;Campus Cachoeiro de Itapemirim;Educação Presencial;Técnico;Concomitante;Técnico em Informática para Internet;Noturno;Evadidos;Desligada;Em fluxo;13
2024;IFES;Campus Cachoeiro de Itapemirim;Educação Presencial;Técnico;Concomitante;Técnico em Informática para Internet;Noturno;Evadidos;Reprovado;Em fluxo;
2024;IFES;Campus Cachoeiro de Itapemirim;Educação Presencial;Técnico;Concomitante;Técnico em Informática para Internet;Noturno;Evadidos;Transf. externa;Em fluxo;
2024;IFES;Campus Cachoeiro de Itapemirim;Educação Presencial;Técnico;Concomitante;Técnico em Mecânica;Vespertino;Concluintes;Concluída;Em fluxo;21
2024;IFES;Campus Cachoeiro de Itapemirim;Educação Presencial;Técnico;Concomitante;Técnico em Mecânica;Vespertino;Concluintes;Integralizada;Em fluxo;
2024;IFES;Campus Cachoeiro de Itapemirim;Educação Presencial;Técnico;Concomitante;Técnico em Mecânica;Vespertino;Em curso;Em curso;Em fluxo;36
2024;IFES;Campus Cachoeiro de Itapemirim;Educação Presencial;Técnico;Concomitante;Técnico em Mecânica;Vespertino;Em curso;Em curso;Retido;2
2024;IFES;Campus Cachoeiro de Itapemirim;Educação Presencial;Técnico;Concomitante;Técnico em Mecânica;Vespertino;Evadidos;Abandono;Em fluxo;
2024;IFES;Campus Cachoeiro de Itapemirim;Educação Presencial;Técnico;Concomitante;Técnico em Mecânica;Vespertino;Evadidos;Desligada;Em fluxo;6
2024;IFES;Campus Cachoeiro de Itapemirim;Educação Presencial;Técnico;Concomitante;Técnico em Mecânica;Vespertino;Evadidos;Reprovado;Em fluxo;
2024;IFES;Campus Cachoeiro de Itapemirim;Educação Presencial;Técnico;Concomitante;Técnico em Mecânica;Vespertino;Evadidos;Transf. externa;Em fluxo;
2024;IFES;Campus Cachoeiro de Itapemirim;Educação Presencial;Técnico;Concomitante;Técnico em Mineração;Noturno;Concluintes;Concluída;Em fluxo;18
2024;IFES;Campus Cachoeiro de Itapemirim;Educação Presencial;Técnico;Concomitante;Técnico em Mineração;Noturno;Concluintes;Integralizada;Em fluxo;1
2024;IFES;Campus Cachoeiro de Itapemirim;Educação Presencial;Técnico;Concomitante;Técnico em Mineração;Noturno;Em curso;Em curso;Em fluxo;78
2024;IFES;Campus Cachoeiro de Itapemirim;Educação Presencial;Técnico;Concomitante;Técnico em Mineração;Noturno;Em curso;Em curso;Retido;40
2024;IFES;Campus Cachoeiro de Itapemirim;Educação Presencial;Técnico;Concomitante;Técnico em Mineração;Noturno;Evadidos;Abandono;Em fluxo;
2024;IFES;Campus Cachoeiro de Itapemirim;Educação Presencial;Técnico;Concomitante;Técnico em Mineração;Noturno;Evadidos;Desligada;Em fluxo;45
2024;IFES;Campus Cachoeiro de Itapemirim;Educação Presencial;Técnico;Concomitante;Técnico em Mineração;Noturno;Evadidos;Reprovado;Em fluxo;
2024;IFES;Campus Cachoeiro de Itapemirim;Educação Presencial;Técnico;Concomitante;Técnico em Mineração;Noturno;Evadidos;Transf. externa;Em fluxo;
2024;IFES;Campus Cachoeiro de Itapemirim;Educação Presencial;Técnico;Concomitante;Técnico em Mineração;Vespertino;Concluintes;Concluída;Em fluxo;12
2024;IFES;Campus Cachoeiro de Itapemirim;Educação Presencial;Técnico;Concomitante;Técnico em Mineração;Vespertino;Concluintes;Integralizada;Em fluxo;
2024;IFES;Campus Cachoeiro de Itapemirim;Educação Presencial;Técnico;Concomitante;Técnico em Mineração;Vespertino;Em curso;Em curso;Em fluxo;38
2024;IFES;Campus Cachoeiro de Itapemirim;Educação Presencial;Técnico;Concomitante;Técnico em Mineração;Vespertino;Em curso;Em curso;Retido;20
2024;IFES;Campus Cachoeiro de Itapemirim;Educação Presencial;Técnico;Concomitante;Técnico em Mineração;Vespertino;Evadidos;Abandono;Em fluxo;
2024;IFES;Campus Cachoeiro de Itapemirim;Educação Presencial;Técnico;Concomitante;Técnico em Mineração;Vespertino;Evadidos;Desligada;Em fluxo;4
2024;IFES;Campus Cachoeiro de Itapemirim;Educação Presencial;Técnico;Concomitante;Técnico em Mineração;Vespertino;Evadidos;Reprovado;Em fluxo;
2024;IFES;Campus Cachoeiro de Itapemirim;Educação Presencial;Técnico;Concomitante;Técnico em Mineração;Vespertino;Evadidos;Transf. externa;Em fluxo;
2024;IFES;Campus Cachoeiro de Itapemirim;Educação Presencial;Técnico;Integrado;Técnico em Eletromecânica;Matutino;Concluintes;Concluída;Em fluxo;23
2024;IFES;Campus Cachoeiro de Itapemirim;Educação Presencial;Técnico;Integrado;Técnico em Eletromecânica;Matutino;Concluintes;Integralizada;Em fluxo;
2024;IFES;Campus Cachoeiro de Itapemirim;Educação Presencial;Técnico;Integrado;Técnico em Eletromecânica;Matutino;Em curso;Em curso;Em fluxo;37
2024;IFES;Campus Cachoeiro de Itapemirim;Educação Presencial;Técnico;Integrado;Técnico em Eletromecânica;Matutino;Em curso;Em curso;Retido;7
2024;IFES;Campus Cachoeiro de Itapemirim;Educação Presencial;Técnico;Integrado;Técnico em Eletromecânica;Matutino;Evadidos;Abandono;Em fluxo;
2024;IFES;Campus Cachoeiro de Itapemirim;Educação Presencial;Técnico;Integrado;Técnico em Eletromecânica;Matutino;Evadidos;Desligada;Em fluxo;1
2024;IFES;Campus Cachoeiro de Itapemirim;Educação Presencial;Técnico;Integrado;Técnico em Eletromecânica;Matutino;Evadidos;Reprovado;Em fluxo;
2024;IFES;Campus Cachoeiro de Itapemirim;Educação Presencial;Técnico;Integrado;Técnico em Eletromecânica;Matutino;Evadidos;Transf. externa;Em fluxo;4
2024;IFES;Campus Cachoeiro de Itapemirim;Educação Presencial;Técnico;Integrado;Técnico em Eletromecânica;Vespertino;Concluintes;Concluída;Em fluxo;3
2024;IFES;Campus Cachoeiro de Itapemirim;Educação Presencial;Técnico;Integrado;Técnico em Eletromecânica;Vespertino;Concluintes;Integralizada;Em fluxo;
2024;IFES;Campus Cachoeiro de Itapemirim;Educação Presencial;Técnico;Integrado;Técnico em Eletromecânica;Vespertino;Em curso;Em curso;Em fluxo;78
2024;IFES;Campus Cachoeiro de Itapemirim;Educação Presencial;Técnico;Integrado;Técnico em Eletromecânica;Vespertino;Em curso;Em curso;Retido;2
2024;IFES;Campus Cachoeiro de Itapemirim;Educação Presencial;Técnico;Integrado;Técnico em Eletromecânica;Vespertino;Evadidos;Abandono;Em fluxo;
2024;IFES;Campus Cachoeiro de Itapemirim;Educação Presencial;Técnico;Integrado;Técnico em Eletromecânica;Vespertino;Evadidos;Desligada;Em fluxo;
2024;IFES;Campus Cachoeiro de Itapemirim;Educação Presencial;Técnico;Integrado;Técnico em Eletromecânica;Vespertino;Evadidos;Reprovado;Em fluxo;
2024;IFES;Campus Cachoeiro de Itapemirim;Educação Presencial;Técnico;Integrado;Técnico em Eletromecânica;Vespertino;Evadidos;Transf. externa;Em fluxo;3
2024;IFES;Campus Cachoeiro de Itapemirim;Educação Presencial;Técnico;Integrado;Técnico em Informática;Matutino;Concluintes;Concluída;Em fluxo;31
2024;IFES;Campus Cachoeiro de Itapemirim;Educação Presencial;Técnico;Integrado;Técnico em Informática;Matutino;Concluintes;Integralizada;Em fluxo;
2024;IFES;Campus Cachoeiro de Itapemirim;Educação Presencial;Técnico;Integrado;Técnico em Informática;Matutino;Em curso;Em curso;Em fluxo;39
2024;IFES;Campus Cachoeiro de Itapemirim;Educação Presencial;Técnico;Integrado;Técnico em Informática;Matutino;Em curso;Em curso;Retido;2
2024;IFES;Campus Cachoeiro de Itapemirim;Educação Presencial;Técnico;Integrado;Técnico em Informática;Matutino;Evadidos;Abandono;Em fluxo;
2024;IFES;Campus Cachoeiro de Itapemirim;Educação Presencial;Técnico;Integrado;Técnico em Informática;Matutino;Evadidos;Desligada;Em fluxo;2
2024;IFES;Campus Cachoeiro de Itapemirim;Educação Presencial;Técnico;Integrado;Técnico em Informática;Matutino;Evadidos;Reprovado;Em fluxo;
2024;IFES;Campus Cachoeiro de Itapemirim;Educação Presencial;Técnico;Integrado;Técnico em Informática;Matutino;Evadidos;Transf. externa;Em fluxo;3
2024;IFES;Campus Cachoeiro de Itapemirim;Educação Presencial;Técnico;Integrado;Técnico em Informática;Vespertino;Concluintes;Concluída;Em fluxo;3
2024;IFES;Campus Cachoeiro de Itapemirim;Educação Presencial;Técnico;Integrado;Técnico em Informática;Vespertino;Concluintes;Integralizada;Em fluxo;
2024;IFES;Campus Cachoeiro de Itapemirim;Educação Presencial;Técnico;Integrado;Técnico em Informática;Vespertino;Em curso;Em curso;Em fluxo;79
2024;IFES;Campus Cachoeiro de Itapemirim;Educação Presencial;Técnico;Integrado;Técnico em Informática;Vespertino;Em curso;Em curso;Retido;
2024;IFES;Campus Cachoeiro de Itapemirim;Educação Presencial;Técnico;Integrado;Técnico em Informática;Vespertino;Evadidos;Abandono;Em fluxo;
2024;IFES;Campus Cachoeiro de Itapemirim;Educação Presencial;Técnico;Integrado;Técnico em Informática;Vespertino;Evadidos;Desligada;Em fluxo;
2024;IFES;Campus Cachoeiro de Itapemirim;Educação Presencial;Técnico;Integrado;Técnico em Informática;Vespertino;Evadidos;Reprovado;Em fluxo;
2024;IFES;Campus Cachoeiro de Itapemirim;Educação Presencial;Técnico;Integrado;Técnico em Informática;Vespertino;Evadidos;Transf. externa;Em fluxo;1
2024;IFES;Campus Cachoeiro de Itapemirim;Educação Presencial;Bacharelado;Não se aplica;Bacharelado em Sistemas de Informação;Integral;Concluintes;Concluída;Em fluxo;6
2024;IFES;Campus Cachoeiro de Itapemirim;Educação Presencial;Bacharelado;Não se aplica;Bacharelado em Sistemas de Informação;Integral;Concluintes;Integralizada;Em fluxo;
2024;IFES;Campus Cachoeiro de Itapemirim;Educação Presencial;Bacharelado;Não se aplica;Bacharelado em Sistemas de Informação;Integral;Em curso;Em curso;Em fluxo;100
2024;IFES;Campus Cachoeiro de Itapemirim;Educação Presencial;Bacharelado;Não se aplica;Bacharelado em Sistemas de Informação;Integral;Em curso;Em curso;Retido;55
2024;IFES;Campus Cachoeiro de Itapemirim;Educação Presencial;Bacharelado;Não se aplica;Bacharelado em Sistemas de Informação;Integral;Evadidos;Abandono;Em fluxo;
2024;IFES;Campus Cachoeiro de Itapemirim;Educação Presencial;Bacharelado;Não se aplica;Bacharelado em Sistemas de Informação;Integral;Evadidos;Desligada;Em fluxo;17
2024;IFES;Campus Cachoeiro de Itapemirim;Educação Presencial;Bacharelado;Não se aplica;Bacharelado em Sistemas de Informação;Integral;Evadidos;Reprovado;Em fluxo;
2024;IFES;Campus Cachoeiro de Itapemirim;Educação Presencial;Bacharelado;Não se aplica;Bacharelado em Sistemas de Informação;Integral;Evadidos;Transf. externa;Em fluxo;1
2024;IFES;Campus Cachoeiro de Itapemirim;Educação Presencial;Bacharelado;Não se aplica;Engenharia de Minas;Integral;Concluintes;Concluída;Em fluxo;7
2024;IFES;Campus Cachoeiro de Itapemirim;Educação Presencial;Bacharelado;Não se aplica;Engenharia de Minas;Integral;Concluintes;Integralizada;Em fluxo;
2024;IFES;Campus Cachoeiro de Itapemirim;Educação Presencial;Bacharelado;Não se aplica;Engenharia de Minas;Integral;Em curso;Em curso;Em fluxo;46
2024;IFES;Campus Cachoeiro de Itapemirim;Educação Presencial;Bacharelado;Não se aplica;Engenharia de Minas;Integral;Em curso;Em curso;Retido;22
2024;IFES;Campus Cachoeiro de Itapemirim;Educação Presencial;Bacharelado;Não se aplica;Engenharia de Minas;Integral;Evadidos;Abandono;Em fluxo;
2024;IFES;Campus Cachoeiro de Itapemirim;Educação Presencial;Bacharelado;Não se aplica;Engenharia de Minas;Integral;Evadidos;Desligada;Em fluxo;14
2024;IFES;Campus Cachoeiro de Itapemirim;Educação Presencial;Bacharelado;Não se aplica;Engenharia de Minas;Integral;Evadidos;Reprovado;Em fluxo;
2024;IFES;Campus Cachoeiro de Itapemirim;Educação Presencial;Bacharelado;Não se aplica;Engenharia de Minas;Integral;Evadidos;Transf. externa;Em fluxo;1
2024;IFES;Campus Cachoeiro de Itapemirim;Educação Presencial;Bacharelado;Não se aplica;Engenharia Mecânica;Integral;Concluintes;Concluída;Em fluxo;6
2024;IFES;Campus Cachoeiro de Itapemirim;Educação Presencial;Bacharelado;Não se aplica;Engenharia Mecânica;Integral;Concluintes;Integralizada;Em fluxo;
2024;IFES;Campus Cachoeiro de Itapemirim;Educação Presencial;Bacharelado;Não se aplica;Engenharia Mecânica;Integral;Em curso;Em curso;Em fluxo;66
2024;IFES;Campus Cachoeiro de Itapemirim;Educação Presencial;Bacharelado;Não se aplica;Engenharia Mecânica;Integral;Em curso;Em curso;Retido;31
2024;IFES;Campus Cachoeiro de Itapemirim;Educação Presencial;Bacharelado;Não se aplica;Engenharia Mecânica;Integral;Evadidos;Abandono;Em fluxo;
2024;IFES;Campus Cachoeiro de Itapemirim;Educação Presencial;Bacharelado;Não se aplica;Engenharia Mecânica;Integral;Evadidos;Desligada;Em fluxo;29
2024;IFES;Campus Cachoeiro de Itapemirim;Educação Presencial;Bacharelado;Não se aplica;Engenharia Mecânica;Integral;Evadidos;Reprovado;Em fluxo;
2024;IFES;Campus Cachoeiro de Itapemirim;Educação Presencial;Bacharelado;Não se aplica;Engenharia Mecânica;Integral;Evadidos;Transf. externa;Em fluxo;4
2024;IFES;Campus Cachoeiro de Itapemirim;Educação Presencial;Licenciatura;Não se aplica;Licenciatura em Matemática;Noturno;Concluintes;Concluída;Em fluxo;6
2024;IFES;Campus Cachoeiro de Itapemirim;Educação Presencial;Licenciatura;Não se aplica;Licenciatura em Matemática;Noturno;Concluintes;Integralizada;Em fluxo;
2024;IFES;Campus Cachoeiro de Itapemirim;Educação Presencial;Licenciatura;Não se aplica;Licenciatura em Matemática;Noturno;Em curso;Em curso;Em fluxo;64
2024;IFES;Campus Cachoeiro de Itapemirim;Educação Presencial;Licenciatura;Não se aplica;Licenciatura em Matemática;Noturno;Em curso;Em curso;Retido;25
2024;IFES;Campus Cachoeiro de Itapemirim;Educação Presencial;Licenciatura;Não se aplica;Licenciatura em Matemática;Noturno;Evadidos;Abandono;Em fluxo;
2024;IFES;Campus Cachoeiro de Itapemirim;Educação Presencial;Licenciatura;Não se aplica;Licenciatura em Matemática;Noturno;Evadidos;Desligada;Em fluxo;14
2024;IFES;Campus Cachoeiro de Itapemirim;Educação Presencial;Licenciatura;Não se aplica;Licenciatura em Matemática;Noturno;Evadidos;Reprovado;Em fluxo;
2024;IFES;Campus Cachoeiro de Itapemirim;Educação Presencial;Licenciatura;Não se aplica;Licenciatura em Matemática;Noturno;Evadidos;Transf. externa;Em fluxo;3
2024;IFES;Campus Cachoeiro de Itapemirim;Educação Presencial;Especialização (Lato Sensu);Não se aplica;Ensino de Ciências Naturais Com Ênfase em Química e Física;Matutino;Concluintes;Concluída;Em fluxo;1
2024;IFES;Campus Cachoeiro de Itapemirim;Educação Presencial;Especialização (Lato Sensu);Não se aplica;Ensino de Ciências Naturais Com Ênfase em Química e Física;Matutino;Concluintes;Integralizada;Em fluxo;
2024;IFES;Campus Cachoeiro de Itapemirim;Educação Presencial;Especialização (Lato Sensu);Não se aplica;Ensino de Ciências Naturais Com Ênfase em Química e Física;Matutino;Em curso;Em curso;Em fluxo;
2024;IFES;Campus Cachoeiro de Itapemirim;Educação Presencial;Especialização (Lato Sensu);Não se aplica;Ensino de Ciências Naturais Com Ênfase em Química e Física;Matutino;Em curso;Em curso;Retido;
2024;IFES;Campus Cachoeiro de Itapemirim;Educação Presencial;Especialização (Lato Sensu);Não se aplica;Ensino de Ciências Naturais Com Ênfase em Química e Física;Matutino;Evadidos;Abandono;Em fluxo;
2024;IFES;Campus Cachoeiro de Itapemirim;Educação Presencial;Especialização (Lato Sensu);Não se aplica;Ensino de Ciências Naturais Com Ênfase em Química e Física;Matutino;Evadidos;Desligada;Em fluxo;
2024;IFES;Campus Cachoeiro de Itapemirim;Educação Presencial;Especialização (Lato Sensu);Não se aplica;Ensino de Ciências Naturais Com Ênfase em Química e Física;Matutino;Evadidos;Reprovado;Em fluxo;
2024;IFES;Campus Cachoeiro de Itapemirim;Educação Presencial;Especialização (Lato Sensu);Não se aplica;Ensino de Ciências Naturais Com Ênfase em Química e Física;Matutino;Evadidos;Transf. externa;Em fluxo;
2024;IFES;Campus Cachoeiro de Itapemirim;Educação Presencial;Especialização (Lato Sensu);Não se aplica;Tecnologias de Produção de Rochas Ornamentais;Noturno;Concluintes;Concluída;Em fluxo;
2024;IFES;Campus Cachoeiro de Itapemirim;Educação Presencial;Especialização (Lato Sensu);Não se aplica;Tecnologias de Produção de Rochas Ornamentais;Noturno;Concluintes;Integralizada;Em fluxo;
2024;IFES;Campus Cachoeiro de Itapemirim;Educação Presencial;Especialização (Lato Sensu);Não se aplica;Tecnologias de Produção de Rochas Ornamentais;Noturno;Em curso;Em curso;Em fluxo;29
2024;IFES;Campus Cachoeiro de Itapemirim;Educação Presencial;Especialização (Lato Sensu);Não se aplica;Tecnologias de Produção de Rochas Ornamentais;Noturno;Em curso;Em curso;Retido;
2024;IFES;Campus Cachoeiro de Itapemirim;Educação Presencial;Especialização (Lato Sensu);Não se aplica;Tecnologias de Produção de Rochas Ornamentais;Noturno;Evadidos;Abandono;Em fluxo;
2024;IFES;Campus Cachoeiro de Itapemirim;Educação Presencial;Especialização (Lato Sensu);Não se aplica;Tecnologias de Produção de Rochas Ornamentais;Noturno;Evadidos;Desligada;Em fluxo;1
2024;IFES;Campus Cachoeiro de Itapemirim;Educação Presencial;Especialização (Lato Sensu);Não se aplica;Tecnologias de Produção de Rochas Ornamentais;Noturno;Evadidos;Reprovado;Em fluxo;
2024;IFES;Campus Cachoeiro de Itapemirim;Educação Presencial;Especialização (Lato Sensu);Não se aplica;Tecnologias de Produção de Rochas Ornamentais;Noturno;Evadidos;Transf. externa;Em fluxo;
2023;IFES;Campus Cachoeiro de Itapemirim;Educação a Distância;Qualificação Profissional (FIC);Não se aplica;Qualificação Profissional (FIC) - Informação e Comunicação;Não se aplica;Concluintes;Concluída;Em fluxo;1279
2023;IFES;Campus Cachoeiro de Itapemirim;Educação a Distância;Qualificação Profissional (FIC);Não se aplica;Qualificação Profissional (FIC) - Informação e Comunicação;Não se aplica;Em curso;Em curso;Em fluxo;763
2023;IFES;Campus Cachoeiro de Itapemirim;Educação a Distância;Qualificação Profissional (FIC);Não se aplica;Qualificação Profissional (FIC) - Informação e Comunicação;Não se aplica;Em curso;Em curso;Retido;
2023;IFES;Campus Cachoeiro de Itapemirim;Educação a Distância;Qualificação Profissional (FIC);Não se aplica;Qualificação Profissional (FIC) - Informação e Comunicação;Não se aplica;Evadidos;Cancelada;Em fluxo;1
2023;IFES;Campus Cachoeiro de Itapemirim;Educação a Distância;Qualificação Profissional (FIC);Não se aplica;Qualificação Profissional (FIC) - Informação e Comunicação;Não se aplica;Evadidos;Desligada;Em fluxo;79
2023;IFES;Campus Cachoeiro de Itapemirim;Educação a Distância;Qualificação Profissional (FIC);Não se aplica;Qualificação Profissional (FIC) - Informação e Comunicação;Não se aplica;Evadidos;Reprovado;Em fluxo;1943
2023;IFES;Campus Cachoeiro de Itapemirim;Educação a Distância;Qualificação Profissional (FIC);Não se aplica;Qualificação Profissional (FIC) - Informação e Comunicação;Não se aplica;Evadidos;Transf. externa;Em fluxo;
2023;IFES;Campus Cachoeiro de Itapemirim;Educação a Distância;Licenciatura;Não se aplica;Licenciatura em Informática;Não se aplica;Concluintes;Concluída;Em fluxo;22
2023;IFES;Campus Cachoeiro de Itapemirim;Educação a Distância;Licenciatura;Não se aplica;Licenciatura em Informática;Não se aplica;Em curso;Em curso;Em fluxo;
2023;IFES;Campus Cachoeiro de Itapemirim;Educação a Distância;Licenciatura;Não se aplica;Licenciatura em Informática;Não se aplica;Em curso;Em curso;Retido;33
2023;IFES;Campus Cachoeiro de Itapemirim;Educação a Distância;Licenciatura;Não se aplica;Licenciatura em Informática;Não se aplica;Evadidos;Cancelada;Em fluxo;
2023;IFES;Campus Cachoeiro de Itapemirim;Educação a Distância;Licenciatura;Não se aplica;Licenciatura em Informática;Não se aplica;Evadidos;Desligada;Em fluxo;6
2023;IFES;Campus Cachoeiro de Itapemirim;Educação a Distância;Licenciatura;Não se aplica;Licenciatura em Informática;Não se aplica;Evadidos;Reprovado;Em fluxo;
2023;IFES;Campus Cachoeiro de Itapemirim;Educação a Distância;Licenciatura;Não se aplica;Licenciatura em Informática;Não se aplica;Evadidos;Transf. externa;Em fluxo;
2023;IFES;Campus Cachoeiro de Itapemirim;Educação a Distância;Especialização (Lato Sensu);Não se aplica;Especialização - Desenvolvimento Educacional e Social;Não se aplica;Concluintes;Concluída;Em fluxo;11
2023;IFES;Campus Cachoeiro de Itapemirim;Educação a Distância;Especialização (Lato Sensu);Não se aplica;Especialização - Desenvolvimento Educacional e Social;Não se aplica;Em curso;Em curso;Em fluxo;
2023;IFES;Campus Cachoeiro de Itapemirim;Educação a Distância;Especialização (Lato Sensu);Não se aplica;Especialização - Desenvolvimento Educacional e Social;Não se aplica;Em curso;Em curso;Retido;20
2023;IFES;Campus Cachoeiro de Itapemirim;Educação a Distância;Especialização (Lato Sensu);Não se aplica;Especialização - Desenvolvimento Educacional e Social;Não se aplica;Evadidos;Cancelada;Em fluxo;
2023;IFES;Campus Cachoeiro de Itapemirim;Educação a Distância;Especialização (Lato Sensu);Não se aplica;Especialização - Desenvolvimento Educacional e Social;Não se aplica;Evadidos;Desligada;Em fluxo;
2023;IFES;Campus Cachoeiro de Itapemirim;Educação a Distância;Especialização (Lato Sensu);Não se aplica;Especialização - Desenvolvimento Educacional e Social;Não se aplica;Evadidos;Reprovado;Em fluxo;
2023;IFES;Campus Cachoeiro de Itapemirim;Educação a Distância;Especialização (Lato Sensu);Não se aplica;Especialização - Desenvolvimento Educacional e Social;Não se aplica;Evadidos;Transf. externa;Em fluxo;
2023;IFES;Campus Cachoeiro de Itapemirim;Educação Presencial;Técnico;Concomitante;Técnico em Eletromecânica;Noturno;Concluintes;Concluída;Em fluxo;31
2023;IFES;Campus Cachoeiro de Itapemirim;Educação Presencial;Técnico;Concomitante;Técnico em Eletromecânica;Noturno;Em curso;Em curso;Em fluxo;78
2023;IFES;Campus Cachoeiro de Itapemirim;Educação Presencial;Técnico;Concomitante;Técnico em Eletromecânica;Noturno;Em curso;Em curso;Retido;13
2023;IFES;Campus Cachoeiro de Itapemirim;Educação Presencial;Técnico;Concomitante;Técnico em Eletromecânica;Noturno;Evadidos;Cancelada;Em fluxo;1
2023;IFES;Campus Cachoeiro de Itapemirim;Educação Presencial;Técnico;Concomitante;Técnico em Eletromecânica;Noturno;Evadidos;Desligada;Em fluxo;48
2023;IFES;Campus Cachoeiro de Itapemirim;Educação Presencial;Técnico;Concomitante;Técnico em Eletromecânica;Noturno;Evadidos;Reprovado;Em fluxo;
2023;IFES;Campus Cachoeiro de Itapemirim;Educação Presencial;Técnico;Concomitante;Técnico em Eletromecânica;Noturno;Evadidos;Transf. externa;Em fluxo;
2023;IFES;Campus Cachoeiro de Itapemirim;Educação Presencial;Técnico;Concomitante;Técnico em Informática;Noturno;Concluintes;Concluída;Em fluxo;20
2023;IFES;Campus Cachoeiro de Itapemirim;Educação Presencial;Técnico;Concomitante;Técnico em Informática;Noturno;Em curso;Em curso;Em fluxo;85
2023;IFES;Campus Cachoeiro de Itapemirim;Educação Presencial;Técnico;Concomitante;Técnico em Informática;Noturno;Em curso;Em curso;Retido;9
2023;IFES;Campus Cachoeiro de Itapemirim;Educação Presencial;Técnico;Concomitante;Técnico em Informática;Noturno;Evadidos;Cancelada;Em fluxo;
2023;IFES;Campus Cachoeiro de Itapemirim;Educação Presencial;Técnico;Concomitante;Técnico em Informática;Noturno;Evadidos;Desligada;Em fluxo;41
2023;IFES;Campus Cachoeiro de Itapemirim;Educação Presencial;Técnico;Concomitante;Técnico em Informática;Noturno;Evadidos;Reprovado;Em fluxo;
2023;IFES;Campus Cachoeiro de Itapemirim;Educação Presencial;Técnico;Concomitante;Técnico em Informática;Noturno;Evadidos;Transf. externa;Em fluxo;
2023;IFES;Campus Cachoeiro de Itapemirim;Educação Presencial;Técnico;Concomitante;Técnico em Mecânica;Vespertino;Concluintes;Concluída;Em fluxo;
2023;IFES;Campus Cachoeiro de Itapemirim;Educação Presencial;Técnico;Concomitante;Técnico em Mecânica;Vespertino;Em curso;Em curso;Em fluxo;35
2023;IFES;Campus Cachoeiro de Itapemirim;Educação Presencial;Técnico;Concomitante;Técnico em Mecânica;Vespertino;Em curso;Em curso;Retido;12
2023;IFES;Campus Cachoeiro de Itapemirim;Educação Presencial;Técnico;Concomitante;Técnico em Mecânica;Vespertino;Evadidos;Cancelada;Em fluxo;
2023;IFES;Campus Cachoeiro de Itapemirim;Educação Presencial;Técnico;Concomitante;Técnico em Mecânica;Vespertino;Evadidos;Desligada;Em fluxo;6
2023;IFES;Campus Cachoeiro de Itapemirim;Educação Presencial;Técnico;Concomitante;Técnico em Mecânica;Vespertino;Evadidos;Reprovado;Em fluxo;
2023;IFES;Campus Cachoeiro de Itapemirim;Educação Presencial;Técnico;Concomitante;Técnico em Mecânica;Vespertino;Evadidos;Transf. externa;Em fluxo;
2023;IFES;Campus Cachoeiro de Itapemirim;Educação Presencial;Técnico;Concomitante;Técnico em Mineração;Noturno;Concluintes;Concluída;Em fluxo;14
2023;IFES;Campus Cachoeiro de Itapemirim;Educação Presencial;Técnico;Concomitante;Técnico em Mineração;Noturno;Em curso;Em curso;Em fluxo;86
2023;IFES;Campus Cachoeiro de Itapemirim;Educação Presencial;Técnico;Concomitante;Técnico em Mineração;Noturno;Em curso;Em curso;Retido;27
2023;IFES;Campus Cachoeiro de Itapemirim;Educação Presencial;Técnico;Concomitante;Técnico em Mineração;Noturno;Evadidos;Cancelada;Em fluxo;
2023;IFES;Campus Cachoeiro de Itapemirim;Educação Presencial;Técnico;Concomitante;Técnico em Mineração;Noturno;Evadidos;Desligada;Em fluxo;41
2023;IFES;Campus Cachoeiro de Itapemirim;Educação Presencial;Técnico;Concomitante;Técnico em Mineração;Noturno;Evadidos;Reprovado;Em fluxo;
2023;IFES;Campus Cachoeiro de Itapemirim;Educação Presencial;Técnico;Concomitante;Técnico em Mineração;Noturno;Evadidos;Transf. externa;Em fluxo;
2023;IFES;Campus Cachoeiro de Itapemirim;Educação Presencial;Técnico;Concomitante;Técnico em Mineração;Vespertino;Concluintes;Concluída;Em fluxo;
2023;IFES;Campus Cachoeiro de Itapemirim;Educação Presencial;Técnico;Concomitante;Técnico em Mineração;Vespertino;Em curso;Em curso;Em fluxo;38
2023;IFES;Campus Cachoeiro de Itapemirim;Educação Presencial;Técnico;Concomitante;Técnico em Mineração;Vespertino;Em curso;Em curso;Retido;15
2023;IFES;Campus Cachoeiro de Itapemirim;Educação Presencial;Técnico;Concomitante;Técnico em Mineração;Vespertino;Evadidos;Cancelada;Em fluxo;
2023;IFES;Campus Cachoeiro de Itapemirim;Educação Presencial;Técnico;Concomitante;Técnico em Mineração;Vespertino;Evadidos;Desligada;Em fluxo;4
2023;IFES;Campus Cachoeiro de Itapemirim;Educação Presencial;Técnico;Concomitante;Técnico em Mineração;Vespertino;Evadidos;Reprovado;Em fluxo;
2023;IFES;Campus Cachoeiro de Itapemirim;Educação Presencial;Técnico;Concomitante;Técnico em Mineração;Vespertino;Evadidos;Transf. externa;Em fluxo;
2023;IFES;Campus Cachoeiro de Itapemirim;Educação Presencial;Técnico;Integrado;Técnico em Eletromecânica;Matutino;Concluintes;Concluída;Em fluxo;1
2023;IFES;Campus Cachoeiro de Itapemirim;Educação Presencial;Técnico;Integrado;Técnico em Eletromecânica;Matutino;Em curso;Em curso;Em fluxo;69
2023;IFES;Campus Cachoeiro de Itapemirim;Educação Presencial;Técnico;Integrado;Técnico em Eletromecânica;Matutino;Em curso;Em curso;Retido;4
2023;IFES;Campus Cachoeiro de Itapemirim;Educação Presencial;Técnico;Integrado;Técnico em Eletromecânica;Matutino;Evadidos;Cancelada;Em fluxo;
2023;IFES;Campus Cachoeiro de Itapemirim;Educação Presencial;Técnico;Integrado;Técnico em Eletromecânica;Matutino;Evadidos;Desligada;Em fluxo;3
2023;IFES;Campus Cachoeiro de Itapemirim;Educação Presencial;Técnico;Integrado;Técnico em Eletromecânica;Matutino;Evadidos;Reprovado;Em fluxo;
2023;IFES;Campus Cachoeiro de Itapemirim;Educação Presencial;Técnico;Integrado;Técnico em Eletromecânica;Matutino;Evadidos;Transf. externa;Em fluxo;6
2023;IFES;Campus Cachoeiro de Itapemirim;Educação Presencial;Técnico;Integrado;Técnico em Eletromecânica;Vespertino;Concluintes;Concluída;Em fluxo;23
2023;IFES;Campus Cachoeiro de Itapemirim;Educação Presencial;Técnico;Integrado;Técnico em Eletromecânica;Vespertino;Em curso;Em curso;Em fluxo;39
2023;IFES;Campus Cachoeiro de Itapemirim;Educação Presencial;Técnico;Integrado;Técnico em Eletromecânica;Vespertino;Em curso;Em curso;Retido;5
2023;IFES;Campus Cachoeiro de Itapemirim;Educação Presencial;Técnico;Integrado;Técnico em Eletromecânica;Vespertino;Evadidos;Cancelada;Em fluxo;
2023;IFES;Campus Cachoeiro de Itapemirim;Educação Presencial;Técnico;Integrado;Técnico em Eletromecânica;Vespertino;Evadidos;Desligada;Em fluxo;
2023;IFES;Campus Cachoeiro de Itapemirim;Educação Presencial;Técnico;Integrado;Técnico em Eletromecânica;Vespertino;Evadidos;Reprovado;Em fluxo;
2023;IFES;Campus Cachoeiro de Itapemirim;Educação Presencial;Técnico;Integrado;Técnico em Eletromecânica;Vespertino;Evadidos;Transf. externa;Em fluxo;2
2023;IFES;Campus Cachoeiro de Itapemirim;Educação Presencial;Técnico;Integrado;Técnico em Informática;Matutino;Concluintes;Concluída;Em fluxo;
2023;IFES;Campus Cachoeiro de Itapemirim;Educação Presencial;Técnico;Integrado;Técnico em Informática;Matutino;Em curso;Em curso;Em fluxo;74
2023;IFES;Campus Cachoeiro de Itapemirim;Educação Presencial;Técnico;Integrado;Técnico em Informática;Matutino;Em curso;Em curso;Retido;2
2023;IFES;Campus Cachoeiro de Itapemirim;Educação Presencial;Técnico;Integrado;Técnico em Informática;Matutino;Evadidos;Cancelada;Em fluxo;
2023;IFES;Campus Cachoeiro de Itapemirim;Educação Presencial;Técnico;Integrado;Técnico em Informática;Matutino;Evadidos;Desligada;Em fluxo;1
2023;IFES;Campus Cachoeiro de Itapemirim;Educação Presencial;Técnico;Integrado;Técnico em Informática;Matutino;Evadidos;Reprovado;Em fluxo;
2023;IFES;Campus Cachoeiro de Itapemirim;Educação Presencial;Técnico;Integrado;Técnico em Informática;Matutino;Evadidos;Transf. externa;Em fluxo;1
2023;IFES;Campus Cachoeiro de Itapemirim;Educação Presencial;Técnico;Integrado;Técnico em Informática;Vespertino;Concluintes;Concluída;Em fluxo;30
2023;IFES;Campus Cachoeiro de Itapemirim;Educação Presencial;Técnico;Integrado;Técnico em Informática;Vespertino;Em curso;Em curso;Em fluxo;40
2023;IFES;Campus Cachoeiro de Itapemirim;Educação Presencial;Técnico;Integrado;Técnico em Informática;Vespertino;Em curso;Em curso;Retido;3
2023;IFES;Campus Cachoeiro de Itapemirim;Educação Presencial;Técnico;Integrado;Técnico em Informática;Vespertino;Evadidos;Cancelada;Em fluxo;
2023;IFES;Campus Cachoeiro de Itapemirim;Educação Presencial;Técnico;Integrado;Técnico em Informática;Vespertino;Evadidos;Desligada;Em fluxo;1
2023;IFES;Campus Cachoeiro de Itapemirim;Educação Presencial;Técnico;Integrado;Técnico em Informática;Vespertino;Evadidos;Reprovado;Em fluxo;
2023;IFES;Campus Cachoeiro de Itapemirim;Educação Presencial;Técnico;Integrado;Técnico em Informática;Vespertino;Evadidos;Transf. externa;Em fluxo;
2023;IFES;Campus Cachoeiro de Itapemirim;Educação Presencial;Bacharelado;Não se aplica;Bacharelado em Sistemas de Informação;Integral;Concluintes;Concluída;Em fluxo;41
2023;IFES;Campus Cachoeiro de Itapemirim;Educação Presencial;Bacharelado;Não se aplica;Bacharelado em Sistemas de Informação;Integral;Em curso;Em curso;Em fluxo;90
2023;IFES;Campus Cachoeiro de Itapemirim;Educação Presencial;Bacharelado;Não se aplica;Bacharelado em Sistemas de Informação;Integral;Em curso;Em curso;Retido;40
2023;IFES;Campus Cachoeiro de Itapemirim;Educação Presencial;Bacharelado;Não se aplica;Bacharelado em Sistemas de Informação;Integral;Evadidos;Cancelada;Em fluxo;
2023;IFES;Campus Cachoeiro de Itapemirim;Educação Presencial;Bacharelado;Não se aplica;Bacharelado em Sistemas de Informação;Integral;Evadidos;Desligada;Em fluxo;16
2023;IFES;Campus Cachoeiro de Itapemirim;Educação Presencial;Bacharelado;Não se aplica;Bacharelado em Sistemas de Informação;Integral;Evadidos;Reprovado;Em fluxo;
2023;IFES;Campus Cachoeiro de Itapemirim;Educação Presencial;Bacharelado;Não se aplica;Bacharelado em Sistemas de Informação;Integral;Evadidos;Transf. externa;Em fluxo;3
2023;IFES;Campus Cachoeiro de Itapemirim;Educação Presencial;Bacharelado;Não se aplica;Engenharia de Minas;Integral;Concluintes;Concluída;Em fluxo;8
2023;IFES;Campus Cachoeiro de Itapemirim;Educação Presencial;Bacharelado;Não se aplica;Engenharia de Minas;Integral;Em curso;Em curso;Em fluxo;42
2023;IFES;Campus Cachoeiro de Itapemirim;Educação Presencial;Bacharelado;Não se aplica;Engenharia de Minas;Integral;Em curso;Em curso;Retido;21
2023;IFES;Campus Cachoeiro de Itapemirim;Educação Presencial;Bacharelado;Não se aplica;Engenharia de Minas;Integral;Evadidos;Cancelada;Em fluxo;
2023;IFES;Campus Cachoeiro de Itapemirim;Educação Presencial;Bacharelado;Não se aplica;Engenharia de Minas;Integral;Evadidos;Desligada;Em fluxo;22
2023;IFES;Campus Cachoeiro de Itapemirim;Educação Presencial;Bacharelado;Não se aplica;Engenharia de Minas;Integral;Evadidos;Reprovado;Em fluxo;
2023;IFES;Campus Cachoeiro de Itapemirim;Educação Presencial;Bacharelado;Não se aplica;Engenharia de Minas;Integral;Evadidos;Transf. externa;Em fluxo;
2023;IFES;Campus Cachoeiro de Itapemirim;Educação Presencial;Bacharelado;Não se aplica;Engenharia Mecânica;Integral;Concluintes;Concluída;Em fluxo;21
2023;IFES;Campus Cachoeiro de Itapemirim;Educação Presencial;Bacharelado;Não se aplica;Engenharia Mecânica;Integral;Em curso;Em curso;Em fluxo;73
2023;IFES;Campus Cachoeiro de Itapemirim;Educação Presencial;Bacharelado;Não se aplica;Engenharia Mecânica;Integral;Em curso;Em curso;Retido;30
2023;IFES;Campus Cachoeiro de Itapemirim;Educação Presencial;Bacharelado;Não se aplica;Engenharia Mecânica;Integral;Evadidos;Cancelada;Em fluxo;
2023;IFES;Campus Cachoeiro de Itapemirim;Educação Presencial;Bacharelado;Não se aplica;Engenharia Mecânica;Integral;Evadidos;Desligada;Em fluxo;10
2023;IFES;Campus Cachoeiro de Itapemirim;Educação Presencial;Bacharelado;Não se aplica;Engenharia Mecânica;Integral;Evadidos;Reprovado;Em fluxo;
2023;IFES;Campus Cachoeiro de Itapemirim;Educação Presencial;Bacharelado;Não se aplica;Engenharia Mecânica;Integral;Evadidos;Transf. externa;Em fluxo;1
2023;IFES;Campus Cachoeiro de Itapemirim;Educação Presencial;Licenciatura;Não se aplica;Licenciatura em Matemática;Noturno;Concluintes;Concluída;Em fluxo;29
2023;IFES;Campus Cachoeiro de Itapemirim;Educação Presencial;Licenciatura;Não se aplica;Licenciatura em Matemática;Noturno;Em curso;Em curso;Em fluxo;57
2023;IFES;Campus Cachoeiro de Itapemirim;Educação Presencial;Licenciatura;Não se aplica;Licenciatura em Matemática;Noturno;Em curso;Em curso;Retido;24
2023;IFES;Campus Cachoeiro de Itapemirim;Educação Presencial;Licenciatura;Não se aplica;Licenciatura em Matemática;Noturno;Evadidos;Cancelada;Em fluxo;
2023;IFES;Campus Cachoeiro de Itapemirim;Educação Presencial;Licenciatura;Não se aplica;Licenciatura em Matemática;Noturno;Evadidos;Desligada;Em fluxo;20
2023;IFES;Campus Cachoeiro de Itapemirim;Educação Presencial;Licenciatura;Não se aplica;Licenciatura em Matemática;Noturno;Evadidos;Reprovado;Em fluxo;
2023;IFES;Campus Cachoeiro de Itapemirim;Educação Presencial;Licenciatura;Não se aplica;Licenciatura em Matemática;Noturno;Evadidos;Transf. externa;Em fluxo;
2023;IFES;Campus Cachoeiro de Itapemirim;Educação Presencial;Especialização (Lato Sensu);Não se aplica;Especialização - Desenvolvimento Educacional e Social;Matutino;Concluintes;Concluída;Em fluxo;2
2023;IFES;Campus Cachoeiro de Itapemirim;Educação Presencial;Especialização (Lato Sensu);Não se aplica;Especialização - Desenvolvimento Educacional e Social;Matutino;Em curso;Em curso;Em fluxo;
2023;IFES;Campus Cachoeiro de Itapemirim;Educação Presencial;Especialização (Lato Sensu);Não se aplica;Especialização - Desenvolvimento Educacional e Social;Matutino;Em curso;Em curso;Retido;9
2023;IFES;Campus Cachoeiro de Itapemirim;Educação Presencial;Especialização (Lato Sensu);Não se aplica;Especialização - Desenvolvimento Educacional e Social;Matutino;Evadidos;Cancelada;Em fluxo;
2023;IFES;Campus Cachoeiro de Itapemirim;Educação Presencial;Especialização (Lato Sensu);Não se aplica;Especialização - Desenvolvimento Educacional e Social;Matutino;Evadidos;Desligada;Em fluxo;
2023;IFES;Campus Cachoeiro de Itapemirim;Educação Presencial;Especialização (Lato Sensu);Não se aplica;Especialização - Desenvolvimento Educacional e Social;Matutino;Evadidos;Reprovado;Em fluxo;
2023;IFES;Campus Cachoeiro de Itapemirim;Educação Presencial;Especialização (Lato Sensu);Não se aplica;Especialização - Desenvolvimento Educacional e Social;Matutino;Evadidos;Transf. externa;Em fluxo;
2022;IFES;Campus Cachoeiro de Itapemirim;Educação a Distância;Licenciatura;Não se aplica;Licenciatura em Informática;Não se aplica;Concluintes;Concluída;Em fluxo;130
2022;IFES;Campus Cachoeiro de Itapemirim;Educação a Distância;Licenciatura;Não se aplica;Licenciatura em Informática;Não se aplica;Concluintes;Integralizada;Em fluxo;4
2022;IFES;Campus Cachoeiro de Itapemirim;Educação a Distância;Licenciatura;Não se aplica;Licenciatura em Informática;Não se aplica;Em curso;Em curso;Em fluxo;
2022;IFES;Campus Cachoeiro de Itapemirim;Educação a Distância;Licenciatura;Não se aplica;Licenciatura em Informática;Não se aplica;Em curso;Em curso;Retido;67
2022;IFES;Campus Cachoeiro de Itapemirim;Educação a Distância;Licenciatura;Não se aplica;Licenciatura em Informática;Não se aplica;Evadidos;Desligada;Em fluxo;33
2022;IFES;Campus Cachoeiro de Itapemirim;Educação a Distância;Licenciatura;Não se aplica;Licenciatura em Informática;Não se aplica;Evadidos;Reprovado;Em fluxo;
2022;IFES;Campus Cachoeiro de Itapemirim;Educação a Distância;Licenciatura;Não se aplica;Licenciatura em Informática;Não se aplica;Evadidos;Transf. externa;Em fluxo;
2022;IFES;Campus Cachoeiro de Itapemirim;Educação a Distância;Especialização (Lato Sensu);Não se aplica;Especialização - Desenvolvimento Educacional e Social;Não se aplica;Concluintes;Concluída;Em fluxo;637
2022;IFES;Campus Cachoeiro de Itapemirim;Educação a Distância;Especialização (Lato Sensu);Não se aplica;Especialização - Desenvolvimento Educacional e Social;Não se aplica;Concluintes;Integralizada;Em fluxo;
2022;IFES;Campus Cachoeiro de Itapemirim;Educação a Distância;Especialização (Lato Sensu);Não se aplica;Especialização - Desenvolvimento Educacional e Social;Não se aplica;Em curso;Em curso;Em fluxo;31
2022;IFES;Campus Cachoeiro de Itapemirim;Educação a Distância;Especialização (Lato Sensu);Não se aplica;Especialização - Desenvolvimento Educacional e Social;Não se aplica;Em curso;Em curso;Retido;528
2022;IFES;Campus Cachoeiro de Itapemirim;Educação a Distância;Especialização (Lato Sensu);Não se aplica;Especialização - Desenvolvimento Educacional e Social;Não se aplica;Evadidos;Desligada;Em fluxo;56
2022;IFES;Campus Cachoeiro de Itapemirim;Educação a Distância;Especialização (Lato Sensu);Não se aplica;Especialização - Desenvolvimento Educacional e Social;Não se aplica;Evadidos;Reprovado;Em fluxo;12
2022;IFES;Campus Cachoeiro de Itapemirim;Educação a Distância;Especialização (Lato Sensu);Não se aplica;Especialização - Desenvolvimento Educacional e Social;Não se aplica;Evadidos;Transf. externa;Em fluxo;
2022;IFES;Campus Cachoeiro de Itapemirim;Educação a Distância;Especialização (Lato Sensu);Não se aplica;Programa Especial de Formação Pedagógica de Docentes;Não se aplica;Concluintes;Concluída;Em fluxo;1
2022;IFES;Campus Cachoeiro de Itapemirim;Educação a Distância;Especialização (Lato Sensu);Não se aplica;Programa Especial de Formação Pedagógica de Docentes;Não se aplica;Concluintes;Integralizada;Em fluxo;
2022;IFES;Campus Cachoeiro de Itapemirim;Educação a Distância;Especialização (Lato Sensu);Não se aplica;Programa Especial de Formação Pedagógica de Docentes;Não se aplica;Em curso;Em curso;Em fluxo;
2022;IFES;Campus Cachoeiro de Itapemirim;Educação a Distância;Especialização (Lato Sensu);Não se aplica;Programa Especial de Formação Pedagógica de Docentes;Não se aplica;Em curso;Em curso;Retido;
2022;IFES;Campus Cachoeiro de Itapemirim;Educação a Distância;Especialização (Lato Sensu);Não se aplica;Programa Especial de Formação Pedagógica de Docentes;Não se aplica;Evadidos;Desligada;Em fluxo;
2022;IFES;Campus Cachoeiro de Itapemirim;Educação a Distância;Especialização (Lato Sensu);Não se aplica;Programa Especial de Formação Pedagógica de Docentes;Não se aplica;Evadidos;Reprovado;Em fluxo;
2022;IFES;Campus Cachoeiro de Itapemirim;Educação a Distância;Especialização (Lato Sensu);Não se aplica;Programa Especial de Formação Pedagógica de Docentes;Não se aplica;Evadidos;Transf. externa;Em fluxo;
2022;IFES;Campus Cachoeiro de Itapemirim;Educação Presencial;Técnico;Concomitante;Técnico em Eletromecânica;Noturno;Concluintes;Concluída;Em fluxo;18
2022;IFES;Campus Cachoeiro de Itapemirim;Educação Presencial;Técnico;Concomitante;Técnico em Eletromecânica;Noturno;Concluintes;Integralizada;Em fluxo;
2022;IFES;Campus Cachoeiro de Itapemirim;Educação Presencial;Técnico;Concomitante;Técnico em Eletromecânica;Noturno;Em curso;Em curso;Em fluxo;70
2022;IFES;Campus Cachoeiro de Itapemirim;Educação Presencial;Técnico;Concomitante;Técnico em Eletromecânica;Noturno;Em curso;Em curso;Retido;30
2022;IFES;Campus Cachoeiro de Itapemirim;Educação Presencial;Técnico;Concomitante;Técnico em Eletromecânica;Noturno;Evadidos;Desligada;Em fluxo;91
2022;IFES;Campus Cachoeiro de Itapemirim;Educação Presencial;Técnico;Concomitante;Técnico em Eletromecânica;Noturno;Evadidos;Reprovado;Em fluxo;
2022;IFES;Campus Cachoeiro de Itapemirim;Educação Presencial;Técnico;Concomitante;Técnico em Eletromecânica;Noturno;Evadidos;Transf. externa;Em fluxo;
2022;IFES;Campus Cachoeiro de Itapemirim;Educação Presencial;Técnico;Concomitante;Técnico em Informática;Noturno;Concluintes;Concluída;Em fluxo;13
2022;IFES;Campus Cachoeiro de Itapemirim;Educação Presencial;Técnico;Concomitante;Técnico em Informática;Noturno;Concluintes;Integralizada;Em fluxo;
2022;IFES;Campus Cachoeiro de Itapemirim;Educação Presencial;Técnico;Concomitante;Técnico em Informática;Noturno;Em curso;Em curso;Em fluxo;67
2022;IFES;Campus Cachoeiro de Itapemirim;Educação Presencial;Técnico;Concomitante;Técnico em Informática;Noturno;Em curso;Em curso;Retido;18
2022;IFES;Campus Cachoeiro de Itapemirim;Educação Presencial;Técnico;Concomitante;Técnico em Informática;Noturno;Evadidos;Desligada;Em fluxo;94
2022;IFES;Campus Cachoeiro de Itapemirim;Educação Presencial;Técnico;Concomitante;Técnico em Informática;Noturno;Evadidos;Reprovado;Em fluxo;
2022;IFES;Campus Cachoeiro de Itapemirim;Educação Presencial;Técnico;Concomitante;Técnico em Informática;Noturno;Evadidos;Transf. externa;Em fluxo;1
2022;IFES;Campus Cachoeiro de Itapemirim;Educação Presencial;Técnico;Concomitante;Técnico em Mecânica;Vespertino;Concluintes;Concluída;Em fluxo;
2022;IFES;Campus Cachoeiro de Itapemirim;Educação Presencial;Técnico;Concomitante;Técnico em Mecânica;Vespertino;Concluintes;Integralizada;Em fluxo;
2022;IFES;Campus Cachoeiro de Itapemirim;Educação Presencial;Técnico;Concomitante;Técnico em Mecânica;Vespertino;Em curso;Em curso;Em fluxo;33
2022;IFES;Campus Cachoeiro de Itapemirim;Educação Presencial;Técnico;Concomitante;Técnico em Mecânica;Vespertino;Em curso;Em curso;Retido;
2022;IFES;Campus Cachoeiro de Itapemirim;Educação Presencial;Técnico;Concomitante;Técnico em Mecânica;Vespertino;Evadidos;Desligada;Em fluxo;1
2022;IFES;Campus Cachoeiro de Itapemirim;Educação Presencial;Técnico;Concomitante;Técnico em Mecânica;Vespertino;Evadidos;Reprovado;Em fluxo;
2022;IFES;Campus Cachoeiro de Itapemirim;Educação Presencial;Técnico;Concomitante;Técnico em Mecânica;Vespertino;Evadidos;Transf. externa;Em fluxo;
2022;IFES;Campus Cachoeiro de Itapemirim;Educação Presencial;Técnico;Concomitante;Técnico em Mineração;Noturno;Concluintes;Concluída;Em fluxo;6
2022;IFES;Campus Cachoeiro de Itapemirim;Educação Presencial;Técnico;Concomitante;Técnico em Mineração;Noturno;Concluintes;Integralizada;Em fluxo;
2022;IFES;Campus Cachoeiro de Itapemirim;Educação Presencial;Técnico;Concomitante;Técnico em Mineração;Noturno;Em curso;Em curso;Em fluxo;69
2022;IFES;Campus Cachoeiro de Itapemirim;Educação Presencial;Técnico;Concomitante;Técnico em Mineração;Noturno;Em curso;Em curso;Retido;32
2022;IFES;Campus Cachoeiro de Itapemirim;Educação Presencial;Técnico;Concomitante;Técnico em Mineração;Noturno;Evadidos;Desligada;Em fluxo;96
2022;IFES;Campus Cachoeiro de Itapemirim;Educação Presencial;Técnico;Concomitante;Técnico em Mineração;Noturno;Evadidos;Reprovado;Em fluxo;
2022;IFES;Campus Cachoeiro de Itapemirim;Educação Presencial;Técnico;Concomitante;Técnico em Mineração;Noturno;Evadidos;Transf. externa;Em fluxo;
2022;IFES;Campus Cachoeiro de Itapemirim;Educação Presencial;Técnico;Concomitante;Técnico em Mineração;Vespertino;Concluintes;Concluída;Em fluxo;
2022;IFES;Campus Cachoeiro de Itapemirim;Educação Presencial;Técnico;Concomitante;Técnico em Mineração;Vespertino;Concluintes;Integralizada;Em fluxo;
2022;IFES;Campus Cachoeiro de Itapemirim;Educação Presencial;Técnico;Concomitante;Técnico em Mineração;Vespertino;Em curso;Em curso;Em fluxo;37
2022;IFES;Campus Cachoeiro de Itapemirim;Educação Presencial;Técnico;Concomitante;Técnico em Mineração;Vespertino;Em curso;Em curso;Retido;
2022;IFES;Campus Cachoeiro de Itapemirim;Educação Presencial;Técnico;Concomitante;Técnico em Mineração;Vespertino;Evadidos;Desligada;Em fluxo;
2022;IFES;Campus Cachoeiro de Itapemirim;Educação Presencial;Técnico;Concomitante;Técnico em Mineração;Vespertino;Evadidos;Reprovado;Em fluxo;
2022;IFES;Campus Cachoeiro de Itapemirim;Educação Presencial;Técnico;Concomitante;Técnico em Mineração;Vespertino;Evadidos;Transf. externa;Em fluxo;
2022;IFES;Campus Cachoeiro de Itapemirim;Educação Presencial;Técnico;Integrado;Técnico em Eletromecânica;Matutino;Concluintes;Concluída;Em fluxo;31
2022;IFES;Campus Cachoeiro de Itapemirim;Educação Presencial;Técnico;Integrado;Técnico em Eletromecânica;Matutino;Concluintes;Integralizada;Em fluxo;
2022;IFES;Campus Cachoeiro de Itapemirim;Educação Presencial;Técnico;Integrado;Técnico em Eletromecânica;Matutino;Em curso;Em curso;Em fluxo;34
2022;IFES;Campus Cachoeiro de Itapemirim;Educação Presencial;Técnico;Integrado;Técnico em Eletromecânica;Matutino;Em curso;Em curso;Retido;9
2022;IFES;Campus Cachoeiro de Itapemirim;Educação Presencial;Técnico;Integrado;Técnico em Eletromecânica;Matutino;Evadidos;Desligada;Em fluxo;
2022;IFES;Campus Cachoeiro de Itapemirim;Educação Presencial;Técnico;Integrado;Técnico em Eletromecânica;Matutino;Evadidos;Reprovado;Em fluxo;
2022;IFES;Campus Cachoeiro de Itapemirim;Educação Presencial;Técnico;Integrado;Técnico em Eletromecânica;Matutino;Evadidos;Transf. externa;Em fluxo;5
2022;IFES;Campus Cachoeiro de Itapemirim;Educação Presencial;Técnico;Integrado;Técnico em Eletromecânica;Vespertino;Concluintes;Concluída;Em fluxo;10
2022;IFES;Campus Cachoeiro de Itapemirim;Educação Presencial;Técnico;Integrado;Técnico em Eletromecânica;Vespertino;Concluintes;Integralizada;Em fluxo;
2022;IFES;Campus Cachoeiro de Itapemirim;Educação Presencial;Técnico;Integrado;Técnico em Eletromecânica;Vespertino;Em curso;Em curso;Em fluxo;68
2022;IFES;Campus Cachoeiro de Itapemirim;Educação Presencial;Técnico;Integrado;Técnico em Eletromecânica;Vespertino;Em curso;Em curso;Retido;2
2022;IFES;Campus Cachoeiro de Itapemirim;Educação Presencial;Técnico;Integrado;Técnico em Eletromecânica;Vespertino;Evadidos;Desligada;Em fluxo;3
2022;IFES;Campus Cachoeiro de Itapemirim;Educação Presencial;Técnico;Integrado;Técnico em Eletromecânica;Vespertino;Evadidos;Reprovado;Em fluxo;
2022;IFES;Campus Cachoeiro de Itapemirim;Educação Presencial;Técnico;Integrado;Técnico em Eletromecânica;Vespertino;Evadidos;Transf. externa;Em fluxo;7
2022;IFES;Campus Cachoeiro de Itapemirim;Educação Presencial;Técnico;Integrado;Técnico em Informática;Matutino;Concluintes;Concluída;Em fluxo;30
2022;IFES;Campus Cachoeiro de Itapemirim;Educação Presencial;Técnico;Integrado;Técnico em Informática;Matutino;Concluintes;Integralizada;Em fluxo;
2022;IFES;Campus Cachoeiro de Itapemirim;Educação Presencial;Técnico;Integrado;Técnico em Informática;Matutino;Em curso;Em curso;Em fluxo;35
2022;IFES;Campus Cachoeiro de Itapemirim;Educação Presencial;Técnico;Integrado;Técnico em Informática;Matutino;Em curso;Em curso;Retido;3
2022;IFES;Campus Cachoeiro de Itapemirim;Educação Presencial;Técnico;Integrado;Técnico em Informática;Matutino;Evadidos;Desligada;Em fluxo;
2022;IFES;Campus Cachoeiro de Itapemirim;Educação Presencial;Técnico;Integrado;Técnico em Informática;Matutino;Evadidos;Reprovado;Em fluxo;
2022;IFES;Campus Cachoeiro de Itapemirim;Educação Presencial;Técnico;Integrado;Técnico em Informática;Matutino;Evadidos;Transf. externa;Em fluxo;1
2022;IFES;Campus Cachoeiro de Itapemirim;Educação Presencial;Técnico;Integrado;Técnico em Informática;Vespertino;Concluintes;Concluída;Em fluxo;4
2022;IFES;Campus Cachoeiro de Itapemirim;Educação Presencial;Técnico;Integrado;Técnico em Informática;Vespertino;Concluintes;Integralizada;Em fluxo;
2022;IFES;Campus Cachoeiro de Itapemirim;Educação Presencial;Técnico;Integrado;Técnico em Informática;Vespertino;Em curso;Em curso;Em fluxo;73
2022;IFES;Campus Cachoeiro de Itapemirim;Educação Presencial;Técnico;Integrado;Técnico em Informática;Vespertino;Em curso;Em curso;Retido;
2022;IFES;Campus Cachoeiro de Itapemirim;Educação Presencial;Técnico;Integrado;Técnico em Informática;Vespertino;Evadidos;Desligada;Em fluxo;3
2022;IFES;Campus Cachoeiro de Itapemirim;Educação Presencial;Técnico;Integrado;Técnico em Informática;Vespertino;Evadidos;Reprovado;Em fluxo;
2022;IFES;Campus Cachoeiro de Itapemirim;Educação Presencial;Técnico;Integrado;Técnico em Informática;Vespertino;Evadidos;Transf. externa;Em fluxo;5
2022;IFES;Campus Cachoeiro de Itapemirim;Educação Presencial;Bacharelado;Não se aplica;Bacharelado em Sistemas de Informação;Integral;Concluintes;Concluída;Em fluxo;6
2022;IFES;Campus Cachoeiro de Itapemirim;Educação Presencial;Bacharelado;Não se aplica;Bacharelado em Sistemas de Informação;Integral;Concluintes;Integralizada;Em fluxo;
2022;IFES;Campus Cachoeiro de Itapemirim;Educação Presencial;Bacharelado;Não se aplica;Bacharelado em Sistemas de Informação;Integral;Em curso;Em curso;Em fluxo;78
2022;IFES;Campus Cachoeiro de Itapemirim;Educação Presencial;Bacharelado;Não se aplica;Bacharelado em Sistemas de Informação;Integral;Em curso;Em curso;Retido;79
2022;IFES;Campus Cachoeiro de Itapemirim;Educação Presencial;Bacharelado;Não se aplica;Bacharelado em Sistemas de Informação;Integral;Evadidos;Desligada;Em fluxo;50
2022;IFES;Campus Cachoeiro de Itapemirim;Educação Presencial;Bacharelado;Não se aplica;Bacharelado em Sistemas de Informação;Integral;Evadidos;Reprovado;Em fluxo;
2022;IFES;Campus Cachoeiro de Itapemirim;Educação Presencial;Bacharelado;Não se aplica;Bacharelado em Sistemas de Informação;Integral;Evadidos;Transf. externa;Em fluxo;3
2022;IFES;Campus Cachoeiro de Itapemirim;Educação Presencial;Bacharelado;Não se aplica;Engenharia de Minas;Integral;Concluintes;Concluída;Em fluxo;12
2022;IFES;Campus Cachoeiro de Itapemirim;Educação Presencial;Bacharelado;Não se aplica;Engenharia de Minas;Integral;Concluintes;Integralizada;Em fluxo;
2022;IFES;Campus Cachoeiro de Itapemirim;Educação Presencial;Bacharelado;Não se aplica;Engenharia de Minas;Integral;Em curso;Em curso;Em fluxo;79
2022;IFES;Campus Cachoeiro de Itapemirim;Educação Presencial;Bacharelado;Não se aplica;Engenharia de Minas;Integral;Em curso;Em curso;Retido;18
2022;IFES;Campus Cachoeiro de Itapemirim;Educação Presencial;Bacharelado;Não se aplica;Engenharia de Minas;Integral;Evadidos;Desligada;Em fluxo;60
2022;IFES;Campus Cachoeiro de Itapemirim;Educação Presencial;Bacharelado;Não se aplica;Engenharia de Minas;Integral;Evadidos;Reprovado;Em fluxo;
2022;IFES;Campus Cachoeiro de Itapemirim;Educação Presencial;Bacharelado;Não se aplica;Engenharia de Minas;Integral;Evadidos;Transf. externa;Em fluxo;1
2022;IFES;Campus Cachoeiro de Itapemirim;Educação Presencial;Bacharelado;Não se aplica;Engenharia Mecânica;Integral;Concluintes;Concluída;Em fluxo;23
2022;IFES;Campus Cachoeiro de Itapemirim;Educação Presencial;Bacharelado;Não se aplica;Engenharia Mecânica;Integral;Concluintes;Integralizada;Em fluxo;
2022;IFES;Campus Cachoeiro de Itapemirim;Educação Presencial;Bacharelado;Não se aplica;Engenharia Mecânica;Integral;Em curso;Em curso;Em fluxo;63
2022;IFES;Campus Cachoeiro de Itapemirim;Educação Presencial;Bacharelado;Não se aplica;Engenharia Mecânica;Integral;Em curso;Em curso;Retido;40
2022;IFES;Campus Cachoeiro de Itapemirim;Educação Presencial;Bacharelado;Não se aplica;Engenharia Mecânica;Integral;Evadidos;Desligada;Em fluxo;59
2022;IFES;Campus Cachoeiro de Itapemirim;Educação Presencial;Bacharelado;Não se aplica;Engenharia Mecânica;Integral;Evadidos;Reprovado;Em fluxo;
2022;IFES;Campus Cachoeiro de Itapemirim;Educação Presencial;Bacharelado;Não se aplica;Engenharia Mecânica;Integral;Evadidos;Transf. externa;Em fluxo;4
2022;IFES;Campus Cachoeiro de Itapemirim;Educação Presencial;Licenciatura;Não se aplica;Licenciatura em Matemática;Noturno;Concluintes;Concluída;Em fluxo;23
2022;IFES;Campus Cachoeiro de Itapemirim;Educação Presencial;Licenciatura;Não se aplica;Licenciatura em Matemática;Noturno;Concluintes;Integralizada;Em fluxo;
2022;IFES;Campus Cachoeiro de Itapemirim;Educação Presencial;Licenciatura;Não se aplica;Licenciatura em Matemática;Noturno;Em curso;Em curso;Em fluxo;54
2022;IFES;Campus Cachoeiro de Itapemirim;Educação Presencial;Licenciatura;Não se aplica;Licenciatura em Matemática;Noturno;Em curso;Em curso;Retido;42
2022;IFES;Campus Cachoeiro de Itapemirim;Educação Presencial;Licenciatura;Não se aplica;Licenciatura em Matemática;Noturno;Evadidos;Desligada;Em fluxo;57
2022;IFES;Campus Cachoeiro de Itapemirim;Educação Presencial;Licenciatura;Não se aplica;Licenciatura em Matemática;Noturno;Evadidos;Reprovado;Em fluxo;
2022;IFES;Campus Cachoeiro de Itapemirim;Educação Presencial;Licenciatura;Não se aplica;Licenciatura em Matemática;Noturno;Evadidos;Transf. externa;Em fluxo;1
2022;IFES;Campus Cachoeiro de Itapemirim;Educação Presencial;Especialização (Lato Sensu);Não se aplica;Especialização - Desenvolvimento Educacional e Social;Matutino;Concluintes;Concluída;Em fluxo;
2022;IFES;Campus Cachoeiro de Itapemirim;Educação Presencial;Especialização (Lato Sensu);Não se aplica;Especialização - Desenvolvimento Educacional e Social;Matutino;Concluintes;Integralizada;Em fluxo;
2022;IFES;Campus Cachoeiro de Itapemirim;Educação Presencial;Especialização (Lato Sensu);Não se aplica;Especialização - Desenvolvimento Educacional e Social;Matutino;Em curso;Em curso;Em fluxo;11
2022;IFES;Campus Cachoeiro de Itapemirim;Educação Presencial;Especialização (Lato Sensu);Não se aplica;Especialização - Desenvolvimento Educacional e Social;Matutino;Em curso;Em curso;Retido;
2022;IFES;Campus Cachoeiro de Itapemirim;Educação Presencial;Especialização (Lato Sensu);Não se aplica;Especialização - Desenvolvimento Educacional e Social;Matutino;Evadidos;Desligada;Em fluxo;10
2022;IFES;Campus Cachoeiro de Itapemirim;Educação Presencial;Especialização (Lato Sensu);Não se aplica;Especialização - Desenvolvimento Educacional e Social;Matutino;Evadidos;Reprovado;Em fluxo;
2022;IFES;Campus Cachoeiro de Itapemirim;Educação Presencial;Especialização (Lato Sensu);Não se aplica;Especialização - Desenvolvimento Educacional e Social;Matutino;Evadidos;Transf. externa;Em fluxo;
2022;IFES;Campus Cachoeiro de Itapemirim;Educação Presencial;Especialização (Lato Sensu);Não se aplica;Especialização - Recursos Naturais;Noturno;Concluintes;Concluída;Em fluxo;10
2022;IFES;Campus Cachoeiro de Itapemirim;Educação Presencial;Especialização (Lato Sensu);Não se aplica;Especialização - Recursos Naturais;Noturno;Concluintes;Integralizada;Em fluxo;
2022;IFES;Campus Cachoeiro de Itapemirim;Educação Presencial;Especialização (Lato Sensu);Não se aplica;Especialização - Recursos Naturais;Noturno;Em curso;Em curso;Em fluxo;
2022;IFES;Campus Cachoeiro de Itapemirim;Educação Presencial;Especialização (Lato Sensu);Não se aplica;Especialização - Recursos Naturais;Noturno;Em curso;Em curso;Retido;
2022;IFES;Campus Cachoeiro de Itapemirim;Educação Presencial;Especialização (Lato Sensu);Não se aplica;Especialização - Recursos Naturais;Noturno;Evadidos;Desligada;Em fluxo;1
2022;IFES;Campus Cachoeiro de Itapemirim;Educação Presencial;Especialização (Lato Sensu);Não se aplica;Especialização - Recursos Naturais;Noturno;Evadidos;Reprovado;Em fluxo;2
2022;IFES;Campus Cachoeiro de Itapemirim;Educação Presencial;Especialização (Lato Sensu);Não se aplica;Especialização - Recursos Naturais;Noturno;Evadidos;Transf. externa;Em fluxo;
2021;IFES;Campus Cachoeiro de Itapemirim;Educação a Distância;Licenciatura;Não se aplica;Licenciatura em Informática;Não se aplica;Concluintes;Concluída;Em fluxo;2
2021;IFES;Campus Cachoeiro de Itapemirim;Educação a Distância;Licenciatura;Não se aplica;Licenciatura em Informática;Não se aplica;Concluintes;Integralizada;Em fluxo;
2021;IFES;Campus Cachoeiro de Itapemirim;Educação a Distância;Licenciatura;Não se aplica;Licenciatura em Informática;Não se aplica;Em curso;Em curso;Em fluxo;
2021;IFES;Campus Cachoeiro de Itapemirim;Educação a Distância;Licenciatura;Não se aplica;Licenciatura em Informática;Não se aplica;Em curso;Em curso;Retido;236
2021;IFES;Campus Cachoeiro de Itapemirim;Educação a Distância;Licenciatura;Não se aplica;Licenciatura em Informática;Não se aplica;Evadidos;Cancelada;Em fluxo;2
2021;IFES;Campus Cachoeiro de Itapemirim;Educação a Distância;Licenciatura;Não se aplica;Licenciatura em Informática;Não se aplica;Evadidos;Desligada;Em fluxo;52
2021;IFES;Campus Cachoeiro de Itapemirim;Educação a Distância;Licenciatura;Não se aplica;Licenciatura em Informática;Não se aplica;Evadidos;Reprovado;Em fluxo;
2021;IFES;Campus Cachoeiro de Itapemirim;Educação a Distância;Licenciatura;Não se aplica;Licenciatura em Informática;Não se aplica;Evadidos;Transf. externa;Em fluxo;
2021;IFES;Campus Cachoeiro de Itapemirim;Educação a Distância;Especialização (Lato Sensu);Não se aplica;Especialização (Lato Sensu) - Desenvolvimento Educacional e Social;Não se aplica;Concluintes;Concluída;Em fluxo;
2021;IFES;Campus Cachoeiro de Itapemirim;Educação a Distância;Especialização (Lato Sensu);Não se aplica;Especialização (Lato Sensu) - Desenvolvimento Educacional e Social;Não se aplica;Concluintes;Integralizada;Em fluxo;
2021;IFES;Campus Cachoeiro de Itapemirim;Educação a Distância;Especialização (Lato Sensu);Não se aplica;Especialização (Lato Sensu) - Desenvolvimento Educacional e Social;Não se aplica;Em curso;Em curso;Em fluxo;24
2021;IFES;Campus Cachoeiro de Itapemirim;Educação a Distância;Especialização (Lato Sensu);Não se aplica;Especialização (Lato Sensu) - Desenvolvimento Educacional e Social;Não se aplica;Em curso;Em curso;Retido;
2021;IFES;Campus Cachoeiro de Itapemirim;Educação a Distância;Especialização (Lato Sensu);Não se aplica;Especialização (Lato Sensu) - Desenvolvimento Educacional e Social;Não se aplica;Evadidos;Cancelada;Em fluxo;
2021;IFES;Campus Cachoeiro de Itapemirim;Educação a Distância;Especialização (Lato Sensu);Não se aplica;Especialização (Lato Sensu) - Desenvolvimento Educacional e Social;Não se aplica;Evadidos;Desligada;Em fluxo;16
2021;IFES;Campus Cachoeiro de Itapemirim;Educação a Distância;Especialização (Lato Sensu);Não se aplica;Especialização (Lato Sensu) - Desenvolvimento Educacional e Social;Não se aplica;Evadidos;Reprovado;Em fluxo;
2021;IFES;Campus Cachoeiro de Itapemirim;Educação a Distância;Especialização (Lato Sensu);Não se aplica;Especialização (Lato Sensu) - Desenvolvimento Educacional e Social;Não se aplica;Evadidos;Transf. externa;Em fluxo;
2021;IFES;Campus Cachoeiro de Itapemirim;Educação a Distância;Especialização (Lato Sensu);Não se aplica;Programa Especial de Formação Pedagógica de Docentes;Não se aplica;Concluintes;Concluída;Em fluxo;
2021;IFES;Campus Cachoeiro de Itapemirim;Educação a Distância;Especialização (Lato Sensu);Não se aplica;Programa Especial de Formação Pedagógica de Docentes;Não se aplica;Concluintes;Integralizada;Em fluxo;
2021;IFES;Campus Cachoeiro de Itapemirim;Educação a Distância;Especialização (Lato Sensu);Não se aplica;Programa Especial de Formação Pedagógica de Docentes;Não se aplica;Em curso;Em curso;Em fluxo;
2021;IFES;Campus Cachoeiro de Itapemirim;Educação a Distância;Especialização (Lato Sensu);Não se aplica;Programa Especial de Formação Pedagógica de Docentes;Não se aplica;Em curso;Em curso;Retido;13
2021;IFES;Campus Cachoeiro de Itapemirim;Educação a Distância;Especialização (Lato Sensu);Não se aplica;Programa Especial de Formação Pedagógica de Docentes;Não se aplica;Evadidos;Cancelada;Em fluxo;
2021;IFES;Campus Cachoeiro de Itapemirim;Educação a Distância;Especialização (Lato Sensu);Não se aplica;Programa Especial de Formação Pedagógica de Docentes;Não se aplica;Evadidos;Desligada;Em fluxo;
2021;IFES;Campus Cachoeiro de Itapemirim;Educação a Distância;Especialização (Lato Sensu);Não se aplica;Programa Especial de Formação Pedagógica de Docentes;Não se aplica;Evadidos;Reprovado;Em fluxo;
2021;IFES;Campus Cachoeiro de Itapemirim;Educação a Distância;Especialização (Lato Sensu);Não se aplica;Programa Especial de Formação Pedagógica de Docentes;Não se aplica;Evadidos;Transf. externa;Em fluxo;
2021;IFES;Campus Cachoeiro de Itapemirim;Educação Presencial;Técnico;Concomitante;Técnico em Eletromecânica;Noturno;Concluintes;Concluída;Em fluxo;19
2021;IFES;Campus Cachoeiro de Itapemirim;Educação Presencial;Técnico;Concomitante;Técnico em Eletromecânica;Noturno;Concluintes;Integralizada;Em fluxo;1
2021;IFES;Campus Cachoeiro de Itapemirim;Educação Presencial;Técnico;Concomitante;Técnico em Eletromecânica;Noturno;Em curso;Em curso;Em fluxo;41
2021;IFES;Campus Cachoeiro de Itapemirim;Educação Presencial;Técnico;Concomitante;Técnico em Eletromecânica;Noturno;Em curso;Em curso;Retido;82
2021;IFES;Campus Cachoeiro de Itapemirim;Educação Presencial;Técnico;Concomitante;Técnico em Eletromecânica;Noturno;Evadidos;Cancelada;Em fluxo;
2021;IFES;Campus Cachoeiro de Itapemirim;Educação Presencial;Técnico;Concomitante;Técnico em Eletromecânica;Noturno;Evadidos;Desligada;Em fluxo;4
2021;IFES;Campus Cachoeiro de Itapemirim;Educação Presencial;Técnico;Concomitante;Técnico em Eletromecânica;Noturno;Evadidos;Reprovado;Em fluxo;
2021;IFES;Campus Cachoeiro de Itapemirim;Educação Presencial;Técnico;Concomitante;Técnico em Eletromecânica;Noturno;Evadidos;Transf. externa;Em fluxo;
2021;IFES;Campus Cachoeiro de Itapemirim;Educação Presencial;Técnico;Concomitante;Técnico em Informática;Noturno;Concluintes;Concluída;Em fluxo;8
2021;IFES;Campus Cachoeiro de Itapemirim;Educação Presencial;Técnico;Concomitante;Técnico em Informática;Noturno;Concluintes;Integralizada;Em fluxo;
2021;IFES;Campus Cachoeiro de Itapemirim;Educação Presencial;Técnico;Concomitante;Técnico em Informática;Noturno;Em curso;Em curso;Em fluxo;28
2021;IFES;Campus Cachoeiro de Itapemirim;Educação Presencial;Técnico;Concomitante;Técnico em Informática;Noturno;Em curso;Em curso;Retido;74
2021;IFES;Campus Cachoeiro de Itapemirim;Educação Presencial;Técnico;Concomitante;Técnico em Informática;Noturno;Evadidos;Cancelada;Em fluxo;
2021;IFES;Campus Cachoeiro de Itapemirim;Educação Presencial;Técnico;Concomitante;Técnico em Informática;Noturno;Evadidos;Desligada;Em fluxo;6
2021;IFES;Campus Cachoeiro de Itapemirim;Educação Presencial;Técnico;Concomitante;Técnico em Informática;Noturno;Evadidos;Reprovado;Em fluxo;
2021;IFES;Campus Cachoeiro de Itapemirim;Educação Presencial;Técnico;Concomitante;Técnico em Informática;Noturno;Evadidos;Transf. externa;Em fluxo;
2021;IFES;Campus Cachoeiro de Itapemirim;Educação Presencial;Técnico;Concomitante;Técnico em Mecânica;Vespertino;Concluintes;Concluída;Em fluxo;
2021;IFES;Campus Cachoeiro de Itapemirim;Educação Presencial;Técnico;Concomitante;Técnico em Mecânica;Vespertino;Concluintes;Integralizada;Em fluxo;
2021;IFES;Campus Cachoeiro de Itapemirim;Educação Presencial;Técnico;Concomitante;Técnico em Mecânica;Vespertino;Em curso;Em curso;Em fluxo;14
2021;IFES;Campus Cachoeiro de Itapemirim;Educação Presencial;Técnico;Concomitante;Técnico em Mecânica;Vespertino;Em curso;Em curso;Retido;
2021;IFES;Campus Cachoeiro de Itapemirim;Educação Presencial;Técnico;Concomitante;Técnico em Mecânica;Vespertino;Evadidos;Cancelada;Em fluxo;
2021;IFES;Campus Cachoeiro de Itapemirim;Educação Presencial;Técnico;Concomitante;Técnico em Mecânica;Vespertino;Evadidos;Desligada;Em fluxo;
2021;IFES;Campus Cachoeiro de Itapemirim;Educação Presencial;Técnico;Concomitante;Técnico em Mecânica;Vespertino;Evadidos;Reprovado;Em fluxo;
2021;IFES;Campus Cachoeiro de Itapemirim;Educação Presencial;Técnico;Concomitante;Técnico em Mecânica;Vespertino;Evadidos;Transf. externa;Em fluxo;
2021;IFES;Campus Cachoeiro de Itapemirim;Educação Presencial;Técnico;Concomitante;Técnico em Mineração;Noturno;Concluintes;Concluída;Em fluxo;8
2021;IFES;Campus Cachoeiro de Itapemirim;Educação Presencial;Técnico;Concomitante;Técnico em Mineração;Noturno;Concluintes;Integralizada;Em fluxo;1
2021;IFES;Campus Cachoeiro de Itapemirim;Educação Presencial;Técnico;Concomitante;Técnico em Mineração;Noturno;Em curso;Em curso;Em fluxo;45
2021;IFES;Campus Cachoeiro de Itapemirim;Educação Presencial;Técnico;Concomitante;Técnico em Mineração;Noturno;Em curso;Em curso;Retido;65
2021;IFES;Campus Cachoeiro de Itapemirim;Educação Presencial;Técnico;Concomitante;Técnico em Mineração;Noturno;Evadidos;Cancelada;Em fluxo;
2021;IFES;Campus Cachoeiro de Itapemirim;Educação Presencial;Técnico;Concomitante;Técnico em Mineração;Noturno;Evadidos;Desligada;Em fluxo;6
2021;IFES;Campus Cachoeiro de Itapemirim;Educação Presencial;Técnico;Concomitante;Técnico em Mineração;Noturno;Evadidos;Reprovado;Em fluxo;
2021;IFES;Campus Cachoeiro de Itapemirim;Educação Presencial;Técnico;Concomitante;Técnico em Mineração;Noturno;Evadidos;Transf. externa;Em fluxo;
2021;IFES;Campus Cachoeiro de Itapemirim;Educação Presencial;Técnico;Concomitante;Técnico em Mineração;Vespertino;Concluintes;Concluída;Em fluxo;
2021;IFES;Campus Cachoeiro de Itapemirim;Educação Presencial;Técnico;Concomitante;Técnico em Mineração;Vespertino;Concluintes;Integralizada;Em fluxo;
2021;IFES;Campus Cachoeiro de Itapemirim;Educação Presencial;Técnico;Concomitante;Técnico em Mineração;Vespertino;Em curso;Em curso;Em fluxo;17
2021;IFES;Campus Cachoeiro de Itapemirim;Educação Presencial;Técnico;Concomitante;Técnico em Mineração;Vespertino;Em curso;Em curso;Retido;
2021;IFES;Campus Cachoeiro de Itapemirim;Educação Presencial;Técnico;Concomitante;Técnico em Mineração;Vespertino;Evadidos;Cancelada;Em fluxo;
2021;IFES;Campus Cachoeiro de Itapemirim;Educação Presencial;Técnico;Concomitante;Técnico em Mineração;Vespertino;Evadidos;Desligada;Em fluxo;1
2021;IFES;Campus Cachoeiro de Itapemirim;Educação Presencial;Técnico;Concomitante;Técnico em Mineração;Vespertino;Evadidos;Reprovado;Em fluxo;
2021;IFES;Campus Cachoeiro de Itapemirim;Educação Presencial;Técnico;Concomitante;Técnico em Mineração;Vespertino;Evadidos;Transf. externa;Em fluxo;
2021;IFES;Campus Cachoeiro de Itapemirim;Educação Presencial;Técnico;Integrado;Técnico em Eletromecânica;Matutino;Concluintes;Concluída;Em fluxo;3
2021;IFES;Campus Cachoeiro de Itapemirim;Educação Presencial;Técnico;Integrado;Técnico em Eletromecânica;Matutino;Concluintes;Integralizada;Em fluxo;
2021;IFES;Campus Cachoeiro de Itapemirim;Educação Presencial;Técnico;Integrado;Técnico em Eletromecânica;Matutino;Em curso;Em curso;Em fluxo;77
2021;IFES;Campus Cachoeiro de Itapemirim;Educação Presencial;Técnico;Integrado;Técnico em Eletromecânica;Matutino;Em curso;Em curso;Retido;1
2021;IFES;Campus Cachoeiro de Itapemirim;Educação Presencial;Técnico;Integrado;Técnico em Eletromecânica;Matutino;Evadidos;Cancelada;Em fluxo;
2021;IFES;Campus Cachoeiro de Itapemirim;Educação Presencial;Técnico;Integrado;Técnico em Eletromecânica;Matutino;Evadidos;Desligada;Em fluxo;
2021;IFES;Campus Cachoeiro de Itapemirim;Educação Presencial;Técnico;Integrado;Técnico em Eletromecânica;Matutino;Evadidos;Reprovado;Em fluxo;
2021;IFES;Campus Cachoeiro de Itapemirim;Educação Presencial;Técnico;Integrado;Técnico em Eletromecânica;Matutino;Evadidos;Transf. externa;Em fluxo;3
2021;IFES;Campus Cachoeiro de Itapemirim;Educação Presencial;Técnico;Integrado;Técnico em Eletromecânica;Vespertino;Concluintes;Concluída;Em fluxo;27
2021;IFES;Campus Cachoeiro de Itapemirim;Educação Presencial;Técnico;Integrado;Técnico em Eletromecânica;Vespertino;Concluintes;Integralizada;Em fluxo;
2021;IFES;Campus Cachoeiro de Itapemirim;Educação Presencial;Técnico;Integrado;Técnico em Eletromecânica;Vespertino;Em curso;Em curso;Em fluxo;37
2021;IFES;Campus Cachoeiro de Itapemirim;Educação Presencial;Técnico;Integrado;Técnico em Eletromecânica;Vespertino;Em curso;Em curso;Retido;13
2021;IFES;Campus Cachoeiro de Itapemirim;Educação Presencial;Técnico;Integrado;Técnico em Eletromecânica;Vespertino;Evadidos;Cancelada;Em fluxo;
2021;IFES;Campus Cachoeiro de Itapemirim;Educação Presencial;Técnico;Integrado;Técnico em Eletromecânica;Vespertino;Evadidos;Desligada;Em fluxo;
2021;IFES;Campus Cachoeiro de Itapemirim;Educação Presencial;Técnico;Integrado;Técnico em Eletromecânica;Vespertino;Evadidos;Reprovado;Em fluxo;
2021;IFES;Campus Cachoeiro de Itapemirim;Educação Presencial;Técnico;Integrado;Técnico em Eletromecânica;Vespertino;Evadidos;Transf. externa;Em fluxo;2
2021;IFES;Campus Cachoeiro de Itapemirim;Educação Presencial;Técnico;Integrado;Técnico em Informática;Matutino;Concluintes;Concluída;Em fluxo;1
2021;IFES;Campus Cachoeiro de Itapemirim;Educação Presencial;Técnico;Integrado;Técnico em Informática;Matutino;Concluintes;Integralizada;Em fluxo;
2021;IFES;Campus Cachoeiro de Itapemirim;Educação Presencial;Técnico;Integrado;Técnico em Informática;Matutino;Em curso;Em curso;Em fluxo;69
2021;IFES;Campus Cachoeiro de Itapemirim;Educação Presencial;Técnico;Integrado;Técnico em Informática;Matutino;Em curso;Em curso;Retido;
2021;IFES;Campus Cachoeiro de Itapemirim;Educação Presencial;Técnico;Integrado;Técnico em Informática;Matutino;Evadidos;Cancelada;Em fluxo;
2021;IFES;Campus Cachoeiro de Itapemirim;Educação Presencial;Técnico;Integrado;Técnico em Informática;Matutino;Evadidos;Desligada;Em fluxo;
2021;IFES;Campus Cachoeiro de Itapemirim;Educação Presencial;Técnico;Integrado;Técnico em Informática;Matutino;Evadidos;Reprovado;Em fluxo;
2021;IFES;Campus Cachoeiro de Itapemirim;Educação Presencial;Técnico;Integrado;Técnico em Informática;Matutino;Evadidos;Transf. externa;Em fluxo;5
2021;IFES;Campus Cachoeiro de Itapemirim;Educação Presencial;Técnico;Integrado;Técnico em Informática;Vespertino;Concluintes;Concluída;Em fluxo;36
2021;IFES;Campus Cachoeiro de Itapemirim;Educação Presencial;Técnico;Integrado;Técnico em Informática;Vespertino;Concluintes;Integralizada;Em fluxo;
2021;IFES;Campus Cachoeiro de Itapemirim;Educação Presencial;Técnico;Integrado;Técnico em Informática;Vespertino;Em curso;Em curso;Em fluxo;39
2021;IFES;Campus Cachoeiro de Itapemirim;Educação Presencial;Técnico;Integrado;Técnico em Informática;Vespertino;Em curso;Em curso;Retido;5
2021;IFES;Campus Cachoeiro de Itapemirim;Educação Presencial;Técnico;Integrado;Técnico em Informática;Vespertino;Evadidos;Cancelada;Em fluxo;
2021;IFES;Campus Cachoeiro de Itapemirim;Educação Presencial;Técnico;Integrado;Técnico em Informática;Vespertino;Evadidos;Desligada;Em fluxo;
2021;IFES;Campus Cachoeiro de Itapemirim;Educação Presencial;Técnico;Integrado;Técnico em Informática;Vespertino;Evadidos;Reprovado;Em fluxo;
2021;IFES;Campus Cachoeiro de Itapemirim;Educação Presencial;Técnico;Integrado;Técnico em Informática;Vespertino;Evadidos;Transf. externa;Em fluxo;5
2021;IFES;Campus Cachoeiro de Itapemirim;Educação Presencial;Bacharelado;Não se aplica;Bacharelado em Sistemas de Informação;Integral;Concluintes;Concluída;Em fluxo;2
2021;IFES;Campus Cachoeiro de Itapemirim;Educação Presencial;Bacharelado;Não se aplica;Bacharelado em Sistemas de Informação;Integral;Concluintes;Integralizada;Em fluxo;
2021;IFES;Campus Cachoeiro de Itapemirim;Educação Presencial;Bacharelado;Não se aplica;Bacharelado em Sistemas de Informação;Integral;Em curso;Em curso;Em fluxo;103
2021;IFES;Campus Cachoeiro de Itapemirim;Educação Presencial;Bacharelado;Não se aplica;Bacharelado em Sistemas de Informação;Integral;Em curso;Em curso;Retido;67
2021;IFES;Campus Cachoeiro de Itapemirim;Educação Presencial;Bacharelado;Não se aplica;Bacharelado em Sistemas de Informação;Integral;Evadidos;Cancelada;Em fluxo;
2021;IFES;Campus Cachoeiro de Itapemirim;Educação Presencial;Bacharelado;Não se aplica;Bacharelado em Sistemas de Informação;Integral;Evadidos;Desligada;Em fluxo;11
2021;IFES;Campus Cachoeiro de Itapemirim;Educação Presencial;Bacharelado;Não se aplica;Bacharelado em Sistemas de Informação;Integral;Evadidos;Reprovado;Em fluxo;
2021;IFES;Campus Cachoeiro de Itapemirim;Educação Presencial;Bacharelado;Não se aplica;Bacharelado em Sistemas de Informação;Integral;Evadidos;Transf. externa;Em fluxo;1
2021;IFES;Campus Cachoeiro de Itapemirim;Educação Presencial;Bacharelado;Não se aplica;Engenharia de Minas;Integral;Concluintes;Concluída;Em fluxo;17
2021;IFES;Campus Cachoeiro de Itapemirim;Educação Presencial;Bacharelado;Não se aplica;Engenharia de Minas;Integral;Concluintes;Integralizada;Em fluxo;2
2021;IFES;Campus Cachoeiro de Itapemirim;Educação Presencial;Bacharelado;Não se aplica;Engenharia de Minas;Integral;Em curso;Em curso;Em fluxo;121
2021;IFES;Campus Cachoeiro de Itapemirim;Educação Presencial;Bacharelado;Não se aplica;Engenharia de Minas;Integral;Em curso;Em curso;Retido;22
2021;IFES;Campus Cachoeiro de Itapemirim;Educação Presencial;Bacharelado;Não se aplica;Engenharia de Minas;Integral;Evadidos;Cancelada;Em fluxo;
2021;IFES;Campus Cachoeiro de Itapemirim;Educação Presencial;Bacharelado;Não se aplica;Engenharia de Minas;Integral;Evadidos;Desligada;Em fluxo;12
2021;IFES;Campus Cachoeiro de Itapemirim;Educação Presencial;Bacharelado;Não se aplica;Engenharia de Minas;Integral;Evadidos;Reprovado;Em fluxo;
2021;IFES;Campus Cachoeiro de Itapemirim;Educação Presencial;Bacharelado;Não se aplica;Engenharia de Minas;Integral;Evadidos;Transf. externa;Em fluxo;1
2021;IFES;Campus Cachoeiro de Itapemirim;Educação Presencial;Bacharelado;Não se aplica;Engenharia Mecânica;Integral;Concluintes;Concluída;Em fluxo;9
2021;IFES;Campus Cachoeiro de Itapemirim;Educação Presencial;Bacharelado;Não se aplica;Engenharia Mecânica;Integral;Concluintes;Integralizada;Em fluxo;2
2021;IFES;Campus Cachoeiro de Itapemirim;Educação Presencial;Bacharelado;Não se aplica;Engenharia Mecânica;Integral;Em curso;Em curso;Em fluxo;102
2021;IFES;Campus Cachoeiro de Itapemirim;Educação Presencial;Bacharelado;Não se aplica;Engenharia Mecânica;Integral;Em curso;Em curso;Retido;53
2021;IFES;Campus Cachoeiro de Itapemirim;Educação Presencial;Bacharelado;Não se aplica;Engenharia Mecânica;Integral;Evadidos;Cancelada;Em fluxo;
2021;IFES;Campus Cachoeiro de Itapemirim;Educação Presencial;Bacharelado;Não se aplica;Engenharia Mecânica;Integral;Evadidos;Desligada;Em fluxo;11
2021;IFES;Campus Cachoeiro de Itapemirim;Educação Presencial;Bacharelado;Não se aplica;Engenharia Mecânica;Integral;Evadidos;Reprovado;Em fluxo;
2021;IFES;Campus Cachoeiro de Itapemirim;Educação Presencial;Bacharelado;Não se aplica;Engenharia Mecânica;Integral;Evadidos;Transf. externa;Em fluxo;3
2021;IFES;Campus Cachoeiro de Itapemirim;Educação Presencial;Licenciatura;Não se aplica;Licenciatura em Matemática;Noturno;Concluintes;Concluída;Em fluxo;4
2021;IFES;Campus Cachoeiro de Itapemirim;Educação Presencial;Licenciatura;Não se aplica;Licenciatura em Matemática;Noturno;Concluintes;Integralizada;Em fluxo;
2021;IFES;Campus Cachoeiro de Itapemirim;Educação Presencial;Licenciatura;Não se aplica;Licenciatura em Matemática;Noturno;Em curso;Em curso;Em fluxo;99
2021;IFES;Campus Cachoeiro de Itapemirim;Educação Presencial;Licenciatura;Não se aplica;Licenciatura em Matemática;Noturno;Em curso;Em curso;Retido;44
2021;IFES;Campus Cachoeiro de Itapemirim;Educação Presencial;Licenciatura;Não se aplica;Licenciatura em Matemática;Noturno;Evadidos;Cancelada;Em fluxo;
2021;IFES;Campus Cachoeiro de Itapemirim;Educação Presencial;Licenciatura;Não se aplica;Licenciatura em Matemática;Noturno;Evadidos;Desligada;Em fluxo;11
2021;IFES;Campus Cachoeiro de Itapemirim;Educação Presencial;Licenciatura;Não se aplica;Licenciatura em Matemática;Noturno;Evadidos;Reprovado;Em fluxo;
2021;IFES;Campus Cachoeiro de Itapemirim;Educação Presencial;Licenciatura;Não se aplica;Licenciatura em Matemática;Noturno;Evadidos;Transf. externa;Em fluxo;1
2021;IFES;Campus Cachoeiro de Itapemirim;Educação Presencial;Especialização (Lato Sensu);Não se aplica;Especialização (Lato Sensu) - Desenvolvimento Educacional e Social;Matutino;Concluintes;Concluída;Em fluxo;
2021;IFES;Campus Cachoeiro de Itapemirim;Educação Presencial;Especialização (Lato Sensu);Não se aplica;Especialização (Lato Sensu) - Desenvolvimento Educacional e Social;Matutino;Concluintes;Integralizada;Em fluxo;
2021;IFES;Campus Cachoeiro de Itapemirim;Educação Presencial;Especialização (Lato Sensu);Não se aplica;Especialização (Lato Sensu) - Desenvolvimento Educacional e Social;Matutino;Em curso;Em curso;Em fluxo;21
2021;IFES;Campus Cachoeiro de Itapemirim;Educação Presencial;Especialização (Lato Sensu);Não se aplica;Especialização (Lato Sensu) - Desenvolvimento Educacional e Social;Matutino;Em curso;Em curso;Retido;
2021;IFES;Campus Cachoeiro de Itapemirim;Educação Presencial;Especialização (Lato Sensu);Não se aplica;Especialização (Lato Sensu) - Desenvolvimento Educacional e Social;Matutino;Evadidos;Cancelada;Em fluxo;
2021;IFES;Campus Cachoeiro de Itapemirim;Educação Presencial;Especialização (Lato Sensu);Não se aplica;Especialização (Lato Sensu) - Desenvolvimento Educacional e Social;Matutino;Evadidos;Desligada;Em fluxo;
2021;IFES;Campus Cachoeiro de Itapemirim;Educação Presencial;Especialização (Lato Sensu);Não se aplica;Especialização (Lato Sensu) - Desenvolvimento Educacional e Social;Matutino;Evadidos;Reprovado;Em fluxo;
2021;IFES;Campus Cachoeiro de Itapemirim;Educação Presencial;Especialização (Lato Sensu);Não se aplica;Especialização (Lato Sensu) - Desenvolvimento Educacional e Social;Matutino;Evadidos;Transf. externa;Em fluxo;
2021;IFES;Campus Cachoeiro de Itapemirim;Educação Presencial;Especialização (Lato Sensu);Não se aplica;Especialização (Lato Sensu) - Recursos Naturais;Noturno;Concluintes;Concluída;Em fluxo;
2021;IFES;Campus Cachoeiro de Itapemirim;Educação Presencial;Especialização (Lato Sensu);Não se aplica;Especialização (Lato Sensu) - Recursos Naturais;Noturno;Concluintes;Integralizada;Em fluxo;
2021;IFES;Campus Cachoeiro de Itapemirim;Educação Presencial;Especialização (Lato Sensu);Não se aplica;Especialização (Lato Sensu) - Recursos Naturais;Noturno;Em curso;Em curso;Em fluxo;13
2021;IFES;Campus Cachoeiro de Itapemirim;Educação Presencial;Especialização (Lato Sensu);Não se aplica;Especialização (Lato Sensu) - Recursos Naturais;Noturno;Em curso;Em curso;Retido;
2021;IFES;Campus Cachoeiro de Itapemirim;Educação Presencial;Especialização (Lato Sensu);Não se aplica;Especialização (Lato Sensu) - Recursos Naturais;Noturno;Evadidos;Cancelada;Em fluxo;
2021;IFES;Campus Cachoeiro de Itapemirim;Educação Presencial;Especialização (Lato Sensu);Não se aplica;Especialização (Lato Sensu) - Recursos Naturais;Noturno;Evadidos;Desligada;Em fluxo;3
2021;IFES;Campus Cachoeiro de Itapemirim;Educação Presencial;Especialização (Lato Sensu);Não se aplica;Especialização (Lato Sensu) - Recursos Naturais;Noturno;Evadidos;Reprovado;Em fluxo;6
2021;IFES;Campus Cachoeiro de Itapemirim;Educação Presencial;Especialização (Lato Sensu);Não se aplica;Especialização (Lato Sensu) - Recursos Naturais;Noturno;Evadidos;Transf. externa;Em fluxo;
2020;IFES;Campus Cachoeiro de Itapemirim;Educação a Distância;Licenciatura;Não se aplica;Licenciatura em Informática;Não se aplica;Concluintes;Concluída;Em fluxo;1
2020;IFES;Campus Cachoeiro de Itapemirim;Educação a Distância;Licenciatura;Não se aplica;Licenciatura em Informática;Não se aplica;Concluintes;Integralizada;Em fluxo;
2020;IFES;Campus Cachoeiro de Itapemirim;Educação a Distância;Licenciatura;Não se aplica;Licenciatura em Informática;Não se aplica;Em curso;Em curso;Em fluxo;280
2020;IFES;Campus Cachoeiro de Itapemirim;Educação a Distância;Licenciatura;Não se aplica;Licenciatura em Informática;Não se aplica;Em curso;Em curso;Retido;12
2020;IFES;Campus Cachoeiro de Itapemirim;Educação a Distância;Licenciatura;Não se aplica;Licenciatura em Informática;Não se aplica;Evadidos;Desligada;Em fluxo;46
2020;IFES;Campus Cachoeiro de Itapemirim;Educação a Distância;Licenciatura;Não se aplica;Licenciatura em Informática;Não se aplica;Evadidos;Transf. externa;Em fluxo;
2020;IFES;Campus Cachoeiro de Itapemirim;Educação a Distância;Especialização (Lato Sensu);Não se aplica;Especialização - Desenvolvimento Educacional e Social;Não se aplica;Concluintes;Concluída;Em fluxo;11
2020;IFES;Campus Cachoeiro de Itapemirim;Educação a Distância;Especialização (Lato Sensu);Não se aplica;Especialização - Desenvolvimento Educacional e Social;Não se aplica;Concluintes;Integralizada;Em fluxo;
2020;IFES;Campus Cachoeiro de Itapemirim;Educação a Distância;Especialização (Lato Sensu);Não se aplica;Especialização - Desenvolvimento Educacional e Social;Não se aplica;Em curso;Em curso;Em fluxo;13
2020;IFES;Campus Cachoeiro de Itapemirim;Educação a Distância;Especialização (Lato Sensu);Não se aplica;Especialização - Desenvolvimento Educacional e Social;Não se aplica;Em curso;Em curso;Retido;
2020;IFES;Campus Cachoeiro de Itapemirim;Educação a Distância;Especialização (Lato Sensu);Não se aplica;Especialização - Desenvolvimento Educacional e Social;Não se aplica;Evadidos;Desligada;Em fluxo;15
2020;IFES;Campus Cachoeiro de Itapemirim;Educação a Distância;Especialização (Lato Sensu);Não se aplica;Especialização - Desenvolvimento Educacional e Social;Não se aplica;Evadidos;Transf. externa;Em fluxo;
2020;IFES;Campus Cachoeiro de Itapemirim;Educação Presencial;Qualificação Profissional (FIC);Não se aplica;Qualificação Profissional - Desenvolvimento Educacional e Social;Vespertino;Concluintes;Concluída;Em fluxo;50
2020;IFES;Campus Cachoeiro de Itapemirim;Educação Presencial;Qualificação Profissional (FIC);Não se aplica;Qualificação Profissional - Desenvolvimento Educacional e Social;Vespertino;Concluintes;Integralizada;Em fluxo;
2020;IFES;Campus Cachoeiro de Itapemirim;Educação Presencial;Qualificação Profissional (FIC);Não se aplica;Qualificação Profissional - Desenvolvimento Educacional e Social;Vespertino;Em curso;Em curso;Em fluxo;
2020;IFES;Campus Cachoeiro de Itapemirim;Educação Presencial;Qualificação Profissional (FIC);Não se aplica;Qualificação Profissional - Desenvolvimento Educacional e Social;Vespertino;Em curso;Em curso;Retido;
2020;IFES;Campus Cachoeiro de Itapemirim;Educação Presencial;Qualificação Profissional (FIC);Não se aplica;Qualificação Profissional - Desenvolvimento Educacional e Social;Vespertino;Evadidos;Desligada;Em fluxo;
2020;IFES;Campus Cachoeiro de Itapemirim;Educação Presencial;Qualificação Profissional (FIC);Não se aplica;Qualificação Profissional - Desenvolvimento Educacional e Social;Vespertino;Evadidos;Transf. externa;Em fluxo;
2020;IFES;Campus Cachoeiro de Itapemirim;Educação Presencial;Técnico;Concomitante;Técnico em Eletromecânica;Noturno;Concluintes;Concluída;Em fluxo;6
2020;IFES;Campus Cachoeiro de Itapemirim;Educação Presencial;Técnico;Concomitante;Técnico em Eletromecânica;Noturno;Concluintes;Integralizada;Em fluxo;21
2020;IFES;Campus Cachoeiro de Itapemirim;Educação Presencial;Técnico;Concomitante;Técnico em Eletromecânica;Noturno;Em curso;Em curso;Em fluxo;65
2020;IFES;Campus Cachoeiro de Itapemirim;Educação Presencial;Técnico;Concomitante;Técnico em Eletromecânica;Noturno;Em curso;Em curso;Retido;42
2020;IFES;Campus Cachoeiro de Itapemirim;Educação Presencial;Técnico;Concomitante;Técnico em Eletromecânica;Noturno;Evadidos;Desligada;Em fluxo;27
2020;IFES;Campus Cachoeiro de Itapemirim;Educação Presencial;Técnico;Concomitante;Técnico em Eletromecânica;Noturno;Evadidos;Transf. externa;Em fluxo;
2020;IFES;Campus Cachoeiro de Itapemirim;Educação Presencial;Técnico;Concomitante;Técnico em Informática;Noturno;Concluintes;Concluída;Em fluxo;12
2020;IFES;Campus Cachoeiro de Itapemirim;Educação Presencial;Técnico;Concomitante;Técnico em Informática;Noturno;Concluintes;Integralizada;Em fluxo;
2020;IFES;Campus Cachoeiro de Itapemirim;Educação Presencial;Técnico;Concomitante;Técnico em Informática;Noturno;Em curso;Em curso;Em fluxo;63
2020;IFES;Campus Cachoeiro de Itapemirim;Educação Presencial;Técnico;Concomitante;Técnico em Informática;Noturno;Em curso;Em curso;Retido;39
2020;IFES;Campus Cachoeiro de Itapemirim;Educação Presencial;Técnico;Concomitante;Técnico em Informática;Noturno;Evadidos;Desligada;Em fluxo;31
2020;IFES;Campus Cachoeiro de Itapemirim;Educação Presencial;Técnico;Concomitante;Técnico em Informática;Noturno;Evadidos;Transf. externa;Em fluxo;
2020;IFES;Campus Cachoeiro de Itapemirim;Educação Presencial;Técnico;Concomitante;Técnico em Mineração;Noturno;Concluintes;Concluída;Em fluxo;13
2020;IFES;Campus Cachoeiro de Itapemirim;Educação Presencial;Técnico;Concomitante;Técnico em Mineração;Noturno;Concluintes;Integralizada;Em fluxo;8
2020;IFES;Campus Cachoeiro de Itapemirim;Educação Presencial;Técnico;Concomitante;Técnico em Mineração;Noturno;Em curso;Em curso;Em fluxo;55
2020;IFES;Campus Cachoeiro de Itapemirim;Educação Presencial;Técnico;Concomitante;Técnico em Mineração;Noturno;Em curso;Em curso;Retido;42
2020;IFES;Campus Cachoeiro de Itapemirim;Educação Presencial;Técnico;Concomitante;Técnico em Mineração;Noturno;Evadidos;Desligada;Em fluxo;38
2020;IFES;Campus Cachoeiro de Itapemirim;Educação Presencial;Técnico;Concomitante;Técnico em Mineração;Noturno;Evadidos;Transf. externa;Em fluxo;
2020;IFES;Campus Cachoeiro de Itapemirim;Educação Presencial;Técnico;Integrado;Técnico em Eletromecânica;Matutino;Concluintes;Concluída;Em fluxo;28
2020;IFES;Campus Cachoeiro de Itapemirim;Educação Presencial;Técnico;Integrado;Técnico em Eletromecânica;Matutino;Concluintes;Integralizada;Em fluxo;
2020;IFES;Campus Cachoeiro de Itapemirim;Educação Presencial;Técnico;Integrado;Técnico em Eletromecânica;Matutino;Em curso;Em curso;Em fluxo;40
2020;IFES;Campus Cachoeiro de Itapemirim;Educação Presencial;Técnico;Integrado;Técnico em Eletromecânica;Matutino;Em curso;Em curso;Retido;5
2020;IFES;Campus Cachoeiro de Itapemirim;Educação Presencial;Técnico;Integrado;Técnico em Eletromecânica;Matutino;Evadidos;Desligada;Em fluxo;
2020;IFES;Campus Cachoeiro de Itapemirim;Educação Presencial;Técnico;Integrado;Técnico em Eletromecânica;Matutino;Evadidos;Transf. externa;Em fluxo;
2020;IFES;Campus Cachoeiro de Itapemirim;Educação Presencial;Técnico;Integrado;Técnico em Eletromecânica;Vespertino;Concluintes;Concluída;Em fluxo;
2020;IFES;Campus Cachoeiro de Itapemirim;Educação Presencial;Técnico;Integrado;Técnico em Eletromecânica;Vespertino;Concluintes;Integralizada;Em fluxo;
2020;IFES;Campus Cachoeiro de Itapemirim;Educação Presencial;Técnico;Integrado;Técnico em Eletromecânica;Vespertino;Em curso;Em curso;Em fluxo;76
2020;IFES;Campus Cachoeiro de Itapemirim;Educação Presencial;Técnico;Integrado;Técnico em Eletromecânica;Vespertino;Em curso;Em curso;Retido;3
2020;IFES;Campus Cachoeiro de Itapemirim;Educação Presencial;Técnico;Integrado;Técnico em Eletromecânica;Vespertino;Evadidos;Desligada;Em fluxo;4
2020;IFES;Campus Cachoeiro de Itapemirim;Educação Presencial;Técnico;Integrado;Técnico em Eletromecânica;Vespertino;Evadidos;Transf. externa;Em fluxo;2
2020;IFES;Campus Cachoeiro de Itapemirim;Educação Presencial;Técnico;Integrado;Técnico em Informática;Matutino;Concluintes;Concluída;Em fluxo;1
2020;IFES;Campus Cachoeiro de Itapemirim;Educação Presencial;Técnico;Integrado;Técnico em Informática;Matutino;Concluintes;Integralizada;Em fluxo;
2020;IFES;Campus Cachoeiro de Itapemirim;Educação Presencial;Técnico;Integrado;Técnico em Informática;Matutino;Em curso;Em curso;Em fluxo;34
2020;IFES;Campus Cachoeiro de Itapemirim;Educação Presencial;Técnico;Integrado;Técnico em Informática;Matutino;Em curso;Em curso;Retido;1
2020;IFES;Campus Cachoeiro de Itapemirim;Educação Presencial;Técnico;Integrado;Técnico em Informática;Matutino;Evadidos;Desligada;Em fluxo;2
2020;IFES;Campus Cachoeiro de Itapemirim;Educação Presencial;Técnico;Integrado;Técnico em Informática;Matutino;Evadidos;Transf. externa;Em fluxo;2
2020;IFES;Campus Cachoeiro de Itapemirim;Educação Presencial;Técnico;Integrado;Técnico em Informática;Vespertino;Concluintes;Concluída;Em fluxo;28
2020;IFES;Campus Cachoeiro de Itapemirim;Educação Presencial;Técnico;Integrado;Técnico em Informática;Vespertino;Concluintes;Integralizada;Em fluxo;
2020;IFES;Campus Cachoeiro de Itapemirim;Educação Presencial;Técnico;Integrado;Técnico em Informática;Vespertino;Em curso;Em curso;Em fluxo;75
2020;IFES;Campus Cachoeiro de Itapemirim;Educação Presencial;Técnico;Integrado;Técnico em Informática;Vespertino;Em curso;Em curso;Retido;11
2020;IFES;Campus Cachoeiro de Itapemirim;Educação Presencial;Técnico;Integrado;Técnico em Informática;Vespertino;Evadidos;Desligada;Em fluxo;
2020;IFES;Campus Cachoeiro de Itapemirim;Educação Presencial;Técnico;Integrado;Técnico em Informática;Vespertino;Evadidos;Transf. externa;Em fluxo;3
2020;IFES;Campus Cachoeiro de Itapemirim;Educação Presencial;Bacharelado;Não se aplica;Bacharelado em Sistemas de Informação;Integral;Concluintes;Concluída;Em fluxo;
2020;IFES;Campus Cachoeiro de Itapemirim;Educação Presencial;Bacharelado;Não se aplica;Bacharelado em Sistemas de Informação;Integral;Concluintes;Integralizada;Em fluxo;
2020;IFES;Campus Cachoeiro de Itapemirim;Educação Presencial;Bacharelado;Não se aplica;Bacharelado em Sistemas de Informação;Integral;Em curso;Em curso;Em fluxo;104
2020;IFES;Campus Cachoeiro de Itapemirim;Educação Presencial;Bacharelado;Não se aplica;Bacharelado em Sistemas de Informação;Integral;Em curso;Em curso;Retido;43
2020;IFES;Campus Cachoeiro de Itapemirim;Educação Presencial;Bacharelado;Não se aplica;Bacharelado em Sistemas de Informação;Integral;Evadidos;Desligada;Em fluxo;13
2020;IFES;Campus Cachoeiro de Itapemirim;Educação Presencial;Bacharelado;Não se aplica;Bacharelado em Sistemas de Informação;Integral;Evadidos;Transf. externa;Em fluxo;
2020;IFES;Campus Cachoeiro de Itapemirim;Educação Presencial;Bacharelado;Não se aplica;Engenharia de Minas;Integral;Concluintes;Concluída;Em fluxo;10
2020;IFES;Campus Cachoeiro de Itapemirim;Educação Presencial;Bacharelado;Não se aplica;Engenharia de Minas;Integral;Concluintes;Integralizada;Em fluxo;
2020;IFES;Campus Cachoeiro de Itapemirim;Educação Presencial;Bacharelado;Não se aplica;Engenharia de Minas;Integral;Em curso;Em curso;Em fluxo;103
2020;IFES;Campus Cachoeiro de Itapemirim;Educação Presencial;Bacharelado;Não se aplica;Engenharia de Minas;Integral;Em curso;Em curso;Retido;33
2020;IFES;Campus Cachoeiro de Itapemirim;Educação Presencial;Bacharelado;Não se aplica;Engenharia de Minas;Integral;Evadidos;Desligada;Em fluxo;6
2020;IFES;Campus Cachoeiro de Itapemirim;Educação Presencial;Bacharelado;Não se aplica;Engenharia de Minas;Integral;Evadidos;Transf. externa;Em fluxo;2
2020;IFES;Campus Cachoeiro de Itapemirim;Educação Presencial;Bacharelado;Não se aplica;Engenharia Mecânica;Integral;Concluintes;Concluída;Em fluxo;3
2020;IFES;Campus Cachoeiro de Itapemirim;Educação Presencial;Bacharelado;Não se aplica;Engenharia Mecânica;Integral;Concluintes;Integralizada;Em fluxo;
2020;IFES;Campus Cachoeiro de Itapemirim;Educação Presencial;Bacharelado;Não se aplica;Engenharia Mecânica;Integral;Em curso;Em curso;Em fluxo;101
2020;IFES;Campus Cachoeiro de Itapemirim;Educação Presencial;Bacharelado;Não se aplica;Engenharia Mecânica;Integral;Em curso;Em curso;Retido;45
2020;IFES;Campus Cachoeiro de Itapemirim;Educação Presencial;Bacharelado;Não se aplica;Engenharia Mecânica;Integral;Evadidos;Desligada;Em fluxo;10
2020;IFES;Campus Cachoeiro de Itapemirim;Educação Presencial;Bacharelado;Não se aplica;Engenharia Mecânica;Integral;Evadidos;Transf. externa;Em fluxo;2
2020;IFES;Campus Cachoeiro de Itapemirim;Educação Presencial;Licenciatura;Não se aplica;Licenciatura em Matemática;Noturno;Concluintes;Concluída;Em fluxo;5
2020;IFES;Campus Cachoeiro de Itapemirim;Educação Presencial;Licenciatura;Não se aplica;Licenciatura em Matemática;Noturno;Concluintes;Integralizada;Em fluxo;
2020;IFES;Campus Cachoeiro de Itapemirim;Educação Presencial;Licenciatura;Não se aplica;Licenciatura em Matemática;Noturno;Em curso;Em curso;Em fluxo;93
2020;IFES;Campus Cachoeiro de Itapemirim;Educação Presencial;Licenciatura;Não se aplica;Licenciatura em Matemática;Noturno;Em curso;Em curso;Retido;30
2020;IFES;Campus Cachoeiro de Itapemirim;Educação Presencial;Licenciatura;Não se aplica;Licenciatura em Matemática;Noturno;Evadidos;Desligada;Em fluxo;17
2020;IFES;Campus Cachoeiro de Itapemirim;Educação Presencial;Licenciatura;Não se aplica;Licenciatura em Matemática;Noturno;Evadidos;Transf. externa;Em fluxo;
2020;IFES;Campus Cachoeiro de Itapemirim;Educação Presencial;Especialização (Lato Sensu);Não se aplica;Especialização - Desenvolvimento Educacional e Social;Noturno;Concluintes;Concluída;Em fluxo;20
2020;IFES;Campus Cachoeiro de Itapemirim;Educação Presencial;Especialização (Lato Sensu);Não se aplica;Especialização - Desenvolvimento Educacional e Social;Noturno;Concluintes;Integralizada;Em fluxo;
2020;IFES;Campus Cachoeiro de Itapemirim;Educação Presencial;Especialização (Lato Sensu);Não se aplica;Especialização - Desenvolvimento Educacional e Social;Noturno;Em curso;Em curso;Em fluxo;
2020;IFES;Campus Cachoeiro de Itapemirim;Educação Presencial;Especialização (Lato Sensu);Não se aplica;Especialização - Desenvolvimento Educacional e Social;Noturno;Em curso;Em curso;Retido;
2020;IFES;Campus Cachoeiro de Itapemirim;Educação Presencial;Especialização (Lato Sensu);Não se aplica;Especialização - Desenvolvimento Educacional e Social;Noturno;Evadidos;Desligada;Em fluxo;6
2020;IFES;Campus Cachoeiro de Itapemirim;Educação Presencial;Especialização (Lato Sensu);Não se aplica;Especialização - Desenvolvimento Educacional e Social;Noturno;Evadidos;Transf. externa;Em fluxo;
2020;IFES;Campus Cachoeiro de Itapemirim;Educação Presencial;Especialização (Lato Sensu);Não se aplica;Especialização - Recursos Naturais;Noturno;Concluintes;Concluída;Em fluxo;17
2020;IFES;Campus Cachoeiro de Itapemirim;Educação Presencial;Especialização (Lato Sensu);Não se aplica;Especialização - Recursos Naturais;Noturno;Concluintes;Integralizada;Em fluxo;
2020;IFES;Campus Cachoeiro de Itapemirim;Educação Presencial;Especialização (Lato Sensu);Não se aplica;Especialização - Recursos Naturais;Noturno;Em curso;Em curso;Em fluxo;
2020;IFES;Campus Cachoeiro de Itapemirim;Educação Presencial;Especialização (Lato Sensu);Não se aplica;Especialização - Recursos Naturais;Noturno;Em curso;Em curso;Retido;2
2020;IFES;Campus Cachoeiro de Itapemirim;Educação Presencial;Especialização (Lato Sensu);Não se aplica;Especialização - Recursos Naturais;Noturno;Evadidos;Desligada;Em fluxo;
2020;IFES;Campus Cachoeiro de Itapemirim;Educação Presencial;Especialização (Lato Sensu);Não se aplica;Especialização - Recursos Naturais;Noturno;Evadidos;Transf. externa;Em fluxo;
2019;IFES;Campus Cachoeiro de Itapemirim;Educação a Distância;Licenciatura;Não se aplica;Licenciatura em Informática;Não se aplica;Concluintes;Concluída;Em fluxo;4
2019;IFES;Campus Cachoeiro de Itapemirim;Educação a Distância;Licenciatura;Não se aplica;Licenciatura em Informática;Não se aplica;Concluintes;Integralizada;Em fluxo;
2019;IFES;Campus Cachoeiro de Itapemirim;Educação a Distância;Licenciatura;Não se aplica;Licenciatura em Informática;Não se aplica;Em curso;Em curso;Em fluxo;323
2019;IFES;Campus Cachoeiro de Itapemirim;Educação a Distância;Licenciatura;Não se aplica;Licenciatura em Informática;Não se aplica;Em curso;Em curso;Retido;15
2019;IFES;Campus Cachoeiro de Itapemirim;Educação a Distância;Licenciatura;Não se aplica;Licenciatura em Informática;Não se aplica;Evadidos;Desligada;Em fluxo;102
2019;IFES;Campus Cachoeiro de Itapemirim;Educação a Distância;Licenciatura;Não se aplica;Licenciatura em Informática;Não se aplica;Evadidos;Transf. externa;Em fluxo;
2019;IFES;Campus Cachoeiro de Itapemirim;Educação a Distância;Especialização (Lato Sensu);Não se aplica;Especialização - Desenvolvimento Educacional e Social;Não se aplica;Concluintes;Concluída;Em fluxo;
2019;IFES;Campus Cachoeiro de Itapemirim;Educação a Distância;Especialização (Lato Sensu);Não se aplica;Especialização - Desenvolvimento Educacional e Social;Não se aplica;Concluintes;Integralizada;Em fluxo;
2019;IFES;Campus Cachoeiro de Itapemirim;Educação a Distância;Especialização (Lato Sensu);Não se aplica;Especialização - Desenvolvimento Educacional e Social;Não se aplica;Em curso;Em curso;Em fluxo;39
2019;IFES;Campus Cachoeiro de Itapemirim;Educação a Distância;Especialização (Lato Sensu);Não se aplica;Especialização - Desenvolvimento Educacional e Social;Não se aplica;Em curso;Em curso;Retido;
2019;IFES;Campus Cachoeiro de Itapemirim;Educação a Distância;Especialização (Lato Sensu);Não se aplica;Especialização - Desenvolvimento Educacional e Social;Não se aplica;Evadidos;Desligada;Em fluxo;1
2019;IFES;Campus Cachoeiro de Itapemirim;Educação a Distância;Especialização (Lato Sensu);Não se aplica;Especialização - Desenvolvimento Educacional e Social;Não se aplica;Evadidos;Transf. externa;Em fluxo;
2019;IFES;Campus Cachoeiro de Itapemirim;Educação Presencial;Técnico;Concomitante;Técnico em Eletromecânica;Noturno;Concluintes;Concluída;Em fluxo;29
2019;IFES;Campus Cachoeiro de Itapemirim;Educação Presencial;Técnico;Concomitante;Técnico em Eletromecânica;Noturno;Concluintes;Integralizada;Em fluxo;21
2019;IFES;Campus Cachoeiro de Itapemirim;Educação Presencial;Técnico;Concomitante;Técnico em Eletromecânica;Noturno;Em curso;Em curso;Em fluxo;85
2019;IFES;Campus Cachoeiro de Itapemirim;Educação Presencial;Técnico;Concomitante;Técnico em Eletromecânica;Noturno;Em curso;Em curso;Retido;27
2019;IFES;Campus Cachoeiro de Itapemirim;Educação Presencial;Técnico;Concomitante;Técnico em Eletromecânica;Noturno;Evadidos;Desligada;Em fluxo;30
2019;IFES;Campus Cachoeiro de Itapemirim;Educação Presencial;Técnico;Concomitante;Técnico em Eletromecânica;Noturno;Evadidos;Transf. externa;Em fluxo;
2019;IFES;Campus Cachoeiro de Itapemirim;Educação Presencial;Técnico;Concomitante;Técnico em Informática;Noturno;Concluintes;Concluída;Em fluxo;15
2019;IFES;Campus Cachoeiro de Itapemirim;Educação Presencial;Técnico;Concomitante;Técnico em Informática;Noturno;Concluintes;Integralizada;Em fluxo;
2019;IFES;Campus Cachoeiro de Itapemirim;Educação Presencial;Técnico;Concomitante;Técnico em Informática;Noturno;Em curso;Em curso;Em fluxo;78
2019;IFES;Campus Cachoeiro de Itapemirim;Educação Presencial;Técnico;Concomitante;Técnico em Informática;Noturno;Em curso;Em curso;Retido;30
2019;IFES;Campus Cachoeiro de Itapemirim;Educação Presencial;Técnico;Concomitante;Técnico em Informática;Noturno;Evadidos;Desligada;Em fluxo;33
2019;IFES;Campus Cachoeiro de Itapemirim;Educação Presencial;Técnico;Concomitante;Técnico em Informática;Noturno;Evadidos;Transf. externa;Em fluxo;1
2019;IFES;Campus Cachoeiro de Itapemirim;Educação Presencial;Técnico;Concomitante;Técnico em Mineração;Noturno;Concluintes;Concluída;Em fluxo;24
2019;IFES;Campus Cachoeiro de Itapemirim;Educação Presencial;Técnico;Concomitante;Técnico em Mineração;Noturno;Concluintes;Integralizada;Em fluxo;
2019;IFES;Campus Cachoeiro de Itapemirim;Educação Presencial;Técnico;Concomitante;Técnico em Mineração;Noturno;Em curso;Em curso;Em fluxo;93
2019;IFES;Campus Cachoeiro de Itapemirim;Educação Presencial;Técnico;Concomitante;Técnico em Mineração;Noturno;Em curso;Em curso;Retido;44
2019;IFES;Campus Cachoeiro de Itapemirim;Educação Presencial;Técnico;Concomitante;Técnico em Mineração;Noturno;Evadidos;Desligada;Em fluxo;22
2019;IFES;Campus Cachoeiro de Itapemirim;Educação Presencial;Técnico;Concomitante;Técnico em Mineração;Noturno;Evadidos;Transf. externa;Em fluxo;
2019;IFES;Campus Cachoeiro de Itapemirim;Educação Presencial;Técnico;Integrado;Técnico em Eletromecânica;Matutino;Concluintes;Concluída;Em fluxo;1
2019;IFES;Campus Cachoeiro de Itapemirim;Educação Presencial;Técnico;Integrado;Técnico em Eletromecânica;Matutino;Concluintes;Integralizada;Em fluxo;
2019;IFES;Campus Cachoeiro de Itapemirim;Educação Presencial;Técnico;Integrado;Técnico em Eletromecânica;Matutino;Em curso;Em curso;Em fluxo;73
2019;IFES;Campus Cachoeiro de Itapemirim;Educação Presencial;Técnico;Integrado;Técnico em Eletromecânica;Matutino;Em curso;Em curso;Retido;
2019;IFES;Campus Cachoeiro de Itapemirim;Educação Presencial;Técnico;Integrado;Técnico em Eletromecânica;Matutino;Evadidos;Desligada;Em fluxo;3
2019;IFES;Campus Cachoeiro de Itapemirim;Educação Presencial;Técnico;Integrado;Técnico em Eletromecânica;Matutino;Evadidos;Transf. externa;Em fluxo;3
2019;IFES;Campus Cachoeiro de Itapemirim;Educação Presencial;Técnico;Integrado;Técnico em Eletromecânica;Vespertino;Concluintes;Concluída;Em fluxo;27
2019;IFES;Campus Cachoeiro de Itapemirim;Educação Presencial;Técnico;Integrado;Técnico em Eletromecânica;Vespertino;Concluintes;Integralizada;Em fluxo;
2019;IFES;Campus Cachoeiro de Itapemirim;Educação Presencial;Técnico;Integrado;Técnico em Eletromecânica;Vespertino;Em curso;Em curso;Em fluxo;39
2019;IFES;Campus Cachoeiro de Itapemirim;Educação Presencial;Técnico;Integrado;Técnico em Eletromecânica;Vespertino;Em curso;Em curso;Retido;5
2019;IFES;Campus Cachoeiro de Itapemirim;Educação Presencial;Técnico;Integrado;Técnico em Eletromecânica;Vespertino;Evadidos;Desligada;Em fluxo;3
2019;IFES;Campus Cachoeiro de Itapemirim;Educação Presencial;Técnico;Integrado;Técnico em Eletromecânica;Vespertino;Evadidos;Transf. externa;Em fluxo;2
2019;IFES;Campus Cachoeiro de Itapemirim;Educação Presencial;Técnico;Integrado;Técnico em Informática;Matutino;Concluintes;Concluída;Em fluxo;3
2019;IFES;Campus Cachoeiro de Itapemirim;Educação Presencial;Técnico;Integrado;Técnico em Informática;Matutino;Concluintes;Integralizada;Em fluxo;
2019;IFES;Campus Cachoeiro de Itapemirim;Educação Presencial;Técnico;Integrado;Técnico em Informática;Matutino;Em curso;Em curso;Em fluxo;37
2019;IFES;Campus Cachoeiro de Itapemirim;Educação Presencial;Técnico;Integrado;Técnico em Informática;Matutino;Em curso;Em curso;Retido;3
2019;IFES;Campus Cachoeiro de Itapemirim;Educação Presencial;Técnico;Integrado;Técnico em Informática;Matutino;Evadidos;Desligada;Em fluxo;1
2019;IFES;Campus Cachoeiro de Itapemirim;Educação Presencial;Técnico;Integrado;Técnico em Informática;Matutino;Evadidos;Transf. externa;Em fluxo;3
2019;IFES;Campus Cachoeiro de Itapemirim;Educação Presencial;Técnico;Integrado;Técnico em Informática;Vespertino;Concluintes;Concluída;Em fluxo;32
2019;IFES;Campus Cachoeiro de Itapemirim;Educação Presencial;Técnico;Integrado;Técnico em Informática;Vespertino;Concluintes;Integralizada;Em fluxo;
2019;IFES;Campus Cachoeiro de Itapemirim;Educação Presencial;Técnico;Integrado;Técnico em Informática;Vespertino;Em curso;Em curso;Em fluxo;73
2019;IFES;Campus Cachoeiro de Itapemirim;Educação Presencial;Técnico;Integrado;Técnico em Informática;Vespertino;Em curso;Em curso;Retido;4
2019;IFES;Campus Cachoeiro de Itapemirim;Educação Presencial;Técnico;Integrado;Técnico em Informática;Vespertino;Evadidos;Desligada;Em fluxo;1
2019;IFES;Campus Cachoeiro de Itapemirim;Educação Presencial;Técnico;Integrado;Técnico em Informática;Vespertino;Evadidos;Transf. externa;Em fluxo;2
2019;IFES;Campus Cachoeiro de Itapemirim;Educação Presencial;Bacharelado;Não se aplica;Bacharelado em Sistemas de Informação;Integral;Concluintes;Concluída;Em fluxo;16
2019;IFES;Campus Cachoeiro de Itapemirim;Educação Presencial;Bacharelado;Não se aplica;Bacharelado em Sistemas de Informação;Integral;Concluintes;Integralizada;Em fluxo;
2019;IFES;Campus Cachoeiro de Itapemirim;Educação Presencial;Bacharelado;Não se aplica;Bacharelado em Sistemas de Informação;Integral;Em curso;Em curso;Em fluxo;91
2019;IFES;Campus Cachoeiro de Itapemirim;Educação Presencial;Bacharelado;Não se aplica;Bacharelado em Sistemas de Informação;Integral;Em curso;Em curso;Retido;33
2019;IFES;Campus Cachoeiro de Itapemirim;Educação Presencial;Bacharelado;Não se aplica;Bacharelado em Sistemas de Informação;Integral;Evadidos;Desligada;Em fluxo;23
2019;IFES;Campus Cachoeiro de Itapemirim;Educação Presencial;Bacharelado;Não se aplica;Bacharelado em Sistemas de Informação;Integral;Evadidos;Transf. externa;Em fluxo;1
2019;IFES;Campus Cachoeiro de Itapemirim;Educação Presencial;Bacharelado;Não se aplica;Engenharia de Minas;Integral;Concluintes;Concluída;Em fluxo;11
2019;IFES;Campus Cachoeiro de Itapemirim;Educação Presencial;Bacharelado;Não se aplica;Engenharia de Minas;Integral;Concluintes;Integralizada;Em fluxo;
2019;IFES;Campus Cachoeiro de Itapemirim;Educação Presencial;Bacharelado;Não se aplica;Engenharia de Minas;Integral;Em curso;Em curso;Em fluxo;107
2019;IFES;Campus Cachoeiro de Itapemirim;Educação Presencial;Bacharelado;Não se aplica;Engenharia de Minas;Integral;Em curso;Em curso;Retido;39
2019;IFES;Campus Cachoeiro de Itapemirim;Educação Presencial;Bacharelado;Não se aplica;Engenharia de Minas;Integral;Evadidos;Desligada;Em fluxo;31
2019;IFES;Campus Cachoeiro de Itapemirim;Educação Presencial;Bacharelado;Não se aplica;Engenharia de Minas;Integral;Evadidos;Transf. externa;Em fluxo;
2019;IFES;Campus Cachoeiro de Itapemirim;Educação Presencial;Bacharelado;Não se aplica;Engenharia Mecânica;Integral;Concluintes;Concluída;Em fluxo;15
2019;IFES;Campus Cachoeiro de Itapemirim;Educação Presencial;Bacharelado;Não se aplica;Engenharia Mecânica;Integral;Concluintes;Integralizada;Em fluxo;
2019;IFES;Campus Cachoeiro de Itapemirim;Educação Presencial;Bacharelado;Não se aplica;Engenharia Mecânica;Integral;Em curso;Em curso;Em fluxo;114
2019;IFES;Campus Cachoeiro de Itapemirim;Educação Presencial;Bacharelado;Não se aplica;Engenharia Mecânica;Integral;Em curso;Em curso;Retido;16
2019;IFES;Campus Cachoeiro de Itapemirim;Educação Presencial;Bacharelado;Não se aplica;Engenharia Mecânica;Integral;Evadidos;Desligada;Em fluxo;20
2019;IFES;Campus Cachoeiro de Itapemirim;Educação Presencial;Bacharelado;Não se aplica;Engenharia Mecânica;Integral;Evadidos;Transf. externa;Em fluxo;
2019;IFES;Campus Cachoeiro de Itapemirim;Educação Presencial;Licenciatura;Não se aplica;Licenciatura em Matemática;Noturno;Concluintes;Concluída;Em fluxo;10
2019;IFES;Campus Cachoeiro de Itapemirim;Educação Presencial;Licenciatura;Não se aplica;Licenciatura em Matemática;Noturno;Concluintes;Integralizada;Em fluxo;
2019;IFES;Campus Cachoeiro de Itapemirim;Educação Presencial;Licenciatura;Não se aplica;Licenciatura em Matemática;Noturno;Em curso;Em curso;Em fluxo;84
2019;IFES;Campus Cachoeiro de Itapemirim;Educação Presencial;Licenciatura;Não se aplica;Licenciatura em Matemática;Noturno;Em curso;Em curso;Retido;15
2019;IFES;Campus Cachoeiro de Itapemirim;Educação Presencial;Licenciatura;Não se aplica;Licenciatura em Matemática;Noturno;Evadidos;Desligada;Em fluxo;28
2019;IFES;Campus Cachoeiro de Itapemirim;Educação Presencial;Licenciatura;Não se aplica;Licenciatura em Matemática;Noturno;Evadidos;Transf. externa;Em fluxo;
2019;IFES;Campus Cachoeiro de Itapemirim;Educação Presencial;Especialização (Lato Sensu);Não se aplica;Especialização - Desenvolvimento Educacional e Social;Noturno;Concluintes;Concluída;Em fluxo;
2019;IFES;Campus Cachoeiro de Itapemirim;Educação Presencial;Especialização (Lato Sensu);Não se aplica;Especialização - Desenvolvimento Educacional e Social;Noturno;Concluintes;Integralizada;Em fluxo;
2019;IFES;Campus Cachoeiro de Itapemirim;Educação Presencial;Especialização (Lato Sensu);Não se aplica;Especialização - Desenvolvimento Educacional e Social;Noturno;Em curso;Em curso;Em fluxo;26
2019;IFES;Campus Cachoeiro de Itapemirim;Educação Presencial;Especialização (Lato Sensu);Não se aplica;Especialização - Desenvolvimento Educacional e Social;Noturno;Em curso;Em curso;Retido;
2019;IFES;Campus Cachoeiro de Itapemirim;Educação Presencial;Especialização (Lato Sensu);Não se aplica;Especialização - Desenvolvimento Educacional e Social;Noturno;Evadidos;Desligada;Em fluxo;4
2019;IFES;Campus Cachoeiro de Itapemirim;Educação Presencial;Especialização (Lato Sensu);Não se aplica;Especialização - Desenvolvimento Educacional e Social;Noturno;Evadidos;Transf. externa;Em fluxo;
2019;IFES;Campus Cachoeiro de Itapemirim;Educação Presencial;Especialização (Lato Sensu);Não se aplica;Especialização - Recursos Naturais;Noturno;Concluintes;Concluída;Em fluxo;
2019;IFES;Campus Cachoeiro de Itapemirim;Educação Presencial;Especialização (Lato Sensu);Não se aplica;Especialização - Recursos Naturais;Noturno;Concluintes;Integralizada;Em fluxo;
2019;IFES;Campus Cachoeiro de Itapemirim;Educação Presencial;Especialização (Lato Sensu);Não se aplica;Especialização - Recursos Naturais;Noturno;Em curso;Em curso;Em fluxo;19
2019;IFES;Campus Cachoeiro de Itapemirim;Educação Presencial;Especialização (Lato Sensu);Não se aplica;Especialização - Recursos Naturais;Noturno;Em curso;Em curso;Retido;
2019;IFES;Campus Cachoeiro de Itapemirim;Educação Presencial;Especialização (Lato Sensu);Não se aplica;Especialização - Recursos Naturais;Noturno;Evadidos;Desligada;Em fluxo;1
2019;IFES;Campus Cachoeiro de Itapemirim;Educação Presencial;Especialização (Lato Sensu);Não se aplica;Especialização - Recursos Naturais;Noturno;Evadidos;Transf. externa;Em fluxo;
2018;IFES;Campus Cachoeiro de Itapemirim;Educação a Distância;Licenciatura;Não se aplica;Licenciatura em Informática;Não se aplica;Concluintes;Concluída;Em fluxo;38
2018;IFES;Campus Cachoeiro de Itapemirim;Educação a Distância;Licenciatura;Não se aplica;Licenciatura em Informática;Não se aplica;Concluintes;Integralizada;Em fluxo;2
2018;IFES;Campus Cachoeiro de Itapemirim;Educação a Distância;Licenciatura;Não se aplica;Licenciatura em Informática;Não se aplica;Em curso;Em curso;Em fluxo;418
2018;IFES;Campus Cachoeiro de Itapemirim;Educação a Distância;Licenciatura;Não se aplica;Licenciatura em Informática;Não se aplica;Em curso;Em curso;Retido;26
2018;IFES;Campus Cachoeiro de Itapemirim;Educação a Distância;Licenciatura;Não se aplica;Licenciatura em Informática;Não se aplica;Evadidos;Cancelada;Em fluxo;
2018;IFES;Campus Cachoeiro de Itapemirim;Educação a Distância;Licenciatura;Não se aplica;Licenciatura em Informática;Não se aplica;Evadidos;Desligada;Em fluxo;206
2018;IFES;Campus Cachoeiro de Itapemirim;Educação a Distância;Licenciatura;Não se aplica;Licenciatura em Informática;Não se aplica;Evadidos;Reprovado;Em fluxo;
2018;IFES;Campus Cachoeiro de Itapemirim;Educação a Distância;Licenciatura;Não se aplica;Licenciatura em Informática;Não se aplica;Evadidos;Transf. externa;Em fluxo;
2018;IFES;Campus Cachoeiro de Itapemirim;Educação Presencial;Qualificação Profissional (FIC);Não se aplica;Qualificação Profissional - Desenvolvimento Educacional e Social;Noturno;Concluintes;Concluída;Em fluxo;90
2018;IFES;Campus Cachoeiro de Itapemirim;Educação Presencial;Qualificação Profissional (FIC);Não se aplica;Qualificação Profissional - Desenvolvimento Educacional e Social;Noturno;Concluintes;Integralizada;Em fluxo;
2018;IFES;Campus Cachoeiro de Itapemirim;Educação Presencial;Qualificação Profissional (FIC);Não se aplica;Qualificação Profissional - Desenvolvimento Educacional e Social;Noturno;Em curso;Em curso;Em fluxo;
2018;IFES;Campus Cachoeiro de Itapemirim;Educação Presencial;Qualificação Profissional (FIC);Não se aplica;Qualificação Profissional - Desenvolvimento Educacional e Social;Noturno;Em curso;Em curso;Retido;
2018;IFES;Campus Cachoeiro de Itapemirim;Educação Presencial;Qualificação Profissional (FIC);Não se aplica;Qualificação Profissional - Desenvolvimento Educacional e Social;Noturno;Evadidos;Cancelada;Em fluxo;
2018;IFES;Campus Cachoeiro de Itapemirim;Educação Presencial;Qualificação Profissional (FIC);Não se aplica;Qualificação Profissional - Desenvolvimento Educacional e Social;Noturno;Evadidos;Desligada;Em fluxo;
2018;IFES;Campus Cachoeiro de Itapemirim;Educação Presencial;Qualificação Profissional (FIC);Não se aplica;Qualificação Profissional - Desenvolvimento Educacional e Social;Noturno;Evadidos;Reprovado;Em fluxo;138
2018;IFES;Campus Cachoeiro de Itapemirim;Educação Presencial;Qualificação Profissional (FIC);Não se aplica;Qualificação Profissional - Desenvolvimento Educacional e Social;Noturno;Evadidos;Transf. externa;Em fluxo;
2018;IFES;Campus Cachoeiro de Itapemirim;Educação Presencial;Técnico;Concomitante;Técnico em Eletromecânica;Noturno;Concluintes;Concluída;Em fluxo;27
2018;IFES;Campus Cachoeiro de Itapemirim;Educação Presencial;Técnico;Concomitante;Técnico em Eletromecânica;Noturno;Concluintes;Integralizada;Em fluxo;
2018;IFES;Campus Cachoeiro de Itapemirim;Educação Presencial;Técnico;Concomitante;Técnico em Eletromecânica;Noturno;Em curso;Em curso;Em fluxo;72
2018;IFES;Campus Cachoeiro de Itapemirim;Educação Presencial;Técnico;Concomitante;Técnico em Eletromecânica;Noturno;Em curso;Em curso;Retido;47
2018;IFES;Campus Cachoeiro de Itapemirim;Educação Presencial;Técnico;Concomitante;Técnico em Eletromecânica;Noturno;Evadidos;Cancelada;Em fluxo;1
2018;IFES;Campus Cachoeiro de Itapemirim;Educação Presencial;Técnico;Concomitante;Técnico em Eletromecânica;Noturno;Evadidos;Desligada;Em fluxo;61
2018;IFES;Campus Cachoeiro de Itapemirim;Educação Presencial;Técnico;Concomitante;Técnico em Eletromecânica;Noturno;Evadidos;Reprovado;Em fluxo;
2018;IFES;Campus Cachoeiro de Itapemirim;Educação Presencial;Técnico;Concomitante;Técnico em Eletromecânica;Noturno;Evadidos;Transf. externa;Em fluxo;1
2018;IFES;Campus Cachoeiro de Itapemirim;Educação Presencial;Técnico;Concomitante;Técnico em Informática;Noturno;Concluintes;Concluída;Em fluxo;3
2018;IFES;Campus Cachoeiro de Itapemirim;Educação Presencial;Técnico;Concomitante;Técnico em Informática;Noturno;Concluintes;Integralizada;Em fluxo;9
2018;IFES;Campus Cachoeiro de Itapemirim;Educação Presencial;Técnico;Concomitante;Técnico em Informática;Noturno;Em curso;Em curso;Em fluxo;70
2018;IFES;Campus Cachoeiro de Itapemirim;Educação Presencial;Técnico;Concomitante;Técnico em Informática;Noturno;Em curso;Em curso;Retido;15
2018;IFES;Campus Cachoeiro de Itapemirim;Educação Presencial;Técnico;Concomitante;Técnico em Informática;Noturno;Evadidos;Cancelada;Em fluxo;
2018;IFES;Campus Cachoeiro de Itapemirim;Educação Presencial;Técnico;Concomitante;Técnico em Informática;Noturno;Evadidos;Desligada;Em fluxo;58
2018;IFES;Campus Cachoeiro de Itapemirim;Educação Presencial;Técnico;Concomitante;Técnico em Informática;Noturno;Evadidos;Reprovado;Em fluxo;
2018;IFES;Campus Cachoeiro de Itapemirim;Educação Presencial;Técnico;Concomitante;Técnico em Informática;Noturno;Evadidos;Transf. externa;Em fluxo;
2018;IFES;Campus Cachoeiro de Itapemirim;Educação Presencial;Técnico;Concomitante;Técnico em Mineração;Noturno;Concluintes;Concluída;Em fluxo;26
2018;IFES;Campus Cachoeiro de Itapemirim;Educação Presencial;Técnico;Concomitante;Técnico em Mineração;Noturno;Concluintes;Integralizada;Em fluxo;
2018;IFES;Campus Cachoeiro de Itapemirim;Educação Presencial;Técnico;Concomitante;Técnico em Mineração;Noturno;Em curso;Em curso;Em fluxo;68
2018;IFES;Campus Cachoeiro de Itapemirim;Educação Presencial;Técnico;Concomitante;Técnico em Mineração;Noturno;Em curso;Em curso;Retido;42
2018;IFES;Campus Cachoeiro de Itapemirim;Educação Presencial;Técnico;Concomitante;Técnico em Mineração;Noturno;Evadidos;Cancelada;Em fluxo;
2018;IFES;Campus Cachoeiro de Itapemirim;Educação Presencial;Técnico;Concomitante;Técnico em Mineração;Noturno;Evadidos;Desligada;Em fluxo;71
2018;IFES;Campus Cachoeiro de Itapemirim;Educação Presencial;Técnico;Concomitante;Técnico em Mineração;Noturno;Evadidos;Reprovado;Em fluxo;
2018;IFES;Campus Cachoeiro de Itapemirim;Educação Presencial;Técnico;Concomitante;Técnico em Mineração;Noturno;Evadidos;Transf. externa;Em fluxo;
2018;IFES;Campus Cachoeiro de Itapemirim;Educação Presencial;Técnico;Integrado;Técnico em Eletromecânica;Matutino;Concluintes;Concluída;Em fluxo;18
2018;IFES;Campus Cachoeiro de Itapemirim;Educação Presencial;Técnico;Integrado;Técnico em Eletromecânica;Matutino;Concluintes;Integralizada;Em fluxo;4
2018;IFES;Campus Cachoeiro de Itapemirim;Educação Presencial;Técnico;Integrado;Técnico em Eletromecânica;Matutino;Em curso;Em curso;Em fluxo;35
2018;IFES;Campus Cachoeiro de Itapemirim;Educação Presencial;Técnico;Integrado;Técnico em Eletromecânica;Matutino;Em curso;Em curso;Retido;5
2018;IFES;Campus Cachoeiro de Itapemirim;Educação Presencial;Técnico;Integrado;Técnico em Eletromecânica;Matutino;Evadidos;Cancelada;Em fluxo;
2018;IFES;Campus Cachoeiro de Itapemirim;Educação Presencial;Técnico;Integrado;Técnico em Eletromecânica;Matutino;Evadidos;Desligada;Em fluxo;5
2018;IFES;Campus Cachoeiro de Itapemirim;Educação Presencial;Técnico;Integrado;Técnico em Eletromecânica;Matutino;Evadidos;Reprovado;Em fluxo;
2018;IFES;Campus Cachoeiro de Itapemirim;Educação Presencial;Técnico;Integrado;Técnico em Eletromecânica;Matutino;Evadidos;Transf. externa;Em fluxo;5
2018;IFES;Campus Cachoeiro de Itapemirim;Educação Presencial;Técnico;Integrado;Técnico em Eletromecânica;Vespertino;Concluintes;Concluída;Em fluxo;10
2018;IFES;Campus Cachoeiro de Itapemirim;Educação Presencial;Técnico;Integrado;Técnico em Eletromecânica;Vespertino;Concluintes;Integralizada;Em fluxo;
2018;IFES;Campus Cachoeiro de Itapemirim;Educação Presencial;Técnico;Integrado;Técnico em Eletromecânica;Vespertino;Em curso;Em curso;Em fluxo;73
2018;IFES;Campus Cachoeiro de Itapemirim;Educação Presencial;Técnico;Integrado;Técnico em Eletromecânica;Vespertino;Em curso;Em curso;Retido;3
2018;IFES;Campus Cachoeiro de Itapemirim;Educação Presencial;Técnico;Integrado;Técnico em Eletromecânica;Vespertino;Evadidos;Cancelada;Em fluxo;
2018;IFES;Campus Cachoeiro de Itapemirim;Educação Presencial;Técnico;Integrado;Técnico em Eletromecânica;Vespertino;Evadidos;Desligada;Em fluxo;2
2018;IFES;Campus Cachoeiro de Itapemirim;Educação Presencial;Técnico;Integrado;Técnico em Eletromecânica;Vespertino;Evadidos;Reprovado;Em fluxo;
2018;IFES;Campus Cachoeiro de Itapemirim;Educação Presencial;Técnico;Integrado;Técnico em Eletromecânica;Vespertino;Evadidos;Transf. externa;Em fluxo;3
2018;IFES;Campus Cachoeiro de Itapemirim;Educação Presencial;Técnico;Integrado;Técnico em Informática;Matutino;Concluintes;Concluída;Em fluxo;14
2018;IFES;Campus Cachoeiro de Itapemirim;Educação Presencial;Técnico;Integrado;Técnico em Informática;Matutino;Concluintes;Integralizada;Em fluxo;2
2018;IFES;Campus Cachoeiro de Itapemirim;Educação Presencial;Técnico;Integrado;Técnico em Informática;Matutino;Em curso;Em curso;Em fluxo;
2018;IFES;Campus Cachoeiro de Itapemirim;Educação Presencial;Técnico;Integrado;Técnico em Informática;Matutino;Em curso;Em curso;Retido;6
2018;IFES;Campus Cachoeiro de Itapemirim;Educação Presencial;Técnico;Integrado;Técnico em Informática;Matutino;Evadidos;Cancelada;Em fluxo;
2018;IFES;Campus Cachoeiro de Itapemirim;Educação Presencial;Técnico;Integrado;Técnico em Informática;Matutino;Evadidos;Desligada;Em fluxo;4
2018;IFES;Campus Cachoeiro de Itapemirim;Educação Presencial;Técnico;Integrado;Técnico em Informática;Matutino;Evadidos;Reprovado;Em fluxo;
2018;IFES;Campus Cachoeiro de Itapemirim;Educação Presencial;Técnico;Integrado;Técnico em Informática;Matutino;Evadidos;Transf. externa;Em fluxo;
2018;IFES;Campus Cachoeiro de Itapemirim;Educação Presencial;Técnico;Integrado;Técnico em Informática;Vespertino;Concluintes;Concluída;Em fluxo;4
2018;IFES;Campus Cachoeiro de Itapemirim;Educação Presencial;Técnico;Integrado;Técnico em Informática;Vespertino;Concluintes;Integralizada;Em fluxo;1
2018;IFES;Campus Cachoeiro de Itapemirim;Educação Presencial;Técnico;Integrado;Técnico em Informática;Vespertino;Em curso;Em curso;Em fluxo;112
2018;IFES;Campus Cachoeiro de Itapemirim;Educação Presencial;Técnico;Integrado;Técnico em Informática;Vespertino;Em curso;Em curso;Retido;
2018;IFES;Campus Cachoeiro de Itapemirim;Educação Presencial;Técnico;Integrado;Técnico em Informática;Vespertino;Evadidos;Cancelada;Em fluxo;
2018;IFES;Campus Cachoeiro de Itapemirim;Educação Presencial;Técnico;Integrado;Técnico em Informática;Vespertino;Evadidos;Desligada;Em fluxo;6
2018;IFES;Campus Cachoeiro de Itapemirim;Educação Presencial;Técnico;Integrado;Técnico em Informática;Vespertino;Evadidos;Reprovado;Em fluxo;
2018;IFES;Campus Cachoeiro de Itapemirim;Educação Presencial;Técnico;Integrado;Técnico em Informática;Vespertino;Evadidos;Transf. externa;Em fluxo;5
2018;IFES;Campus Cachoeiro de Itapemirim;Educação Presencial;Bacharelado;Não se aplica;Bacharelado em Sistemas de Informação;Integral;Concluintes;Concluída;Em fluxo;6
2018;IFES;Campus Cachoeiro de Itapemirim;Educação Presencial;Bacharelado;Não se aplica;Bacharelado em Sistemas de Informação;Integral;Concluintes;Integralizada;Em fluxo;
2018;IFES;Campus Cachoeiro de Itapemirim;Educação Presencial;Bacharelado;Não se aplica;Bacharelado em Sistemas de Informação;Integral;Em curso;Em curso;Em fluxo;109
2018;IFES;Campus Cachoeiro de Itapemirim;Educação Presencial;Bacharelado;Não se aplica;Bacharelado em Sistemas de Informação;Integral;Em curso;Em curso;Retido;14
2018;IFES;Campus Cachoeiro de Itapemirim;Educação Presencial;Bacharelado;Não se aplica;Bacharelado em Sistemas de Informação;Integral;Evadidos;Cancelada;Em fluxo;
2018;IFES;Campus Cachoeiro de Itapemirim;Educação Presencial;Bacharelado;Não se aplica;Bacharelado em Sistemas de Informação;Integral;Evadidos;Desligada;Em fluxo;14
2018;IFES;Campus Cachoeiro de Itapemirim;Educação Presencial;Bacharelado;Não se aplica;Bacharelado em Sistemas de Informação;Integral;Evadidos;Reprovado;Em fluxo;
2018;IFES;Campus Cachoeiro de Itapemirim;Educação Presencial;Bacharelado;Não se aplica;Bacharelado em Sistemas de Informação;Integral;Evadidos;Transf. externa;Em fluxo;3
2018;IFES;Campus Cachoeiro de Itapemirim;Educação Presencial;Bacharelado;Não se aplica;Engenharia de Minas;Integral;Concluintes;Concluída;Em fluxo;38
2018;IFES;Campus Cachoeiro de Itapemirim;Educação Presencial;Bacharelado;Não se aplica;Engenharia de Minas;Integral;Concluintes;Integralizada;Em fluxo;1
2018;IFES;Campus Cachoeiro de Itapemirim;Educação Presencial;Bacharelado;Não se aplica;Engenharia de Minas;Integral;Em curso;Em curso;Em fluxo;116
2018;IFES;Campus Cachoeiro de Itapemirim;Educação Presencial;Bacharelado;Não se aplica;Engenharia de Minas;Integral;Em curso;Em curso;Retido;33
2018;IFES;Campus Cachoeiro de Itapemirim;Educação Presencial;Bacharelado;Não se aplica;Engenharia de Minas;Integral;Evadidos;Cancelada;Em fluxo;
2018;IFES;Campus Cachoeiro de Itapemirim;Educação Presencial;Bacharelado;Não se aplica;Engenharia de Minas;Integral;Evadidos;Desligada;Em fluxo;24
2018;IFES;Campus Cachoeiro de Itapemirim;Educação Presencial;Bacharelado;Não se aplica;Engenharia de Minas;Integral;Evadidos;Reprovado;Em fluxo;
2018;IFES;Campus Cachoeiro de Itapemirim;Educação Presencial;Bacharelado;Não se aplica;Engenharia de Minas;Integral;Evadidos;Transf. externa;Em fluxo;
2018;IFES;Campus Cachoeiro de Itapemirim;Educação Presencial;Bacharelado;Não se aplica;Engenharia Mecânica;Integral;Concluintes;Concluída;Em fluxo;7
2018;IFES;Campus Cachoeiro de Itapemirim;Educação Presencial;Bacharelado;Não se aplica;Engenharia Mecânica;Integral;Concluintes;Integralizada;Em fluxo;
2018;IFES;Campus Cachoeiro de Itapemirim;Educação Presencial;Bacharelado;Não se aplica;Engenharia Mecânica;Integral;Em curso;Em curso;Em fluxo;124
2018;IFES;Campus Cachoeiro de Itapemirim;Educação Presencial;Bacharelado;Não se aplica;Engenharia Mecânica;Integral;Em curso;Em curso;Retido;7
2018;IFES;Campus Cachoeiro de Itapemirim;Educação Presencial;Bacharelado;Não se aplica;Engenharia Mecânica;Integral;Evadidos;Cancelada;Em fluxo;
2018;IFES;Campus Cachoeiro de Itapemirim;Educação Presencial;Bacharelado;Não se aplica;Engenharia Mecânica;Integral;Evadidos;Desligada;Em fluxo;30
2018;IFES;Campus Cachoeiro de Itapemirim;Educação Presencial;Bacharelado;Não se aplica;Engenharia Mecânica;Integral;Evadidos;Reprovado;Em fluxo;
2018;IFES;Campus Cachoeiro de Itapemirim;Educação Presencial;Bacharelado;Não se aplica;Engenharia Mecânica;Integral;Evadidos;Transf. externa;Em fluxo;3
2018;IFES;Campus Cachoeiro de Itapemirim;Educação Presencial;Licenciatura;Não se aplica;Licenciatura em Matemática;Noturno;Concluintes;Concluída;Em fluxo;23
2018;IFES;Campus Cachoeiro de Itapemirim;Educação Presencial;Licenciatura;Não se aplica;Licenciatura em Matemática;Noturno;Concluintes;Integralizada;Em fluxo;
2018;IFES;Campus Cachoeiro de Itapemirim;Educação Presencial;Licenciatura;Não se aplica;Licenciatura em Matemática;Noturno;Em curso;Em curso;Em fluxo;78
2018;IFES;Campus Cachoeiro de Itapemirim;Educação Presencial;Licenciatura;Não se aplica;Licenciatura em Matemática;Noturno;Em curso;Em curso;Retido;17
2018;IFES;Campus Cachoeiro de Itapemirim;Educação Presencial;Licenciatura;Não se aplica;Licenciatura em Matemática;Noturno;Evadidos;Cancelada;Em fluxo;
2018;IFES;Campus Cachoeiro de Itapemirim;Educação Presencial;Licenciatura;Não se aplica;Licenciatura em Matemática;Noturno;Evadidos;Desligada;Em fluxo;54
2018;IFES;Campus Cachoeiro de Itapemirim;Educação Presencial;Licenciatura;Não se aplica;Licenciatura em Matemática;Noturno;Evadidos;Reprovado;Em fluxo;
2018;IFES;Campus Cachoeiro de Itapemirim;Educação Presencial;Licenciatura;Não se aplica;Licenciatura em Matemática;Noturno;Evadidos;Transf. externa;Em fluxo;1
2018;IFES;Campus Cachoeiro de Itapemirim;Educação Presencial;Especialização (Lato Sensu);Não se aplica;Especialização - Recursos Naturais;Noturno;Concluintes;Concluída;Em fluxo;
2018;IFES;Campus Cachoeiro de Itapemirim;Educação Presencial;Especialização (Lato Sensu);Não se aplica;Especialização - Recursos Naturais;Noturno;Concluintes;Integralizada;Em fluxo;
2018;IFES;Campus Cachoeiro de Itapemirim;Educação Presencial;Especialização (Lato Sensu);Não se aplica;Especialização - Recursos Naturais;Noturno;Em curso;Em curso;Em fluxo;20
2018;IFES;Campus Cachoeiro de Itapemirim;Educação Presencial;Especialização (Lato Sensu);Não se aplica;Especialização - Recursos Naturais;Noturno;Em curso;Em curso;Retido;
2018;IFES;Campus Cachoeiro de Itapemirim;Educação Presencial;Especialização (Lato Sensu);Não se aplica;Especialização - Recursos Naturais;Noturno;Evadidos;Cancelada;Em fluxo;
2018;IFES;Campus Cachoeiro de Itapemirim;Educação Presencial;Especialização (Lato Sensu);Não se aplica;Especialização - Recursos Naturais;Noturno;Evadidos;Desligada;Em fluxo;1
2018;IFES;Campus Cachoeiro de Itapemirim;Educação Presencial;Especialização (Lato Sensu);Não se aplica;Especialização - Recursos Naturais;Noturno;Evadidos;Reprovado;Em fluxo;
2018;IFES;Campus Cachoeiro de Itapemirim;Educação Presencial;Especialização (Lato Sensu);Não se aplica;Especialização - Recursos Naturais;Noturno;Evadidos;Transf. externa;Em fluxo;
2017;IFES;Campus Cachoeiro de Itapemirim;Educação a Distância;Licenciatura;Não se aplica;Licenciatura em Informática;Não se aplica;Concluintes;Concluída;Em fluxo;38
2017;IFES;Campus Cachoeiro de Itapemirim;Educação a Distância;Licenciatura;Não se aplica;Licenciatura em Informática;Não se aplica;Concluintes;Integralizada;Em fluxo;2
2017;IFES;Campus Cachoeiro de Itapemirim;Educação a Distância;Licenciatura;Não se aplica;Licenciatura em Informática;Não se aplica;Em curso;Em curso;Em fluxo;418
2017;IFES;Campus Cachoeiro de Itapemirim;Educação a Distância;Licenciatura;Não se aplica;Licenciatura em Informática;Não se aplica;Em curso;Em curso;Retido;26
2017;IFES;Campus Cachoeiro de Itapemirim;Educação a Distância;Licenciatura;Não se aplica;Licenciatura em Informática;Não se aplica;Evadidos;Cancelada;Em fluxo;
2017;IFES;Campus Cachoeiro de Itapemirim;Educação a Distância;Licenciatura;Não se aplica;Licenciatura em Informática;Não se aplica;Evadidos;Desligada;Em fluxo;206
2017;IFES;Campus Cachoeiro de Itapemirim;Educação a Distância;Licenciatura;Não se aplica;Licenciatura em Informática;Não se aplica;Evadidos;Reprovado;Em fluxo;
2017;IFES;Campus Cachoeiro de Itapemirim;Educação a Distância;Licenciatura;Não se aplica;Licenciatura em Informática;Não se aplica;Evadidos;Transf. externa;Em fluxo;
2017;IFES;Campus Cachoeiro de Itapemirim;Educação Presencial;Qualificação Profissional (FIC);Não se aplica;Qualificação Profissional - Desenvolvimento Educacional e Social;Noturno;Concluintes;Concluída;Em fluxo;90
2017;IFES;Campus Cachoeiro de Itapemirim;Educação Presencial;Qualificação Profissional (FIC);Não se aplica;Qualificação Profissional - Desenvolvimento Educacional e Social;Noturno;Concluintes;Integralizada;Em fluxo;
2017;IFES;Campus Cachoeiro de Itapemirim;Educação Presencial;Qualificação Profissional (FIC);Não se aplica;Qualificação Profissional - Desenvolvimento Educacional e Social;Noturno;Em curso;Em curso;Em fluxo;
2017;IFES;Campus Cachoeiro de Itapemirim;Educação Presencial;Qualificação Profissional (FIC);Não se aplica;Qualificação Profissional - Desenvolvimento Educacional e Social;Noturno;Em curso;Em curso;Retido;
2017;IFES;Campus Cachoeiro de Itapemirim;Educação Presencial;Qualificação Profissional (FIC);Não se aplica;Qualificação Profissional - Desenvolvimento Educacional e Social;Noturno;Evadidos;Cancelada;Em fluxo;
2017;IFES;Campus Cachoeiro de Itapemirim;Educação Presencial;Qualificação Profissional (FIC);Não se aplica;Qualificação Profissional - Desenvolvimento Educacional e Social;Noturno;Evadidos;Desligada;Em fluxo;
2017;IFES;Campus Cachoeiro de Itapemirim;Educação Presencial;Qualificação Profissional (FIC);Não se aplica;Qualificação Profissional - Desenvolvimento Educacional e Social;Noturno;Evadidos;Reprovado;Em fluxo;138
2017;IFES;Campus Cachoeiro de Itapemirim;Educação Presencial;Qualificação Profissional (FIC);Não se aplica;Qualificação Profissional - Desenvolvimento Educacional e Social;Noturno;Evadidos;Transf. externa;Em fluxo;
2017;IFES;Campus Cachoeiro de Itapemirim;Educação Presencial;Técnico;Concomitante;Técnico em Eletromecânica;Noturno;Concluintes;Concluída;Em fluxo;27
2017;IFES;Campus Cachoeiro de Itapemirim;Educação Presencial;Técnico;Concomitante;Técnico em Eletromecânica;Noturno;Concluintes;Integralizada;Em fluxo;
2017;IFES;Campus Cachoeiro de Itapemirim;Educação Presencial;Técnico;Concomitante;Técnico em Eletromecânica;Noturno;Em curso;Em curso;Em fluxo;72
2017;IFES;Campus Cachoeiro de Itapemirim;Educação Presencial;Técnico;Concomitante;Técnico em Eletromecânica;Noturno;Em curso;Em curso;Retido;47
2017;IFES;Campus Cachoeiro de Itapemirim;Educação Presencial;Técnico;Concomitante;Técnico em Eletromecânica;Noturno;Evadidos;Cancelada;Em fluxo;1
2017;IFES;Campus Cachoeiro de Itapemirim;Educação Presencial;Técnico;Concomitante;Técnico em Eletromecânica;Noturno;Evadidos;Desligada;Em fluxo;61
2017;IFES;Campus Cachoeiro de Itapemirim;Educação Presencial;Técnico;Concomitante;Técnico em Eletromecânica;Noturno;Evadidos;Reprovado;Em fluxo;
2017;IFES;Campus Cachoeiro de Itapemirim;Educação Presencial;Técnico;Concomitante;Técnico em Eletromecânica;Noturno;Evadidos;Transf. externa;Em fluxo;1
2017;IFES;Campus Cachoeiro de Itapemirim;Educação Presencial;Técnico;Concomitante;Técnico em Informática;Noturno;Concluintes;Concluída;Em fluxo;3
2017;IFES;Campus Cachoeiro de Itapemirim;Educação Presencial;Técnico;Concomitante;Técnico em Informática;Noturno;Concluintes;Integralizada;Em fluxo;9
2017;IFES;Campus Cachoeiro de Itapemirim;Educação Presencial;Técnico;Concomitante;Técnico em Informática;Noturno;Em curso;Em curso;Em fluxo;70
2017;IFES;Campus Cachoeiro de Itapemirim;Educação Presencial;Técnico;Concomitante;Técnico em Informática;Noturno;Em curso;Em curso;Retido;15
2017;IFES;Campus Cachoeiro de Itapemirim;Educação Presencial;Técnico;Concomitante;Técnico em Informática;Noturno;Evadidos;Cancelada;Em fluxo;
2017;IFES;Campus Cachoeiro de Itapemirim;Educação Presencial;Técnico;Concomitante;Técnico em Informática;Noturno;Evadidos;Desligada;Em fluxo;58
2017;IFES;Campus Cachoeiro de Itapemirim;Educação Presencial;Técnico;Concomitante;Técnico em Informática;Noturno;Evadidos;Reprovado;Em fluxo;
2017;IFES;Campus Cachoeiro de Itapemirim;Educação Presencial;Técnico;Concomitante;Técnico em Informática;Noturno;Evadidos;Transf. externa;Em fluxo;
2017;IFES;Campus Cachoeiro de Itapemirim;Educação Presencial;Técnico;Concomitante;Técnico em Mineração;Noturno;Concluintes;Concluída;Em fluxo;26
2017;IFES;Campus Cachoeiro de Itapemirim;Educação Presencial;Técnico;Concomitante;Técnico em Mineração;Noturno;Concluintes;Integralizada;Em fluxo;
2017;IFES;Campus Cachoeiro de Itapemirim;Educação Presencial;Técnico;Concomitante;Técnico em Mineração;Noturno;Em curso;Em curso;Em fluxo;68
2017;IFES;Campus Cachoeiro de Itapemirim;Educação Presencial;Técnico;Concomitante;Técnico em Mineração;Noturno;Em curso;Em curso;Retido;42
2017;IFES;Campus Cachoeiro de Itapemirim;Educação Presencial;Técnico;Concomitante;Técnico em Mineração;Noturno;Evadidos;Cancelada;Em fluxo;
2017;IFES;Campus Cachoeiro de Itapemirim;Educação Presencial;Técnico;Concomitante;Técnico em Mineração;Noturno;Evadidos;Desligada;Em fluxo;71
2017;IFES;Campus Cachoeiro de Itapemirim;Educação Presencial;Técnico;Concomitante;Técnico em Mineração;Noturno;Evadidos;Reprovado;Em fluxo;
2017;IFES;Campus Cachoeiro de Itapemirim;Educação Presencial;Técnico;Concomitante;Técnico em Mineração;Noturno;Evadidos;Transf. externa;Em fluxo;
2017;IFES;Campus Cachoeiro de Itapemirim;Educação Presencial;Técnico;Integrado;Técnico em Eletromecânica;Matutino;Concluintes;Concluída;Em fluxo;18
2017;IFES;Campus Cachoeiro de Itapemirim;Educação Presencial;Técnico;Integrado;Técnico em Eletromecânica;Matutino;Concluintes;Integralizada;Em fluxo;4
2017;IFES;Campus Cachoeiro de Itapemirim;Educação Presencial;Técnico;Integrado;Técnico em Eletromecânica;Matutino;Em curso;Em curso;Em fluxo;35
2017;IFES;Campus Cachoeiro de Itapemirim;Educação Presencial;Técnico;Integrado;Técnico em Eletromecânica;Matutino;Em curso;Em curso;Retido;5
2017;IFES;Campus Cachoeiro de Itapemirim;Educação Presencial;Técnico;Integrado;Técnico em Eletromecânica;Matutino;Evadidos;Cancelada;Em fluxo;
2017;IFES;Campus Cachoeiro de Itapemirim;Educação Presencial;Técnico;Integrado;Técnico em Eletromecânica;Matutino;Evadidos;Desligada;Em fluxo;5
2017;IFES;Campus Cachoeiro de Itapemirim;Educação Presencial;Técnico;Integrado;Técnico em Eletromecânica;Matutino;Evadidos;Reprovado;Em fluxo;
2017;IFES;Campus Cachoeiro de Itapemirim;Educação Presencial;Técnico;Integrado;Técnico em Eletromecânica;Matutino;Evadidos;Transf. externa;Em fluxo;5
2017;IFES;Campus Cachoeiro de Itapemirim;Educação Presencial;Técnico;Integrado;Técnico em Eletromecânica;Vespertino;Concluintes;Concluída;Em fluxo;10
2017;IFES;Campus Cachoeiro de Itapemirim;Educação Presencial;Técnico;Integrado;Técnico em Eletromecânica;Vespertino;Concluintes;Integralizada;Em fluxo;
2017;IFES;Campus Cachoeiro de Itapemirim;Educação Presencial;Técnico;Integrado;Técnico em Eletromecânica;Vespertino;Em curso;Em curso;Em fluxo;73
2017;IFES;Campus Cachoeiro de Itapemirim;Educação Presencial;Técnico;Integrado;Técnico em Eletromecânica;Vespertino;Em curso;Em curso;Retido;3
2017;IFES;Campus Cachoeiro de Itapemirim;Educação Presencial;Técnico;Integrado;Técnico em Eletromecânica;Vespertino;Evadidos;Cancelada;Em fluxo;
2017;IFES;Campus Cachoeiro de Itapemirim;Educação Presencial;Técnico;Integrado;Técnico em Eletromecânica;Vespertino;Evadidos;Desligada;Em fluxo;2
2017;IFES;Campus Cachoeiro de Itapemirim;Educação Presencial;Técnico;Integrado;Técnico em Eletromecânica;Vespertino;Evadidos;Reprovado;Em fluxo;
2017;IFES;Campus Cachoeiro de Itapemirim;Educação Presencial;Técnico;Integrado;Técnico em Eletromecânica;Vespertino;Evadidos;Transf. externa;Em fluxo;3
2017;IFES;Campus Cachoeiro de Itapemirim;Educação Presencial;Técnico;Integrado;Técnico em Informática;Matutino;Concluintes;Concluída;Em fluxo;14
2017;IFES;Campus Cachoeiro de Itapemirim;Educação Presencial;Técnico;Integrado;Técnico em Informática;Matutino;Concluintes;Integralizada;Em fluxo;2
2017;IFES;Campus Cachoeiro de Itapemirim;Educação Presencial;Técnico;Integrado;Técnico em Informática;Matutino;Em curso;Em curso;Em fluxo;
2017;IFES;Campus Cachoeiro de Itapemirim;Educação Presencial;Técnico;Integrado;Técnico em Informática;Matutino;Em curso;Em curso;Retido;6
2017;IFES;Campus Cachoeiro de Itapemirim;Educação Presencial;Técnico;Integrado;Técnico em Informática;Matutino;Evadidos;Cancelada;Em fluxo;
2017;IFES;Campus Cachoeiro de Itapemirim;Educação Presencial;Técnico;Integrado;Técnico em Informática;Matutino;Evadidos;Desligada;Em fluxo;4
2017;IFES;Campus Cachoeiro de Itapemirim;Educação Presencial;Técnico;Integrado;Técnico em Informática;Matutino;Evadidos;Reprovado;Em fluxo;
2017;IFES;Campus Cachoeiro de Itapemirim;Educação Presencial;Técnico;Integrado;Técnico em Informática;Matutino;Evadidos;Transf. externa;Em fluxo;
2017;IFES;Campus Cachoeiro de Itapemirim;Educação Presencial;Técnico;Integrado;Técnico em Informática;Vespertino;Concluintes;Concluída;Em fluxo;4
2017;IFES;Campus Cachoeiro de Itapemirim;Educação Presencial;Técnico;Integrado;Técnico em Informática;Vespertino;Concluintes;Integralizada;Em fluxo;1
2017;IFES;Campus Cachoeiro de Itapemirim;Educação Presencial;Técnico;Integrado;Técnico em Informática;Vespertino;Em curso;Em curso;Em fluxo;112
2017;IFES;Campus Cachoeiro de Itapemirim;Educação Presencial;Técnico;Integrado;Técnico em Informática;Vespertino;Em curso;Em curso;Retido;
2017;IFES;Campus Cachoeiro de Itapemirim;Educação Presencial;Técnico;Integrado;Técnico em Informática;Vespertino;Evadidos;Cancelada;Em fluxo;
2017;IFES;Campus Cachoeiro de Itapemirim;Educação Presencial;Técnico;Integrado;Técnico em Informática;Vespertino;Evadidos;Desligada;Em fluxo;6
2017;IFES;Campus Cachoeiro de Itapemirim;Educação Presencial;Técnico;Integrado;Técnico em Informática;Vespertino;Evadidos;Reprovado;Em fluxo;
2017;IFES;Campus Cachoeiro de Itapemirim;Educação Presencial;Técnico;Integrado;Técnico em Informática;Vespertino;Evadidos;Transf. externa;Em fluxo;5
2017;IFES;Campus Cachoeiro de Itapemirim;Educação Presencial;Bacharelado;Não se aplica;Bacharelado em Sistemas de Informação;Integral;Concluintes;Concluída;Em fluxo;6
2017;IFES;Campus Cachoeiro de Itapemirim;Educação Presencial;Bacharelado;Não se aplica;Bacharelado em Sistemas de Informação;Integral;Concluintes;Integralizada;Em fluxo;
2017;IFES;Campus Cachoeiro de Itapemirim;Educação Presencial;Bacharelado;Não se aplica;Bacharelado em Sistemas de Informação;Integral;Em curso;Em curso;Em fluxo;109
2017;IFES;Campus Cachoeiro de Itapemirim;Educação Presencial;Bacharelado;Não se aplica;Bacharelado em Sistemas de Informação;Integral;Em curso;Em curso;Retido;14
2017;IFES;Campus Cachoeiro de Itapemirim;Educação Presencial;Bacharelado;Não se aplica;Bacharelado em Sistemas de Informação;Integral;Evadidos;Cancelada;Em fluxo;
2017;IFES;Campus Cachoeiro de Itapemirim;Educação Presencial;Bacharelado;Não se aplica;Bacharelado em Sistemas de Informação;Integral;Evadidos;Desligada;Em fluxo;14
2017;IFES;Campus Cachoeiro de Itapemirim;Educação Presencial;Bacharelado;Não se aplica;Bacharelado em Sistemas de Informação;Integral;Evadidos;Reprovado;Em fluxo;
2017;IFES;Campus Cachoeiro de Itapemirim;Educação Presencial;Bacharelado;Não se aplica;Bacharelado em Sistemas de Informação;Integral;Evadidos;Transf. externa;Em fluxo;3
2017;IFES;Campus Cachoeiro de Itapemirim;Educação Presencial;Bacharelado;Não se aplica;Engenharia de Minas;Integral;Concluintes;Concluída;Em fluxo;38
2017;IFES;Campus Cachoeiro de Itapemirim;Educação Presencial;Bacharelado;Não se aplica;Engenharia de Minas;Integral;Concluintes;Integralizada;Em fluxo;1
2017;IFES;Campus Cachoeiro de Itapemirim;Educação Presencial;Bacharelado;Não se aplica;Engenharia de Minas;Integral;Em curso;Em curso;Em fluxo;116
2017;IFES;Campus Cachoeiro de Itapemirim;Educação Presencial;Bacharelado;Não se aplica;Engenharia de Minas;Integral;Em curso;Em curso;Retido;33
2017;IFES;Campus Cachoeiro de Itapemirim;Educação Presencial;Bacharelado;Não se aplica;Engenharia de Minas;Integral;Evadidos;Cancelada;Em fluxo;
2017;IFES;Campus Cachoeiro de Itapemirim;Educação Presencial;Bacharelado;Não se aplica;Engenharia de Minas;Integral;Evadidos;Desligada;Em fluxo;24
2017;IFES;Campus Cachoeiro de Itapemirim;Educação Presencial;Bacharelado;Não se aplica;Engenharia de Minas;Integral;Evadidos;Reprovado;Em fluxo;
2017;IFES;Campus Cachoeiro de Itapemirim;Educação Presencial;Bacharelado;Não se aplica;Engenharia de Minas;Integral;Evadidos;Transf. externa;Em fluxo;
2017;IFES;Campus Cachoeiro de Itapemirim;Educação Presencial;Bacharelado;Não se aplica;Engenharia Mecânica;Integral;Concluintes;Concluída;Em fluxo;7
2017;IFES;Campus Cachoeiro de Itapemirim;Educação Presencial;Bacharelado;Não se aplica;Engenharia Mecânica;Integral;Concluintes;Integralizada;Em fluxo;
2017;IFES;Campus Cachoeiro de Itapemirim;Educação Presencial;Bacharelado;Não se aplica;Engenharia Mecânica;Integral;Em curso;Em curso;Em fluxo;124
2017;IFES;Campus Cachoeiro de Itapemirim;Educação Presencial;Bacharelado;Não se aplica;Engenharia Mecânica;Integral;Em curso;Em curso;Retido;7
2017;IFES;Campus Cachoeiro de Itapemirim;Educação Presencial;Bacharelado;Não se aplica;Engenharia Mecânica;Integral;Evadidos;Cancelada;Em fluxo;
2017;IFES;Campus Cachoeiro de Itapemirim;Educação Presencial;Bacharelado;Não se aplica;Engenharia Mecânica;Integral;Evadidos;Desligada;Em fluxo;30
2017;IFES;Campus Cachoeiro de Itapemirim;Educação Presencial;Bacharelado;Não se aplica;Engenharia Mecânica;Integral;Evadidos;Reprovado;Em fluxo;
2017;IFES;Campus Cachoeiro de Itapemirim;Educação Presencial;Bacharelado;Não se aplica;Engenharia Mecânica;Integral;Evadidos;Transf. externa;Em fluxo;3
2017;IFES;Campus Cachoeiro de Itapemirim;Educação Presencial;Licenciatura;Não se aplica;Licenciatura em Matemática;Noturno;Concluintes;Concluída;Em fluxo;23
2017;IFES;Campus Cachoeiro de Itapemirim;Educação Presencial;Licenciatura;Não se aplica;Licenciatura em Matemática;Noturno;Concluintes;Integralizada;Em fluxo;
2017;IFES;Campus Cachoeiro de Itapemirim;Educação Presencial;Licenciatura;Não se aplica;Licenciatura em Matemática;Noturno;Em curso;Em curso;Em fluxo;78
2017;IFES;Campus Cachoeiro de Itapemirim;Educação Presencial;Licenciatura;Não se aplica;Licenciatura em Matemática;Noturno;Em curso;Em curso;Retido;17
2017;IFES;Campus Cachoeiro de Itapemirim;Educação Presencial;Licenciatura;Não se aplica;Licenciatura em Matemática;Noturno;Evadidos;Cancelada;Em fluxo;
2017;IFES;Campus Cachoeiro de Itapemirim;Educação Presencial;Licenciatura;Não se aplica;Licenciatura em Matemática;Noturno;Evadidos;Desligada;Em fluxo;54
2017;IFES;Campus Cachoeiro de Itapemirim;Educação Presencial;Licenciatura;Não se aplica;Licenciatura em Matemática;Noturno;Evadidos;Reprovado;Em fluxo;
2017;IFES;Campus Cachoeiro de Itapemirim;Educação Presencial;Licenciatura;Não se aplica;Licenciatura em Matemática;Noturno;Evadidos;Transf. externa;Em fluxo;1
2017;IFES;Campus Cachoeiro de Itapemirim;Educação Presencial;Especialização (Lato Sensu);Não se aplica;Especialização - Recursos Naturais;Noturno;Concluintes;Concluída;Em fluxo;
2017;IFES;Campus Cachoeiro de Itapemirim;Educação Presencial;Especialização (Lato Sensu);Não se aplica;Especialização - Recursos Naturais;Noturno;Concluintes;Integralizada;Em fluxo;
2017;IFES;Campus Cachoeiro de Itapemirim;Educação Presencial;Especialização (Lato Sensu);Não se aplica;Especialização - Recursos Naturais;Noturno;Em curso;Em curso;Em fluxo;20
2017;IFES;Campus Cachoeiro de Itapemirim;Educação Presencial;Especialização (Lato Sensu);Não se aplica;Especialização - Recursos Naturais;Noturno;Em curso;Em curso;Retido;
2017;IFES;Campus Cachoeiro de Itapemirim;Educação Presencial;Especialização (Lato Sensu);Não se aplica;Especialização - Recursos Naturais;Noturno;Evadidos;Cancelada;Em fluxo;
2017;IFES;Campus Cachoeiro de Itapemirim;Educação Presencial;Especialização (Lato Sensu);Não se aplica;Especialização - Recursos Naturais;Noturno;Evadidos;Desligada;Em fluxo;1
2017;IFES;Campus Cachoeiro de Itapemirim;Educação Presencial;Especialização (Lato Sensu);Não se aplica;Especialização - Recursos Naturais;Noturno;Evadidos;Reprovado;Em fluxo;
2017;IFES;Campus Cachoeiro de Itapemirim;Educação Presencial;Especialização (Lato Sensu);Não se aplica;Especialização - Recursos Naturais;Noturno;Evadidos;Transf. externa;Em fluxo;